{
"type": "FeatureCollection",
"name": "forli_mph_flood_hazard",
"crs": { "type": "name", "properties": { "name": "urn:ogc:def:crs:OGC:1.3:CRS84" } },
"features": [
{ "type": "Feature", "properties": { "fid": 1, "scenario": "Pericolosita' idraulica media - MediumProbabilityHazard" }, "geometry": { "type": "MultiPolygon", "coordinates": [ [ [ [ 12.017679341224589, 44.186800754904255 ], [ 12.017596707019653, 44.186743252788141 ], [ 12.017582903765664, 44.186753522098442 ], [ 12.01756772308234, 44.186774149876342 ], [ 12.017507698389119, 44.186840036617674 ], [ 12.017436089744262, 44.186922410458408 ], [ 12.017407226955719, 44.186955613788761 ], [ 12.017516878824772, 44.187020041047155 ], [ 12.017692873333898, 44.187120128402199 ], [ 12.017915840340189, 44.187279401497385 ], [ 12.018010281043839, 44.187366918669021 ], [ 12.018294505158664, 44.187646590607415 ], [ 12.018489102950314, 44.187746692286161 ], [ 12.01890239713256, 44.187915664679238 ], [ 12.0191023233425, 44.187979034223787 ], [ 12.019257849863395, 44.188036300219729 ], [ 12.019369585592065, 44.188101845114112 ], [ 12.019389614153233, 44.188144427851128 ], [ 12.019368624576476, 44.188240433465651 ], [ 12.019355463475383, 44.188283981439746 ], [ 12.019371371195119, 44.188294197956225 ], [ 12.019384089302418, 44.188303047591099 ], [ 12.019439788331841, 44.188330129683045 ], [ 12.019512136436074, 44.188371871411469 ], [ 12.019518245472831, 44.188434860004136 ], [ 12.019502887138403, 44.188517967632187 ], [ 12.019534404040906, 44.188730015447419 ], [ 12.019604758610503, 44.188861887468178 ], [ 12.019589259920451, 44.189032959294423 ], [ 12.019654914169335, 44.189215800677225 ], [ 12.019776564734718, 44.189316432094692 ], [ 12.019779278797614, 44.189435849797306 ], [ 12.019782639580106, 44.189478110440447 ], [ 12.01973572265822, 44.189617174867855 ], [ 12.019660640569818, 44.189787003614356 ], [ 12.019596510106599, 44.189982621138803 ], [ 12.019600816424063, 44.190172113437995 ], [ 12.019608710823968, 44.190347490830291 ], [ 12.019598360322318, 44.190449368692541 ], [ 12.019586657679262, 44.190548386861643 ], [ 12.019562375011279, 44.190596459376778 ], [ 12.019577842183216, 44.190790925155198 ], [ 12.019565452678208, 44.190872869624556 ], [ 12.019556893626053, 44.190945299155679 ], [ 12.019538458779655, 44.190989258374941 ], [ 12.019663774194003, 44.191135493366517 ], [ 12.019730351271578, 44.191156594825365 ], [ 12.019800098051709, 44.191180154216738 ], [ 12.019895553041311, 44.191204364542529 ], [ 12.019984614371715, 44.191240071230844 ], [ 12.020079898561159, 44.191277429299376 ], [ 12.020126176500911, 44.191364164641485 ], [ 12.020109731377911, 44.191479833642596 ], [ 12.020051539330142, 44.191635419043592 ], [ 12.019908109160935, 44.191825126711542 ], [ 12.0197592657359, 44.192177319768511 ], [ 12.019785797094089, 44.192252753394641 ], [ 12.019927661553943, 44.192415771423377 ], [ 12.019875293096698, 44.192537254857669 ], [ 12.019782799640705, 44.19261312006126 ], [ 12.019681856729916, 44.192671535044241 ], [ 12.019582451841321, 44.192718282904821 ], [ 12.019443627397212, 44.192774476766886 ], [ 12.019365229420821, 44.192795103312442 ], [ 12.019258646718143, 44.192835766671074 ], [ 12.019073824615816, 44.192916795250127 ], [ 12.018916453157395, 44.193004813678499 ], [ 12.018683845600012, 44.193124708535422 ], [ 12.018526097464578, 44.193297927904943 ], [ 12.018506884531755, 44.193521681973472 ], [ 12.01865202826275, 44.193738330099279 ], [ 12.018708936390766, 44.193837276255749 ], [ 12.018611961001952, 44.194012774323454 ], [ 12.018466641593831, 44.194284930885722 ], [ 12.018259783183339, 44.194582832644386 ], [ 12.018110275261728, 44.194855098981698 ], [ 12.017848827034829, 44.195232827114474 ], [ 12.017823687981654, 44.195314890280819 ], [ 12.017859471371802, 44.195359163745785 ], [ 12.018160389347573, 44.195507966790565 ], [ 12.019227537456171, 44.196191866156681 ], [ 12.019297198310101, 44.196133747432739 ], [ 12.019378241739302, 44.195068540755628 ], [ 12.019451901389793, 44.194777504177104 ], [ 12.019486029095269, 44.194581289448109 ], [ 12.019548810901474, 44.194418395306421 ], [ 12.019541893959351, 44.194156573740301 ], [ 12.01940199950573, 44.193899823450828 ], [ 12.019361219043841, 44.193832689524733 ], [ 12.019336923956624, 44.193693700735722 ], [ 12.019384704132532, 44.19351116012038 ], [ 12.019478124739813, 44.193284961090711 ], [ 12.019516659884166, 44.19315160887674 ], [ 12.019743410175803, 44.192903361403445 ], [ 12.019778216695507, 44.192871213667317 ], [ 12.019800641902251, 44.192840947370094 ], [ 12.019848701483751, 44.192788902943533 ], [ 12.020167829185146, 44.192604285341581 ], [ 12.020558431630466, 44.19247919106283 ], [ 12.020645965733815, 44.19230349602001 ], [ 12.020652048457627, 44.192294116672109 ], [ 12.020668792130548, 44.192257680057232 ], [ 12.020798941955622, 44.19199644669925 ], [ 12.020798376319972, 44.191981115472601 ], [ 12.020798309990283, 44.19196867678145 ], [ 12.020769055080967, 44.191894328567628 ], [ 12.020765767933321, 44.191831498069625 ], [ 12.020779994141947, 44.191685445744589 ], [ 12.020781185574682, 44.191642108548912 ], [ 12.020791123559407, 44.191596651210531 ], [ 12.020812936377496, 44.191563218254657 ], [ 12.020830448053493, 44.191521459160732 ], [ 12.020792596273514, 44.191380724764009 ], [ 12.020773446867608, 44.191246009387648 ], [ 12.020706590788508, 44.191166935318591 ], [ 12.02059421045203, 44.191028573359844 ], [ 12.02056156927641, 44.19101754747647 ], [ 12.020523032671877, 44.191005333799211 ], [ 12.020485218000932, 44.190992561122698 ], [ 12.020459527357003, 44.190984418345032 ], [ 12.020357506788725, 44.190941925999859 ], [ 12.020145586530923, 44.190917942219443 ], [ 12.02007495532713, 44.190848603552972 ], [ 12.020111456522461, 44.190707877362719 ], [ 12.020099329347111, 44.190555408297499 ], [ 12.020109395111168, 44.190460727112431 ], [ 12.020118528250435, 44.190391880544333 ], [ 12.02009208648184, 44.190298932269322 ], [ 12.020074811651096, 44.190243893929875 ], [ 12.020040068599828, 44.190177179215993 ], [ 12.020011378105151, 44.190134582356805 ], [ 12.019973326068932, 44.19009743663252 ], [ 12.019907946230406, 44.189950023758563 ], [ 12.019916739921117, 44.189791975575645 ], [ 12.019931277237196, 44.189702000418357 ], [ 12.019939836944758, 44.18962957166827 ], [ 12.019967888924821, 44.189444005400098 ], [ 12.019959073979864, 44.189282568115871 ], [ 12.019944291917716, 44.189254181719967 ], [ 12.019888553102822, 44.189183277820526 ], [ 12.019799968072924, 44.189086208860211 ], [ 12.019767694350653, 44.189027053874533 ], [ 12.019763195453912, 44.188829116352785 ], [ 12.019713350305871, 44.188731026985209 ], [ 12.019698442669608, 44.188697416727962 ], [ 12.019655468427478, 44.188586917592943 ], [ 12.019663521822752, 44.188372266261666 ], [ 12.01966737823756, 44.188314783351949 ], [ 12.019712907156437, 44.188272281607979 ], [ 12.019827091705089, 44.188187317155617 ], [ 12.019904776100072, 44.188118682410959 ], [ 12.019887767648072, 44.187996657181699 ], [ 12.019799897738251, 44.187895709329347 ], [ 12.019726163199163, 44.187870800434446 ], [ 12.019649413530265, 44.187863883583177 ], [ 12.019611250888675, 44.187846708471589 ], [ 12.019572607023134, 44.187829906299164 ], [ 12.019509748548609, 44.187798136293203 ], [ 12.01940741907419, 44.187780262026905 ], [ 12.019295090899812, 44.18772652548337 ], [ 12.019213545593344, 44.187709842852186 ], [ 12.019032503016717, 44.187641064267986 ], [ 12.018654227071648, 44.187506159990996 ], [ 12.018517818885046, 44.187441715623251 ], [ 12.018435776960725, 44.187373844827626 ], [ 12.018396695581414, 44.187338687077009 ], [ 12.01825258542682, 44.187216642686998 ], [ 12.018071636063652, 44.187062413409585 ], [ 12.017890450104996, 44.186936334319455 ], [ 12.017679341224589, 44.186800754904255 ] ] ] ] } },
{ "type": "Feature", "properties": { "fid": 2, "scenario": "Pericolosita' idraulica media - MediumProbabilityHazard" }, "geometry": { "type": "MultiPolygon", "coordinates": [ [ [ [ 12.017097448689343, 44.199791318957978 ], [ 12.017050141020354, 44.199665176566356 ], [ 12.016936316036062, 44.199570191967084 ], [ 12.016756031778792, 44.199310373791903 ], [ 12.016607582291323, 44.199017863115763 ], [ 12.016375635224776, 44.198877004362409 ], [ 12.016258512008706, 44.198865695505994 ], [ 12.016193244181924, 44.1988305593893 ], [ 12.01617361319304, 44.198793945438865 ], [ 12.016212864719337, 44.198744348753422 ], [ 12.016267178341046, 44.198718350073555 ], [ 12.0164803326787, 44.198649187905495 ], [ 12.016665030328463, 44.198580861382723 ], [ 12.016824958065211, 44.198406708482395 ], [ 12.01693358316046, 44.198222644758744 ], [ 12.016966336346556, 44.198081389133705 ], [ 12.016964489620149, 44.197999998614442 ], [ 12.016962488535739, 44.197974820317569 ], [ 12.016974260551512, 44.197920992853696 ], [ 12.017034157505334, 44.197852103636706 ], [ 12.017190932525542, 44.197638487643943 ], [ 12.017366241308526, 44.197539187210332 ], [ 12.01760507571989, 44.197419263217235 ], [ 12.017635400097976, 44.197372242157641 ], [ 12.017332952870275, 44.197301996198135 ], [ 12.017264959076503, 44.197284309297608 ], [ 12.017213081320111, 44.197264598173795 ], [ 12.017181732606042, 44.19729158847786 ], [ 12.017131154997831, 44.197435688373709 ], [ 12.01700912609993, 44.197606748811729 ], [ 12.016816209470083, 44.197796945823683 ], [ 12.016744183030632, 44.197861690044 ], [ 12.016694307240058, 44.198016771536771 ], [ 12.016611654724302, 44.198176659641121 ], [ 12.016484868953675, 44.198315797757822 ], [ 12.016375122075788, 44.198373660432019 ], [ 12.016262294439796, 44.198425969667241 ], [ 12.016090365764116, 44.198536187967456 ], [ 12.01598189377115, 44.198583908562483 ], [ 12.015916622962363, 44.198601076955342 ], [ 12.015789608151032, 44.19867416322743 ], [ 12.015789498648008, 44.198824913836091 ], [ 12.015857539686687, 44.198956784649496 ], [ 12.015964739890762, 44.199016839496359 ], [ 12.016010960743177, 44.199133531747869 ], [ 12.015979752962801, 44.199277720453559 ], [ 12.015968157574282, 44.19942832723757 ], [ 12.015914219835164, 44.199630924556416 ], [ 12.015940063586648, 44.199752476126314 ], [ 12.015822629910307, 44.199738042298868 ], [ 12.015432395027961, 44.199827594616508 ], [ 12.015224556665183, 44.199818278621663 ], [ 12.015127039473256, 44.19971956032191 ], [ 12.015146506304776, 44.199647993227579 ], [ 12.015182396858378, 44.199494065188304 ], [ 12.015164813775122, 44.199205348386045 ], [ 12.015098741861621, 44.199109423376584 ], [ 12.014852977551755, 44.198984172978264 ], [ 12.014646224491557, 44.198947275551731 ], [ 12.014540966127301, 44.198843169687365 ], [ 12.014465225808891, 44.198620517063965 ], [ 12.014427637466886, 44.198483341479019 ], [ 12.014349093349932, 44.198359056264131 ], [ 12.014284057552699, 44.198185836834341 ], [ 12.014167699132809, 44.198017495874055 ], [ 12.013989480088718, 44.197989060638811 ], [ 12.013730481458287, 44.198036505720736 ], [ 12.01353240862284, 44.198120871085145 ], [ 12.013404843342768, 44.198137187603528 ], [ 12.013234013193042, 44.198051384338868 ], [ 12.013052463028535, 44.198006464763573 ], [ 12.012858006912319, 44.198015329778805 ], [ 12.012540857629427, 44.197891960128779 ], [ 12.012043199083914, 44.197632390758656 ], [ 12.011334325826953, 44.197255141839719 ], [ 12.011122769632989, 44.197130844483979 ], [ 12.010932720869492, 44.196619023569696 ], [ 12.010893405593695, 44.196398929083337 ], [ 12.010890108789994, 44.196229567040753 ], [ 12.010791762257327, 44.196114295201809 ], [ 12.010525359374641, 44.196016302328609 ], [ 12.010264130253494, 44.195880263485556 ], [ 12.009983310275498, 44.1956039830308 ], [ 12.009872357054691, 44.195304057549748 ], [ 12.009819709618681, 44.195275928787616 ], [ 12.00936428526037, 44.195188513559486 ], [ 12.008884276302554, 44.195072227363731 ], [ 12.008735580463332, 44.195022704783405 ], [ 12.008734837676181, 44.19491034584312 ], [ 12.008772518010533, 44.194840164324766 ], [ 12.008792660446026, 44.194732846901623 ], [ 12.008638855197781, 44.19463187906986 ], [ 12.008437094677388, 44.194594838397563 ], [ 12.00816156893422, 44.1945689619617 ], [ 12.008118011251392, 44.194531351305187 ], [ 12.008070428211088, 44.194490265911256 ], [ 12.008142136531776, 44.19434098854412 ], [ 12.008195340385582, 44.194177490730404 ], [ 12.008381210515903, 44.19409107390134 ], [ 12.008472576241195, 44.194020511518971 ], [ 12.008514398034098, 44.193884968366447 ], [ 12.008534024016631, 44.193718627887506 ], [ 12.008578841031904, 44.193641938780154 ], [ 12.008723693644756, 44.193616057490345 ], [ 12.008936186917555, 44.193717236319678 ], [ 12.009001520104006, 44.193840839126551 ], [ 12.00907808860401, 44.19388480575595 ], [ 12.009700833031882, 44.193884947391069 ], [ 12.009842899653645, 44.193832310786668 ], [ 12.009885935215349, 44.193720660724793 ], [ 12.010004555520101, 44.193682522580488 ], [ 12.010367857132476, 44.19382581033954 ], [ 12.010494924692091, 44.193855704113105 ], [ 12.010614014700966, 44.193826769957198 ], [ 12.011178664725607, 44.193391867858033 ], [ 12.011295452044568, 44.19326894862651 ], [ 12.011436658274814, 44.193136684314211 ], [ 12.011774352479561, 44.192924139089826 ], [ 12.011939976189726, 44.192818086947305 ], [ 12.012084195730331, 44.192741923818133 ], [ 12.012143419060157, 44.192457447304903 ], [ 12.012185431080061, 44.192386190547538 ], [ 12.012215034380615, 44.192291030969962 ], [ 12.012245265151398, 44.192156870325142 ], [ 12.012306454779718, 44.19200463536778 ], [ 12.012274937288069, 44.191902617957211 ], [ 12.01202719534162, 44.1917590193503 ], [ 12.011978365046806, 44.191644331455947 ], [ 12.011846111034124, 44.191448414568427 ], [ 12.011757097933023, 44.191289102456828 ], [ 12.011658356252513, 44.191195901250055 ], [ 12.01156026500014, 44.191074191519327 ], [ 12.01146394464536, 44.190889167611424 ], [ 12.011343568435588, 44.190759621865595 ], [ 12.011260402004776, 44.190688956293151 ], [ 12.011173979345616, 44.19060831364488 ], [ 12.01102917427194, 44.190496651622709 ], [ 12.010791220880755, 44.190391364536268 ], [ 12.010649353523016, 44.190338772936293 ], [ 12.010451202816306, 44.190270631734883 ], [ 12.010317449341178, 44.190245558916104 ], [ 12.010242906857084, 44.190209173534896 ], [ 12.009894028547468, 44.190005006183327 ], [ 12.009765337933787, 44.189977950742431 ], [ 12.009567105363278, 44.190093696117358 ], [ 12.009417654427121, 44.190175735757279 ], [ 12.009226133449044, 44.190116054103939 ], [ 12.009044058383816, 44.189780924660006 ], [ 12.008715625704507, 44.189850458436929 ], [ 12.00861974137076, 44.189781722536132 ], [ 12.008618666481128, 44.189547126119997 ], [ 12.008570134678795, 44.189397108274513 ], [ 12.008524390513822, 44.189345842493367 ], [ 12.008545384025531, 44.189256922272627 ], [ 12.008562261140959, 44.189223557828292 ], [ 12.008592927092874, 44.188994676591676 ], [ 12.008664766731302, 44.188876052094727 ], [ 12.008939494327498, 44.188723598472784 ], [ 12.009017883575044, 44.188645397303397 ], [ 12.009033497525296, 44.188522014698563 ], [ 12.009030383123516, 44.188485293740911 ], [ 12.009032940991494, 44.188451703395017 ], [ 12.008982452998485, 44.188297431935325 ], [ 12.009048438009177, 44.188171314418355 ], [ 12.009044186641761, 44.187944574006437 ], [ 12.00887881088582, 44.187698376910546 ], [ 12.008817716434665, 44.187520469342296 ], [ 12.008623470113825, 44.187202064440307 ], [ 12.008387747368525, 44.186985442642182 ], [ 12.008336052955356, 44.186919901567329 ], [ 12.008059816098996, 44.186647644449224 ], [ 12.007909536462781, 44.186459217574956 ], [ 12.007807013155528, 44.186288436275305 ], [ 12.007770116206837, 44.186229692909841 ], [ 12.007742449967013, 44.186176511174885 ], [ 12.007729718189012, 44.186124287768763 ], [ 12.007727968599896, 44.186058351532317 ], [ 12.007794704041808, 44.185783568005554 ], [ 12.00782095645274, 44.185432823129325 ], [ 12.007661649935274, 44.185229759794261 ], [ 12.007537604442028, 44.185105944305988 ], [ 12.007438205835793, 44.185004258631366 ], [ 12.007370045134756, 44.184923119961233 ], [ 12.007243919060571, 44.184727119490283 ], [ 12.00700752415363, 44.18455638270094 ], [ 12.006877148053693, 44.184452911138216 ], [ 12.006622173189999, 44.184270639123604 ], [ 12.006331214106581, 44.184111122168915 ], [ 12.006052982724748, 44.184058102637294 ], [ 12.005750904764353, 44.184053295766539 ], [ 12.005397638611287, 44.184046723477188 ], [ 12.005259273013248, 44.184031334414676 ], [ 12.005084801502226, 44.183972266159344 ], [ 12.005062838200722, 44.183962419966562 ], [ 12.004952861628965, 44.183843636616636 ], [ 12.004715848644203, 44.183709091701857 ], [ 12.004406680977253, 44.183622202555888 ], [ 12.004106944184961, 44.183582491250874 ], [ 12.003896550235661, 44.183611202146629 ], [ 12.003891359113918, 44.183610343533047 ], [ 12.003771674589673, 44.183575976776794 ], [ 12.003643115679669, 44.183503216477199 ], [ 12.003625766053856, 44.183488425297028 ], [ 12.003485130450539, 44.183191142795458 ], [ 12.003426785285853, 44.183171224201374 ], [ 12.0031051535332, 44.183061421645021 ], [ 12.002805467139343, 44.183055971823016 ], [ 12.00252613961295, 44.183014927758741 ], [ 12.00233742962364, 44.183000173979892 ], [ 12.00213933093691, 44.182971351515334 ], [ 12.001814380044706, 44.182963130173654 ], [ 12.00167666877142, 44.182969286463077 ], [ 12.001588775787063, 44.18298561029254 ], [ 12.001478104507246, 44.182955148213964 ], [ 12.001001148147017, 44.182775082331084 ], [ 12.000772978864935, 44.182714707239789 ], [ 12.000267055907596, 44.182621825363881 ], [ 12.000153436718426, 44.182606693407294 ], [ 12.000106131185154, 44.182533999519777 ], [ 11.999958355716023, 44.182467070971192 ], [ 11.999901709386608, 44.182339313884711 ], [ 11.999835614954376, 44.182161386366985 ], [ 11.999823462120981, 44.182050620778256 ], [ 11.99970655779185, 44.181932007123223 ], [ 11.999534390797823, 44.181844228649908 ], [ 11.99938547990606, 44.181803134055215 ], [ 11.999303212989833, 44.181789379170937 ], [ 11.999239790037221, 44.181768144326362 ], [ 11.999065180400965, 44.181674700580253 ], [ 11.998842207256159, 44.181595036416169 ], [ 11.998728378001836, 44.181563035514714 ], [ 11.998450879026052, 44.181506635499503 ], [ 11.998289693687875, 44.181398815305833 ], [ 11.998134860932936, 44.181262809490761 ], [ 11.997981164085072, 44.181149183296867 ], [ 11.997801601427085, 44.18098581019521 ], [ 11.997655676524476, 44.180871987654207 ], [ 11.997546078774013, 44.180706776199905 ], [ 11.997437913254869, 44.180569543049344 ], [ 11.997344437775094, 44.180415117244145 ], [ 11.99733530934647, 44.180249893084081 ], [ 11.997310025872228, 44.180183036221088 ], [ 11.997237596768494, 44.180049897252665 ], [ 11.997174720183448, 44.179981777504331 ], [ 11.997084664405964, 44.179917190319671 ], [ 11.997014726606178, 44.179848687825888 ], [ 11.996955086962641, 44.17978273391239 ], [ 11.996866957776179, 44.17964831485056 ], [ 11.99684246368083, 44.179581446251383 ], [ 11.996825468121504, 44.179446849785229 ], [ 11.996843588862797, 44.179310764585679 ], [ 11.996833923759583, 44.179243497409111 ], [ 11.99684500553291, 44.179191519126903 ], [ 11.996891673461453, 44.179125022028607 ], [ 11.99688613426042, 44.179039561557239 ], [ 11.996798385276859, 44.178974345943651 ], [ 11.996705589470675, 44.17897903383242 ], [ 11.996645951113987, 44.178913079692833 ], [ 11.996595303444579, 44.17877768453927 ], [ 11.99653790466836, 44.178509107529621 ], [ 11.99645549085942, 44.178240620012062 ], [ 11.996278595302222, 44.177835638323074 ], [ 11.996275512529614, 44.177713409362674 ], [ 11.996365581570611, 44.177577693433172 ], [ 11.99638893959075, 44.177498509093525 ], [ 11.996391769360436, 44.177430913529712 ], [ 11.996369175234115, 44.177293655008931 ], [ 11.996211666623221, 44.177024331525089 ], [ 11.996089187295738, 44.176890813408669 ], [ 11.99605220244373, 44.176824263648484 ], [ 11.996026136405911, 44.176757427739119 ], [ 11.99597664007459, 44.176624197702402 ], [ 11.995893510962933, 44.176519922975416 ], [ 11.995829325337201, 44.176482383183448 ], [ 11.99568766767004, 44.176452487550534 ], [ 11.995444698236419, 44.176453665096375 ], [ 11.995355668255963, 44.176466783186669 ], [ 11.995075932073114, 44.176562473919731 ], [ 11.994787430588053, 44.176643089551362 ], [ 11.99442085804349, 44.176830519464247 ], [ 11.994333784864798, 44.176871641173783 ], [ 11.994239861639649, 44.176869604884601 ], [ 11.994146394237449, 44.176876560696705 ], [ 11.99386753580179, 44.176989663829012 ], [ 11.99377665429115, 44.177016807034434 ], [ 11.993680312675915, 44.177044093114993 ], [ 11.993307559723487, 44.177109586819753 ], [ 11.993215685223577, 44.177148008618069 ], [ 11.993027816752516, 44.177205263888069 ], [ 11.992840965584296, 44.177220861372668 ], [ 11.992654821026917, 44.177219551789108 ], [ 11.992467626559197, 44.177197455307777 ], [ 11.992373701629802, 44.177195417353182 ], [ 11.992089946480119, 44.177211864637471 ], [ 11.991901871453125, 44.177203294066729 ], [ 11.991716570293253, 44.177172142643798 ], [ 11.99162250414247, 44.177167300974972 ], [ 11.991343120452273, 44.177177436307446 ], [ 11.991154891851066, 44.177166059782714 ], [ 11.990968741023377, 44.177179944347301 ], [ 11.990874277153987, 44.177167224677298 ], [ 11.990748652586534, 44.177159211229167 ], [ 11.990572223121445, 44.177057379120249 ], [ 11.990448525843441, 44.176920546226846 ], [ 11.990375145983897, 44.176855237737414 ], [ 11.990284525641824, 44.176756763707971 ], [ 11.990203849858188, 44.176631253598195 ], [ 11.99011163594751, 44.176572776160967 ], [ 11.990058311292596, 44.1765077786945 ], [ 11.990011175817941, 44.176441493110453 ], [ 11.989958140010053, 44.17630503183959 ], [ 11.989896848173276, 44.176035985544445 ], [ 11.989868452569103, 44.175969208241483 ], [ 11.989745675863347, 44.175767612505943 ], [ 11.989714931027596, 44.175700897409946 ], [ 11.989683125387637, 44.17556668782634 ], [ 11.989559317969391, 44.175298164232672 ], [ 11.989453018000852, 44.175097819654823 ], [ 11.989395599245572, 44.175028994925171 ], [ 11.989261423769211, 44.174895776433097 ], [ 11.989170567237203, 44.174830635707337 ], [ 11.989070910794048, 44.174776979780098 ], [ 11.988978741829348, 44.174732129553767 ], [ 11.988695538846521, 44.174620263001536 ], [ 11.988410515037831, 44.1745495236217 ], [ 11.988036881096885, 44.174488973238489 ], [ 11.987753533749389, 44.174451381748966 ], [ 11.987658705365199, 44.174431358609866 ], [ 11.987471357052328, 44.174359742326118 ], [ 11.987376371821655, 44.17433634691816 ], [ 11.987254529906808, 44.1743199585909 ], [ 11.987071669675229, 44.174429973482916 ], [ 11.987027297790547, 44.174452398107356 ], [ 11.986935146925449, 44.17440811320327 ], [ 11.986853578316639, 44.174341034921326 ], [ 11.986722135899273, 44.174223571321093 ], [ 11.986643736967451, 44.174164649063869 ], [ 11.986562992486437, 44.174100218859557 ], [ 11.986487956990873, 44.174036635430582 ], [ 11.986403351642934, 44.173971328240313 ], [ 11.98598402823322, 44.173614072603726 ], [ 11.985651138915355, 44.173342636839692 ], [ 11.985326870454918, 44.173087782708976 ], [ 11.984962046100433, 44.172800371162111 ], [ 11.984696165115988, 44.172622428784983 ], [ 11.984382792957955, 44.172428919922275 ], [ 11.983943215964713, 44.172194058124148 ], [ 11.983904674152889, 44.172189433674198 ], [ 11.983929837834779, 44.172233390070147 ], [ 11.984351114459951, 44.172470453697301 ], [ 11.984664487988148, 44.1726639626254 ], [ 11.984930369100683, 44.172841905979439 ], [ 11.985295192286111, 44.173129316750774 ], [ 11.985619462091654, 44.173384170948403 ], [ 11.985952351504588, 44.17365560680534 ], [ 11.986371673809726, 44.174012863484002 ], [ 11.986456279152511, 44.174078169796417 ], [ 11.986530859728042, 44.174144324134851 ], [ 11.986626457619154, 44.1742242313764 ], [ 11.986702579544389, 44.174276280364253 ], [ 11.986821901858031, 44.174382570266701 ], [ 11.986903470458518, 44.174449647669803 ], [ 11.98699562136655, 44.174493932600527 ], [ 11.98706836861151, 44.174494845140735 ], [ 11.987251230332609, 44.174384831136742 ], [ 11.987344694465246, 44.174377881544395 ], [ 11.987439680999488, 44.174401276956495 ], [ 11.987627029409474, 44.174472893294912 ], [ 11.987721856604182, 44.174492916486074 ], [ 11.988005204136559, 44.17453050806035 ], [ 11.988378839594102, 44.174591059432615 ], [ 11.988663863539738, 44.174661797995149 ], [ 11.988947066698785, 44.174773665531482 ], [ 11.989039234395984, 44.174818514005217 ], [ 11.9891388909138, 44.174872170862649 ], [ 11.989229747445215, 44.174937310712458 ], [ 11.98936392419451, 44.175070529217336 ], [ 11.989421342985715, 44.175139354863937 ], [ 11.989527641707534, 44.175339700393643 ], [ 11.989651451534545, 44.175608223067513 ], [ 11.98968325712541, 44.17574243265684 ], [ 11.989713999452722, 44.17580914780811 ], [ 11.989836777417809, 44.176010744452597 ], [ 11.989865172975287, 44.176077520860616 ], [ 11.989926464711903, 44.176346567166469 ], [ 11.989979500484807, 44.176483028449418 ], [ 11.990026634710521, 44.17654931406976 ], [ 11.990079959400473, 44.176614312452067 ], [ 11.990163146295691, 44.176667064021899 ], [ 11.990172843437616, 44.17667321369435 ], [ 11.990252849058324, 44.176798298242922 ], [ 11.990343470660516, 44.176896772272997 ], [ 11.990416850600866, 44.176962082585888 ], [ 11.990540547832094, 44.177098913709656 ], [ 11.990716977401547, 44.177200746770559 ], [ 11.990842602055627, 44.177208760256526 ], [ 11.990937064739109, 44.177221479978741 ], [ 11.991123216956458, 44.177207595446966 ], [ 11.991311445687804, 44.177218972028378 ], [ 11.991590829554285, 44.177208835879249 ], [ 11.991684894554499, 44.177213678502 ], [ 11.991870195831762, 44.177244829980125 ], [ 11.992058272237749, 44.177253400583616 ], [ 11.992342028849119, 44.177236953361785 ], [ 11.99243595135049, 44.177238991392713 ], [ 11.992623148436758, 44.177261087882115 ], [ 11.992809291912137, 44.177262398447567 ], [ 11.992996141913713, 44.177246799240883 ], [ 11.993184011830396, 44.17718954490703 ], [ 11.993275885170037, 44.177151123161671 ], [ 11.993648639674895, 44.177085629547712 ], [ 11.993744980158509, 44.17705834442269 ], [ 11.993835861718093, 44.177031200344061 ], [ 11.99411472166382, 44.176918097275482 ], [ 11.994208189137415, 44.176911141491885 ], [ 11.994302112398021, 44.176913176907874 ], [ 11.994394782837251, 44.176890488000389 ], [ 11.994761355846389, 44.176703058186398 ], [ 11.995041501772443, 44.17663099823244 ], [ 11.99532123959216, 44.176535307571726 ], [ 11.995413026829791, 44.176495202080716 ], [ 11.995655996471365, 44.176494025510053 ], [ 11.995797652946123, 44.176523920307453 ], [ 11.995861838598147, 44.176561460117753 ], [ 11.995944968992857, 44.176665735744443 ], [ 11.995994465225497, 44.1767989639891 ], [ 11.99602053127775, 44.176865800805984 ], [ 11.996057516152243, 44.176932351476978 ], [ 11.996179995465226, 44.177065868725059 ], [ 11.996337502797953, 44.177335192272757 ], [ 11.996360096866885, 44.177472450796373 ], [ 11.996338999895144, 44.177536983611766 ], [ 11.996306412954356, 44.177598174228223 ], [ 11.996221079682677, 44.177730488793998 ], [ 11.996246922509288, 44.177877175543657 ], [ 11.996423819224436, 44.178282157250372 ], [ 11.996506231701304, 44.178550644809079 ], [ 11.996563631622259, 44.178819221804233 ], [ 11.996614279255585, 44.178954616969193 ], [ 11.996673917620011, 44.179020571124958 ], [ 11.99676671474338, 44.179015883240375 ], [ 11.996854461228965, 44.179081098025115 ], [ 11.996846678631586, 44.179135215829525 ], [ 11.996800010642824, 44.179201712907272 ], [ 11.996802250580759, 44.17928503385523 ], [ 11.996811916933799, 44.179352301910299 ], [ 11.996793796106273, 44.179488387100399 ], [ 11.996810790358081, 44.179622983591798 ], [ 11.996835285682739, 44.179689852172402 ], [ 11.996923414860778, 44.17982427125699 ], [ 11.996983053264545, 44.179890225210677 ], [ 11.997052991046671, 44.179958726822086 ], [ 11.997143048133628, 44.180023314909675 ], [ 11.997205924727606, 44.180091434675056 ], [ 11.997278353812238, 44.180224573661512 ], [ 11.997295084569977, 44.180289101799303 ], [ 11.997304212859751, 44.180454325056893 ], [ 11.997406239832268, 44.180611080541283 ], [ 11.997514406603507, 44.18074831369654 ], [ 11.997624004344578, 44.180913525179207 ], [ 11.997769928044143, 44.181027347785147 ], [ 11.997949491960346, 44.18119072001079 ], [ 11.998103188889928, 44.181304347149478 ], [ 11.998258021683887, 44.181440353007503 ], [ 11.998419207080822, 44.181548173246824 ], [ 11.998696706227207, 44.181604573344423 ], [ 11.998810535546745, 44.181636574279423 ], [ 11.999033508810179, 44.181716238508713 ], [ 11.999208117275094, 44.181809682329053 ], [ 11.9992715402622, 44.181830917192201 ], [ 11.999353808478158, 44.181844672076913 ], [ 11.999502718208101, 44.181885766739612 ], [ 11.999674885279608, 44.18197354526248 ], [ 11.999726474434807, 44.182099331421597 ], [ 11.999748860698947, 44.182208860216868 ], [ 11.999775048422645, 44.182375116169005 ], [ 11.999837701292094, 44.182467015276323 ], [ 11.999926927266985, 44.18250898697783 ], [ 12.000050665400064, 44.182638760893489 ], [ 12.000237619873184, 44.182687506715929 ], [ 12.000743540869907, 44.182780388777068 ], [ 12.000969477335133, 44.182816619912153 ], [ 12.001446433975453, 44.182996686835764 ], [ 12.0015571040399, 44.183027148069506 ], [ 12.00169837409787, 44.183060848665058 ], [ 12.00186813826002, 44.183046401962109 ], [ 12.002112156718058, 44.183034079313131 ], [ 12.002310254361092, 44.183062901851571 ], [ 12.00250884551772, 44.183082745114135 ], [ 12.002788173332066, 44.183123788320124 ], [ 12.00300784831016, 44.183149476943164 ], [ 12.003335932500486, 44.183195889552891 ], [ 12.003351887346914, 44.183221831491615 ], [ 12.003499114915028, 44.183461198280163 ], [ 12.003581328721722, 44.183536653826607 ], [ 12.003709890123876, 44.183609414152755 ], [ 12.003859689977427, 44.183651882866478 ], [ 12.004049690170776, 44.183707900314005 ], [ 12.004260083120791, 44.183679188230876 ], [ 12.00442742496778, 44.183693328837066 ], [ 12.004736593053595, 44.183780217914865 ], [ 12.004908704598892, 44.183896952132841 ], [ 12.005018681215239, 44.18401573642636 ], [ 12.005078663751135, 44.184043287275536 ], [ 12.005253135474035, 44.184102355537235 ], [ 12.005401429753574, 44.184126206058117 ], [ 12.005754695119007, 44.184132777454792 ], [ 12.006084897142651, 44.184148932229839 ], [ 12.006363130214339, 44.184201950744551 ], [ 12.006590505676016, 44.18431217926463 ], [ 12.006845480626412, 44.184494451351135 ], [ 12.006975855517545, 44.184597922974461 ], [ 12.007160733442779, 44.184780667814366 ], [ 12.007286858137421, 44.184976669305044 ], [ 12.007380228201049, 44.185057852845112 ], [ 12.007463470151293, 44.185174185232448 ], [ 12.007590329226421, 44.185289310734433 ], [ 12.007679855480287, 44.185671938730302 ], [ 12.007640533802093, 44.185849571569392 ], [ 12.007587713851901, 44.18610463643433 ], [ 12.007638349018166, 44.186208612731349 ], [ 12.007666787652793, 44.18623966739095 ], [ 12.007687181898294, 44.186271671810623 ], [ 12.007710932366189, 44.186357801715872 ], [ 12.00784540997533, 44.186514298807786 ], [ 12.007995039137567, 44.186693839388894 ], [ 12.008271277160098, 44.186966096646373 ], [ 12.00834162274246, 44.187040657010435 ], [ 12.008542219257489, 44.187276706801633 ], [ 12.00867208915902, 44.187434406269574 ], [ 12.008744848921161, 44.18767609566072 ], [ 12.00893760947754, 44.187872049955331 ], [ 12.008982832001031, 44.188040823048055 ], [ 12.008897616949652, 44.188155176482084 ], [ 12.008869823123984, 44.188237865709148 ], [ 12.008875110275207, 44.188332984216473 ], [ 12.008878224598424, 44.18836970608497 ], [ 12.008880713815646, 44.188440234334891 ], [ 12.008908415825129, 44.188672083707559 ], [ 12.008671927442235, 44.188761906521563 ], [ 12.00851591690105, 44.188847481413063 ], [ 12.008460103858758, 44.189075946073437 ], [ 12.008380685652744, 44.189134631211417 ], [ 12.008381285517437, 44.189357653081984 ], [ 12.008485005301122, 44.189445382208909 ], [ 12.008464039076067, 44.18964821655242 ], [ 12.008567059057388, 44.189848609882326 ], [ 12.008693760754875, 44.189927402154538 ], [ 12.008974939249024, 44.189876172901592 ], [ 12.009074807561014, 44.190112382358109 ], [ 12.009395417202754, 44.19031169478248 ], [ 12.009586811500425, 44.190320005664297 ], [ 12.009668323717353, 44.190153896067507 ], [ 12.00980385840891, 44.190056997536345 ], [ 12.010211237558533, 44.190250715524854 ], [ 12.01028578129311, 44.19028710000179 ], [ 12.0104195360994, 44.190312172836158 ], [ 12.010617685665235, 44.190380314119757 ], [ 12.0107595530658, 44.190432904859613 ], [ 12.010997506572696, 44.190538192015005 ], [ 12.011142312970737, 44.19064985495509 ], [ 12.011228734369668, 44.19073049674985 ], [ 12.01131190207049, 44.190801162321236 ], [ 12.011380582602175, 44.190921198554733 ], [ 12.011476901495273, 44.19110622256072 ], [ 12.011596686247415, 44.191238694511924 ], [ 12.011640464935486, 44.191328227248505 ], [ 12.011729477774336, 44.191487539456624 ], [ 12.011845625133812, 44.191709097461853 ], [ 12.011962484628254, 44.19180791544786 ], [ 12.012140398374976, 44.191882396502571 ], [ 12.012233296846368, 44.192027592406227 ], [ 12.012140676343874, 44.192129160334503 ], [ 12.01207944299505, 44.192281375270049 ], [ 12.01206312693666, 44.1923798918031 ], [ 12.012015171589896, 44.192432247166906 ], [ 12.011888703339599, 44.192755749502126 ], [ 12.011821460094977, 44.192794772616359 ], [ 12.011596490279095, 44.19290936346642 ], [ 12.011359478221856, 44.193094702488224 ], [ 12.011281716284882, 44.193159936970417 ], [ 12.011140032836435, 44.193331675488608 ], [ 12.010740800865825, 44.193613892147354 ], [ 12.010564120760932, 44.193699136330494 ], [ 12.010493955814798, 44.193739000992174 ], [ 12.010373206879594, 44.193735351277105 ], [ 12.010088593598638, 44.193621784656074 ], [ 12.00992433772876, 44.1936088226226 ], [ 12.009734126673735, 44.1936518539435 ], [ 12.009732848165022, 44.193724492968236 ], [ 12.009645440961695, 44.193802927804654 ], [ 12.009274302069992, 44.193792005129289 ], [ 12.009130104307825, 44.193795809379473 ], [ 12.009082024562145, 44.193696714133509 ], [ 12.008974649588309, 44.193571632165927 ], [ 12.008682207764396, 44.193499800505279 ], [ 12.008518304685229, 44.193493766148045 ], [ 12.008475982599807, 44.193605501032671 ], [ 12.008398691607622, 44.193694025206582 ], [ 12.008378537828062, 44.193870943822418 ], [ 12.008332655724503, 44.194003591170713 ], [ 12.008116482957057, 44.194109553145637 ], [ 12.007987855536451, 44.19423060678313 ], [ 12.007987283706754, 44.194310167853956 ], [ 12.007938581549137, 44.194394415360108 ], [ 12.007993591360332, 44.194597173281451 ], [ 12.008003815474771, 44.194634853371902 ], [ 12.008087437362974, 44.194670660215429 ], [ 12.008484664651593, 44.194725849626501 ], [ 12.008608585185558, 44.194798708129561 ], [ 12.008602644225977, 44.194961373981613 ], [ 12.008600753463403, 44.19503599689169 ], [ 12.008695373591603, 44.195099168284933 ], [ 12.009043030951283, 44.195214493688333 ], [ 12.009266064132188, 44.195250142834581 ], [ 12.009767693691479, 44.195364925412107 ], [ 12.009823782585615, 44.195425693548501 ], [ 12.009854615868081, 44.195563152577314 ], [ 12.009897808559959, 44.195636069384314 ], [ 12.010166549057356, 44.1959056250789 ], [ 12.010438900100882, 44.196057528547804 ], [ 12.010536914548684, 44.196089534900146 ], [ 12.01070276607993, 44.196133630280322 ], [ 12.010738969538538, 44.196181044690029 ], [ 12.010865752374357, 44.196777499373226 ], [ 12.011044944584313, 44.19718095769872 ], [ 12.011209169998413, 44.197283822666549 ], [ 12.011644169156925, 44.197514391640382 ], [ 12.011940510101871, 44.197662239424403 ], [ 12.01273680249297, 44.198051779066972 ], [ 12.012839091293422, 44.198076835713316 ], [ 12.012939966896784, 44.198074171031848 ], [ 12.013069785945776, 44.198074159373078 ], [ 12.013173660188755, 44.198123306885073 ], [ 12.013249281032927, 44.198197331710965 ], [ 12.013366661472341, 44.198232346841429 ], [ 12.013472862991584, 44.198236479715639 ], [ 12.01358530461262, 44.198174678577438 ], [ 12.01375528512922, 44.198111356970266 ], [ 12.013899665976208, 44.19811789971758 ], [ 12.014124476929942, 44.19818114713982 ], [ 12.014205606269162, 44.198265487807589 ], [ 12.014327879117349, 44.198493952869356 ], [ 12.014362045320377, 44.198780159850976 ], [ 12.01450688793299, 44.198983895291505 ], [ 12.014746613047155, 44.199060522844682 ], [ 12.014958628828566, 44.199158700796765 ], [ 12.015066522025307, 44.199272576832051 ], [ 12.015072303798583, 44.199483406777716 ], [ 12.01502124958327, 44.199709617500105 ], [ 12.015091167436106, 44.19985298093966 ], [ 12.015208905413706, 44.199894923772241 ], [ 12.015334466581356, 44.199901960418835 ], [ 12.015492706025695, 44.199894256160476 ], [ 12.015806200907146, 44.199813361170946 ], [ 12.015956975428471, 44.199840550817576 ], [ 12.016011508116895, 44.20008850178835 ], [ 12.016084288133056, 44.200317809147997 ], [ 12.01622374132695, 44.200593909993323 ], [ 12.016364543640128, 44.200770547364648 ], [ 12.016615418263493, 44.200912260218153 ], [ 12.01690040007167, 44.201034948895568 ], [ 12.017064394941542, 44.201071628443316 ], [ 12.017476676526163, 44.200907746857048 ], [ 12.017450856923009, 44.200879754702683 ], [ 12.017314964489708, 44.200708233177309 ], [ 12.017118187420547, 44.200518286151819 ], [ 12.017115415633176, 44.20048341204491 ], [ 12.017125915871173, 44.20043540039093 ], [ 12.01714680501993, 44.200366301521541 ], [ 12.017145636055435, 44.200314813599647 ], [ 12.017136456325524, 44.199888282776094 ], [ 12.017097448689343, 44.199791318957978 ] ] ] ] } },
{ "type": "Feature", "properties": { "fid": 3, "scenario": "Pericolosita' idraulica media - MediumProbabilityHazard" }, "geometry": { "type": "MultiPolygon", "coordinates": [ [ [ [ 11.9677274, 44.195893800000036 ], [ 11.9671263, 44.196814 ], [ 11.966834, 44.197245900000041 ], [ 11.966648, 44.197645900000026 ], [ 11.9664354, 44.19796980000001 ], [ 11.9664266, 44.198293700000029 ], [ 11.9663823, 44.198916 ], [ 11.966415950954282, 44.199386828419975 ], [ 11.966423576324699, 44.199387527792453 ], [ 11.96650504279881, 44.199391114425389 ], [ 11.966586653816, 44.199390844270638 ], [ 11.966668058562595, 44.199386720375763 ], [ 11.966748909217358, 44.199378760167093 ], [ 11.966828862230608, 44.199366996327406 ], [ 11.96690756843438, 44.199351479690201 ], [ 11.966984697939436, 44.199332276962728 ], [ 11.967059914052669, 44.199309474829533 ], [ 11.967132890873085, 44.199283183227195 ], [ 11.96720332584016, 44.19925350082422 ], [ 11.967270921101084, 44.19922055416707 ], [ 11.967335385572571, 44.199184485010854 ], [ 11.967396441087516, 44.19914544749598 ], [ 11.967453831161764, 44.199103608883973 ], [ 11.967507305987899, 44.199059148939916 ], [ 11.967556638596136, 44.199012257821252 ], [ 11.967601616088011, 44.19896313534192 ], [ 11.967642047185727, 44.198911992633285 ], [ 11.967645412886482, 44.198907358445268 ], [ 11.967907090791556, 44.198544703076998 ], [ 11.96813383814478, 44.198244966722015 ], [ 11.968141776460076, 44.198234306825753 ], [ 11.968142734150486, 44.198232998564393 ], [ 11.968156310517161, 44.198214396425172 ], [ 11.968164008771396, 44.198219213865912 ], [ 11.968229091390183, 44.198254854216735 ], [ 11.968279807187407, 44.198279465232091 ], [ 11.968492160967584, 44.198377175772855 ], [ 11.96849459706497, 44.198378294179506 ], [ 11.968586879390172, 44.198420547387002 ], [ 11.968635326115729, 44.198448191957119 ], [ 11.968727144213002, 44.198514848001878 ], [ 11.968785796174886, 44.198559687594475 ], [ 11.968786763165831, 44.198560426129568 ], [ 11.968844781662787, 44.198601881126372 ], [ 11.968906432970645, 44.198640511910952 ], [ 11.968971449121547, 44.198676152159308 ], [ 11.96903955509239, 44.198708648311829 ], [ 11.969110457697676, 44.19873786339312 ], [ 11.969183855324772, 44.198763669609832 ], [ 11.969259432035944, 44.198785958386672 ], [ 11.969336868551599, 44.198804632940437 ], [ 11.96941583251555, 44.198819615682417 ], [ 11.969495986951134, 44.198830839938282 ], [ 11.969576988045478, 44.198838258109873 ], [ 11.96962174889322, 44.19884070394145 ], [ 11.969688806720349, 44.198843491033429 ], [ 11.969725549188571, 44.198844627723041 ], [ 11.969807206911739, 44.198844355937176 ], [ 11.969888671970459, 44.198840232860547 ], [ 11.969969595299755, 44.198832275953926 ], [ 11.970049633417215, 44.198820519713934 ], [ 11.970118855723312, 44.198807195380084 ], [ 11.970204257765483, 44.198788935398071 ], [ 11.970214003789838, 44.198786820429483 ], [ 11.970291500408305, 44.198767740842342 ], [ 11.97036709458431, 44.198745058991072 ], [ 11.970440461207893, 44.198718871275432 ], [ 11.970511284434886, 44.198689289256421 ], [ 11.970579261461959, 44.198656440486573 ], [ 11.970644103712456, 44.198620466682819 ], [ 11.970705532937624, 44.19858151928991 ], [ 11.970725369144031, 44.198567788477234 ], [ 11.970866445899857, 44.198467965858825 ], [ 11.9709321154698, 44.198422968155249 ], [ 11.971055078001648, 44.198500974385695 ], [ 11.971135272195209, 44.198551847049494 ], [ 11.971140750978899, 44.198555302737155 ], [ 11.972278918566573, 44.199268892987384 ], [ 11.972280789673219, 44.199270064458595 ], [ 11.972450880297197, 44.199376180855758 ], [ 11.971741395878448, 44.200028790984106 ], [ 11.971673551520691, 44.200061676736468 ], [ 11.971608855772056, 44.200097690744734 ], [ 11.971547584350475, 44.200136680719289 ], [ 11.97149000115374, 44.200178477454855 ], [ 11.971436353578865, 44.200222903940912 ], [ 11.971407858500525, 44.20024910669283 ], [ 11.971247480212691, 44.200402355091107 ], [ 11.971193767431602, 44.200448197248846 ], [ 11.971179530978372, 44.200460573049597 ], [ 11.971130046827868, 44.200507438979066 ], [ 11.971084939357374, 44.200556542878552 ], [ 11.97104439988084, 44.200607674523127 ], [ 11.971008604396857, 44.200660614055259 ], [ 11.970977705039241, 44.200715137560131 ], [ 11.970951833509623, 44.200771007978815 ], [ 11.970931101543748, 44.200827988631545 ], [ 11.970915598104337, 44.200885834249476 ], [ 11.970905389598286, 44.200944297285588 ], [ 11.970900518597354, 44.201003127036763 ], [ 11.970901007674879, 44.20106207227726 ], [ 11.970906853134727, 44.201120880475798 ], [ 11.970918030033621, 44.201179298602199 ], [ 11.970934492367618, 44.201237078536728 ], [ 11.970956167892993, 44.201293971755717 ], [ 11.970982964521633, 44.201349733720789 ], [ 11.971014766669704, 44.201404126654744 ], [ 11.97105144021852, 44.201456918545169 ], [ 11.971092824932786, 44.201507880582248 ], [ 11.971138746003604, 44.201556795960897 ], [ 11.971189006435544, 44.20160345641694 ], [ 11.971243392007747, 44.201647661230886 ], [ 11.971301666375007, 44.201689220027504 ], [ 11.971363583671936, 44.201727956144971 ], [ 11.971428875877743, 44.201763702364531 ], [ 11.971497265544906, 44.201796307885587 ], [ 11.973354566156104, 44.202564545834861 ], [ 11.973425761693054, 44.202593863373757 ], [ 11.973499454748385, 44.202619774611186 ], [ 11.973575331694933, 44.202642166430032 ], [ 11.973653068325318, 44.202660944860554 ], [ 11.97373232966539, 44.202676029671032 ], [ 11.973812776245561, 44.202687355150609 ], [ 11.973894066722009, 44.202694873668058 ], [ 11.973975850263887, 44.202698552208254 ], [ 11.976805717716328, 44.202773573906498 ], [ 11.976887436271937, 44.202777239665465 ], [ 11.976969304976514, 44.202777050318439 ], [ 11.977050971779068, 44.202773009873624 ], [ 11.977132088746941, 44.202765133087453 ], [ 11.977212309913551, 44.202753455429473 ], [ 11.977291289812023, 44.202738026795011 ], [ 11.97736869224296, 44.202718912240172 ], [ 11.977444186655426, 44.202696195659435 ], [ 11.977517449145916, 44.20266997254911 ], [ 11.977588165203752, 44.202640357172406 ], [ 11.977617628112837, 44.20262665160319 ], [ 11.977831163472535, 44.202524243687229 ], [ 11.97783918525994, 44.202520397212453 ], [ 11.977877611206781, 44.202501214085665 ], [ 11.977917316900914, 44.202479713257674 ], [ 11.978104020492637, 44.202374359742684 ], [ 11.978129011746114, 44.202359843527496 ], [ 11.97813859530323, 44.202354070902658 ], [ 11.978283206613044, 44.202266081143989 ], [ 11.978486701644512, 44.202154660613758 ], [ 11.978506985863049, 44.202143318604307 ], [ 11.978788246164557, 44.201982712682302 ], [ 11.978918012501605, 44.201915366030619 ], [ 11.978919083461872, 44.201914809705571 ], [ 11.978983378872837, 44.20187902432631 ], [ 11.979140168375825, 44.201785758657998 ], [ 11.979326644668165, 44.201680639912816 ], [ 11.979520443967635, 44.201574637581025 ], [ 11.979535518124457, 44.201566263704372 ], [ 11.979722223390469, 44.201460909786746 ], [ 11.979725079674036, 44.20145929450846 ], [ 11.979938925020878, 44.201337944476954 ], [ 11.980113079956238, 44.201246443924973 ], [ 11.980172081264048, 44.201213464460778 ], [ 11.980215029828715, 44.201186742248979 ], [ 11.98028763334254, 44.201139462656428 ], [ 11.980403797175612, 44.201074438963687 ], [ 11.980432122373239, 44.201058106480467 ], [ 11.980493517351261, 44.201019146733394 ], [ 11.980529674212089, 44.20099298899774 ], [ 11.979841013404616, 44.200605450156552 ], [ 11.979635592909041, 44.200364490299059 ], [ 11.978684913126068, 44.199756144954819 ], [ 11.978053102619542, 44.199415322983633 ], [ 11.977718408845206, 44.199203568920424 ], [ 11.977301907128044, 44.198980210350236 ], [ 11.976801029389534, 44.198590324497339 ], [ 11.976773876285653, 44.198150330455697 ], [ 11.976674592355051, 44.197695395667573 ], [ 11.976593310917933, 44.197703221241511 ], [ 11.976512918803492, 44.197714845897011 ], [ 11.97643376010808, 44.197730217966168 ], [ 11.976356172315437, 44.197749275082479 ], [ 11.976280489666927, 44.197771933290433 ], [ 11.976260700421825, 44.197778561656271 ], [ 11.975661189067496, 44.197983941752888 ], [ 11.975607522958523, 44.198003475110994 ], [ 11.975536608501619, 44.198033030843732 ], [ 11.975516380979245, 44.198042302604179 ], [ 11.97514448792719, 44.198216402435008 ], [ 11.97496238446792, 44.198289346525762 ], [ 11.974792012552655, 44.198348050922299 ], [ 11.974665653162447, 44.198390911890151 ], [ 11.974497480947154, 44.198285927161365 ], [ 11.97428731946296, 44.198140780730462 ], [ 11.974272678976511, 44.198130830119659 ], [ 11.974240565401582, 44.198110083404089 ], [ 11.973924317448253, 44.197912674526854 ], [ 11.972789743097106, 44.197201350951843 ], [ 11.972712284034532, 44.19715221642965 ], [ 11.972349775202849, 44.196922251348148 ], [ 11.972158152188749, 44.196795474682496 ], [ 11.972108117621227, 44.196764090938245 ], [ 11.971811465289891, 44.196587736998353 ], [ 11.971804984929006, 44.196583911571366 ], [ 11.971739794715855, 44.196548168107313 ], [ 11.971671492334449, 44.196515560149201 ], [ 11.971627803865536, 44.196497019371918 ], [ 11.971569038242091, 44.196473218062508 ], [ 11.971541603011431, 44.196462427883979 ], [ 11.971467964431977, 44.196436497092598 ], [ 11.97139212575162, 44.196414079581331 ], [ 11.971314411208386, 44.196395272023388 ], [ 11.971235155647765, 44.196380152847986 ], [ 11.971214533627178, 44.196376864300753 ], [ 11.971175850781329, 44.196370942159774 ], [ 11.971116016884018, 44.196362865581271 ], [ 11.971034700655363, 44.196355303080608 ], [ 11.970952876148543, 44.196351577112473 ], [ 11.970870892282562, 44.196351703593933 ], [ 11.970789102346087, 44.196355680316998 ], [ 11.970707855449335, 44.196363492524107 ], [ 11.970627500018978, 44.196375105624377 ], [ 11.970548380210642, 44.196390469772609 ], [ 11.970470834692327, 44.196409520794454 ], [ 11.97039519652024, 44.196432176580288 ], [ 11.970321790674664, 44.196458338033835 ], [ 11.970250928100251, 44.196487897305062 ], [ 11.970182916502175, 44.196520724954496 ], [ 11.970177124083079, 44.196523740900012 ], [ 11.96985949576472, 44.196690680011109 ], [ 11.969800500573928, 44.196723723948658 ], [ 11.969753814633281, 44.196752950557155 ], [ 11.969697173897945, 44.196790220469914 ], [ 11.969680501903261, 44.196779079998862 ], [ 11.969543910230378, 44.196673812796462 ], [ 11.969353236226787, 44.1965227938284 ], [ 11.969343354789377, 44.196515059801023 ], [ 11.969164138082087, 44.196376457407126 ], [ 11.969122876157018, 44.196339591885355 ], [ 11.96911186573181, 44.196329893650294 ], [ 11.969057591645319, 44.196285790175978 ], [ 11.968999415497084, 44.196244333744396 ], [ 11.968937585710293, 44.196205703668639 ], [ 11.968872366400142, 44.196170063627235 ], [ 11.968804038777028, 44.196137566148423 ], [ 11.968732893628157, 44.196108351850974 ], [ 11.968671597469225, 44.196086874920283 ], [ 11.968654127115485, 44.196075963259752 ], [ 11.968588885671316, 44.196040323461879 ], [ 11.96852053337879, 44.196007825364291 ], [ 11.968449367294157, 44.195978610369558 ], [ 11.968375691399929, 44.195952803510515 ], [ 11.968299821596441, 44.195930513355599 ], [ 11.968222083392538, 44.195911837465616 ], [ 11.968142809130763, 44.195896854327174 ], [ 11.968062343165421, 44.195885628667568 ], [ 11.967981028043045, 44.195878209010409 ], [ 11.967899213175924, 44.195874625707106 ], [ 11.967817252532766, 44.195874896393391 ], [ 11.967735972651496, 44.195878993094993 ], [ 11.9677274, 44.195893800000036 ] ] ] ] } },
{ "type": "Feature", "properties": { "fid": 4, "scenario": "Pericolosita' idraulica media - MediumProbabilityHazard" }, "geometry": { "type": "MultiPolygon", "coordinates": [ [ [ [ 12.0833848, 44.14785710000001 ], [ 12.08161, 44.144255600000015 ], [ 12.0775988, 44.1435414 ], [ 12.07691691720683, 44.143758294688531 ], [ 12.076904115024208, 44.143781714973599 ], [ 12.076908970553758, 44.14387511580113 ], [ 12.077007717583776, 44.143957482357081 ], [ 12.077199917323302, 44.144020321622968 ], [ 12.077378557737417, 44.144049514720692 ], [ 12.077626185696076, 44.144042834538617 ], [ 12.077862902360177, 44.144053454312285 ], [ 12.078007494482208, 44.144109074173308 ], [ 12.078046843621038, 44.144184538777864 ], [ 12.078101959149464, 44.144336104476913 ], [ 12.078153541231966, 44.144419742106678 ], [ 12.07825096711068, 44.144476635639535 ], [ 12.078640980617225, 44.144483122411906 ], [ 12.079063718482303, 44.144437708599057 ], [ 12.079263296854069, 44.144415318976144 ], [ 12.079382539361282, 44.14443761108906 ], [ 12.079432357042718, 44.144487284507832 ], [ 12.079437657442682, 44.144589176057814 ], [ 12.079420700410994, 44.144717177997009 ], [ 12.079258532744227, 44.145231728482955 ], [ 12.079190564673292, 44.145514158711634 ], [ 12.079198516106441, 44.145666996361072 ], [ 12.079267635724902, 44.145860699522586 ], [ 12.079436394076312, 44.146153749330381 ], [ 12.079654753483599, 44.146492226121381 ], [ 12.07978106972222, 44.146650373476668 ], [ 12.079926993955244, 44.146731465870772 ], [ 12.080046684838074, 44.146762248000542 ], [ 12.080300508316228, 44.146874439916822 ], [ 12.080449086364345, 44.147006476734823 ], [ 12.080634368411255, 44.147163031562236 ], [ 12.080737987628019, 44.147338796520515 ], [ 12.080827606448624, 44.14747242516038 ], [ 12.080928132927541, 44.147588752960722 ], [ 12.081083864808717, 44.14763131527608 ], [ 12.081378676857144, 44.147623357018311 ], [ 12.08171977182597, 44.147597142406276 ], [ 12.082061752427851, 44.147587909249573 ], [ 12.082336006971428, 44.147591466890638 ], [ 12.083342670460064, 44.147855104820017 ], [ 12.08338746600568, 44.147863025430567 ], [ 12.0833848, 44.14785710000001 ] ] ], [ [ [ 11.9411233, 44.237181 ], [ 11.9412825, 44.237139 ], [ 11.9433611, 44.236857700000023 ], [ 11.9444057, 44.236713700000045 ], [ 11.9476608, 44.2367017 ], [ 11.9484683, 44.2368249 ], [ 11.9557147, 44.240828200000024 ], [ 11.9567347, 44.2414409 ], [ 11.9582397, 44.242734300000038 ], [ 11.9652303, 44.249763900000019 ], [ 11.9713407, 44.253710100000056 ], [ 11.9759918, 44.256186800000016 ], [ 11.9768368, 44.256636700000037 ], [ 11.9772667, 44.257002900000039 ], [ 11.9772777, 44.2570124 ], [ 11.977452, 44.2571609 ], [ 11.978023, 44.257803100000011 ], [ 11.9924072, 44.276881200000012 ], [ 11.9930576, 44.2778455 ], [ 11.9933272, 44.278324700000063 ], [ 11.9936902, 44.2789945 ], [ 11.9936913, 44.27897210000004 ], [ 11.9990936, 44.2902255 ], [ 11.9993592, 44.290795899999985 ], [ 11.9994999, 44.29108 ], [ 11.9995221, 44.2911074 ], [ 12.0010571, 44.294668 ], [ 12.0014577, 44.295395700000022 ], [ 12.001726, 44.295802700000046 ], [ 12.0019061, 44.296077100000034 ], [ 12.0026227, 44.297102500000037 ], [ 12.0036629, 44.2983265 ], [ 12.0053534, 44.299767400000015 ], [ 12.0061102, 44.300290600000011 ], [ 12.0061429, 44.300313200000019 ], [ 12.0064709, 44.30053920000006 ], [ 12.0074758, 44.3010708 ], [ 12.0091664, 44.301773500000039 ], [ 12.0105005, 44.302368500000028 ], [ 12.0114156, 44.302857500000016 ], [ 12.0121878, 44.303494200000024 ], [ 12.0225184, 44.315473400000037 ], [ 12.0282232, 44.322533100000051 ], [ 12.028698, 44.3232317 ], [ 12.0301558, 44.329050300000013 ], [ 12.0317815, 44.330424500000035 ], [ 12.0324037, 44.3306164 ], [ 12.0330475, 44.330639400000045 ], [ 12.0340449, 44.3306301 ], [ 12.0350701, 44.3306793 ], [ 12.0386426, 44.328774500000037 ], [ 12.0388679, 44.328805200000026 ], [ 12.0393212, 44.328793700000027 ], [ 12.0397396, 44.3287476 ], [ 12.0441228, 44.327671 ], [ 12.0440631, 44.327492900000045 ], [ 12.0469467, 44.326790500000037 ], [ 12.0491763, 44.325687700000039 ], [ 12.0494824, 44.32530140000005 ], [ 12.0496214, 44.324838500000048 ], [ 12.0498255, 44.324131600000044 ], [ 12.0480035, 44.319363700000046 ], [ 12.0489373, 44.319199300000015 ], [ 12.0484961, 44.318967600000015 ], [ 12.0482322, 44.318554300000031 ], [ 12.0481644, 44.318216900000067 ], [ 12.0477996, 44.317710200000057 ], [ 12.0476636, 44.317186 ], [ 12.0469628, 44.315961900000019 ], [ 12.048293, 44.315076200000036 ], [ 12.0487545, 44.311553600000011 ], [ 12.0502994, 44.311039200000032 ], [ 12.0528851, 44.309711100000044 ], [ 12.0564222, 44.30829740000005 ], [ 12.0558949, 44.307221100000021 ], [ 12.0545924, 44.305510500000025 ], [ 12.0637051, 44.301925800000042 ], [ 12.0666556, 44.301687800000046 ], [ 12.0678021, 44.300082100000054 ], [ 12.0737858, 44.2983699 ], [ 12.0738656, 44.298564 ], [ 12.0770144, 44.297802300000015 ], [ 12.0762816, 44.2991751 ], [ 12.0820916, 44.30004820000002 ], [ 12.0852009, 44.300101600000033 ], [ 12.0861337, 44.30008510000004 ], [ 12.0869795, 44.3000044 ], [ 12.0875865, 44.2998062 ], [ 12.0907271, 44.298470600000037 ], [ 12.0924665, 44.297859700000032 ], [ 12.0971859, 44.295952 ], [ 12.0975405, 44.29491 ], [ 12.0966775, 44.294174 ], [ 12.0967955, 44.293697900000033 ], [ 12.0982332, 44.292814800000066 ], [ 12.0989306, 44.292085200000066 ], [ 12.1042628, 44.290434100000013 ], [ 12.105037, 44.290085699999985 ], [ 12.1068837, 44.288826 ], [ 12.1080683, 44.28835 ], [ 12.1069276, 44.283516600000013 ], [ 12.1066373, 44.281612200000033 ], [ 12.1062655, 44.280354 ], [ 12.1059001, 44.279618700000043 ], [ 12.1038544, 44.2749342 ], [ 12.1032494, 44.273076400000029 ], [ 12.1028855, 44.271821300000028 ], [ 12.1031911, 44.271803300000059 ], [ 12.1047328, 44.271167100000035 ], [ 12.1053747, 44.2709002 ], [ 12.1061001, 44.270602800000034 ], [ 12.1113432, 44.268439 ], [ 12.131911, 44.260247600000014 ], [ 12.1321357, 44.2603648 ], [ 12.1367625, 44.258814599999987 ], [ 12.1367383, 44.258647400000015 ], [ 12.142375, 44.255710200000053 ], [ 12.1464912, 44.2537526 ], [ 12.1494936, 44.2529437 ], [ 12.1506576, 44.2527214 ], [ 12.1521516, 44.252501899999984 ], [ 12.1551128, 44.252248300000019 ], [ 12.1593614, 44.251426 ], [ 12.1621509, 44.250619100000051 ], [ 12.1649619, 44.249182 ], [ 12.1641895, 44.248488600000037 ], [ 12.166083, 44.247214500000041 ], [ 12.1651818, 44.246668800000052 ], [ 12.1649029, 44.246115500000045 ], [ 12.1670486, 44.245408400000038 ], [ 12.1713938, 44.2443017 ], [ 12.1709351, 44.243254500000027 ], [ 12.1744883, 44.242657 ], [ 12.1754052, 44.242494399999984 ], [ 12.1756532, 44.242487900000043 ], [ 12.1763798, 44.244552100000057 ], [ 12.1769198, 44.245553500000021 ], [ 12.177762, 44.2486123 ], [ 12.1804067, 44.2474518 ], [ 12.1878149, 44.253936300000021 ], [ 12.1898955, 44.255207200000036 ], [ 12.2026395, 44.256834100000034 ], [ 12.2031817, 44.256899900000036 ], [ 12.2053961, 44.2570808 ], [ 12.2060474, 44.257080500000043 ], [ 12.2097885, 44.256543200000053 ], [ 12.2099349, 44.256242 ], [ 12.2104912, 44.254957 ], [ 12.2106274, 44.254467100000035 ], [ 12.2118671, 44.249174700000033 ], [ 12.2106903, 44.246257500000048 ], [ 12.2109474, 44.238955800000014 ], [ 12.2106565, 44.238441900000048 ], [ 12.2101788, 44.2377171 ], [ 12.2089395, 44.2365726 ], [ 12.2050148, 44.233478100000035 ], [ 12.2006824, 44.230305600000044 ], [ 12.1958278, 44.226161800000057 ], [ 12.1942897, 44.224761 ], [ 12.1935324, 44.224004900000025 ], [ 12.1915512, 44.223506600000015 ], [ 12.1901691, 44.2225707 ], [ 12.1887046, 44.221574700000019 ], [ 12.1844961, 44.224023700000046 ], [ 12.1829685, 44.224714500000026 ], [ 12.1826196, 44.225210400000016 ], [ 12.1826005, 44.2252259 ], [ 12.1824637, 44.225336300000052 ], [ 12.1822347, 44.2255002 ], [ 12.1817754, 44.225342 ], [ 12.1755745, 44.221778700000037 ], [ 12.1740304, 44.220768300000067 ], [ 12.1718135, 44.218417300000041 ], [ 12.171386, 44.217916 ], [ 12.1711583, 44.217436 ], [ 12.1711037, 44.217320700000016 ], [ 12.1708776, 44.216840900000037 ], [ 12.1708417, 44.216636099999988 ], [ 12.1587056, 44.213937500000036 ], [ 12.1585903, 44.2139333 ], [ 12.1580095, 44.213912200000046 ], [ 12.1481895, 44.2146062 ], [ 12.1437313, 44.215035200000017 ], [ 12.1332129, 44.214721300000022 ], [ 12.1167126, 44.2088408 ], [ 12.1098941, 44.2064106 ], [ 12.0935748, 44.186112300000055 ], [ 12.092785, 44.1851254 ], [ 12.0924222, 44.1843475 ], [ 12.0923871, 44.184269800000017 ], [ 12.0923479, 44.184183 ], [ 12.0897355, 44.178006 ], [ 12.0892543, 44.1766956 ], [ 12.0892527, 44.1759485 ], [ 12.0893164, 44.17583340000003 ], [ 12.0895613, 44.175391 ], [ 12.0898232, 44.175119 ], [ 12.0934333, 44.1707398 ], [ 12.0966469, 44.164512900000048 ], [ 12.09672, 44.1639978 ], [ 12.0966033, 44.163442800000034 ], [ 12.0965463, 44.163199800000037 ], [ 12.0965068, 44.163031300000014 ], [ 12.0963913, 44.162737300000032 ], [ 12.0961472, 44.16237480000003 ], [ 12.0958991, 44.16217450000002 ], [ 12.0956812, 44.162072400000064 ], [ 12.0954036, 44.162025900000039 ], [ 12.0952897, 44.162055200000047 ], [ 12.0947003, 44.162207 ], [ 12.0937607, 44.162403400000031 ], [ 12.092823, 44.1624199 ], [ 12.0915196, 44.162365200000025 ], [ 12.0902505, 44.162012500000024 ], [ 12.0892889, 44.161318299999984 ], [ 12.0883628, 44.160587200000037 ], [ 12.087928, 44.159923700000022 ], [ 12.0876808, 44.159021200000019 ], [ 12.0876896, 44.158965 ], [ 12.0878686, 44.157827700000034 ], [ 12.086142907308547, 44.15394813760571 ], [ 12.08602423046047, 44.154128060234996 ], [ 12.085842317353372, 44.154545401145704 ], [ 12.08568105381128, 44.154870534153936 ], [ 12.085661832776967, 44.154990198575682 ], [ 12.085676151145728, 44.155264759875713 ], [ 12.085751644274913, 44.155491842933202 ], [ 12.085812038207772, 44.155673508788944 ], [ 12.085921851953112, 44.155826344404758 ], [ 12.086005762566344, 44.155970714699016 ], [ 12.086110978766015, 44.156279479217133 ], [ 12.086115578181728, 44.156279608523178 ], [ 12.086083691254462, 44.156976312758736 ], [ 12.08606796851817, 44.157344453803319 ], [ 12.086029441528112, 44.158112357975774 ], [ 12.086034812858001, 44.158215342207889 ], [ 12.085957449141382, 44.158217433465566 ], [ 12.085819039784662, 44.158248670062136 ], [ 12.085784003769261, 44.158309189160754 ], [ 12.08572895344817, 44.159694585254648 ], [ 12.085763449114054, 44.159867786166224 ], [ 12.085818121441275, 44.159939627616211 ], [ 12.085928658726798, 44.160106190685383 ], [ 12.086472341166766, 44.160522243303326 ], [ 12.087133316507199, 44.160990110738638 ], [ 12.087823313309876, 44.161525925882614 ], [ 12.088304410309092, 44.161961992569736 ], [ 12.088414719504845, 44.162123977021047 ], [ 12.088419018762549, 44.162206345491768 ], [ 12.088346083481662, 44.162272473317564 ], [ 12.088210533276717, 44.162358624723808 ], [ 12.088202118810214, 44.162441337901818 ], [ 12.088582471848945, 44.162898457913428 ], [ 12.088639059900469, 44.163006906704005 ], [ 12.088591551128333, 44.163072346934676 ], [ 12.088365568762145, 44.163133450575948 ], [ 12.088127754400203, 44.163220403078327 ], [ 12.088075561984885, 44.163149143576675 ], [ 12.088049745822646, 44.163106412339808 ], [ 12.088048751066319, 44.16310476872858 ], [ 12.087998416029274, 44.163021918126198 ], [ 12.087959463418615, 44.162944341504591 ], [ 12.087953065909334, 44.162931889229384 ], [ 12.087921646731342, 44.162877541346568 ], [ 12.087900191923501, 44.16284532395251 ], [ 12.087870853513198, 44.16280343143665 ], [ 12.087864029643406, 44.162793829690472 ], [ 12.08781523755909, 44.162726195131143 ], [ 12.0878072261513, 44.162715274837353 ], [ 12.087776988365977, 44.162677016452875 ], [ 12.087716581441018, 44.162604772011711 ], [ 12.087705805091725, 44.162592124681481 ], [ 12.087660252181607, 44.162543274504095 ], [ 12.087640004175883, 44.162523602233563 ], [ 12.087591843632184, 44.162478121080674 ], [ 12.087546218235676, 44.162426218352913 ], [ 12.087526173362942, 44.162404141201563 ], [ 12.087478145075766, 44.162352906682081 ], [ 12.087470274490679, 44.162344611642993 ], [ 12.087401386770908, 44.162272878952834 ], [ 12.087383567668198, 44.162250574674836 ], [ 12.087359969160888, 44.162222252771997 ], [ 12.087347489647323, 44.162208174545128 ], [ 12.087330705200044, 44.162177967754445 ], [ 12.087311427660513, 44.162145172252153 ], [ 12.087281770184603, 44.162097384673494 ], [ 12.087277884980331, 44.162091188133957 ], [ 12.087271467034938, 44.162081213676565 ], [ 12.087234548363991, 44.162024760573203 ], [ 12.087204627796988, 44.161982005352435 ], [ 12.087163571459957, 44.161931111071667 ], [ 12.087152283589083, 44.16191835850627 ], [ 12.087100808017496, 44.161861278415905 ], [ 12.08709229476686, 44.161851441798397 ], [ 12.087079756949006, 44.161824161857609 ], [ 12.087067506997284, 44.161798786080972 ], [ 12.08703472451255, 44.161734016046864 ], [ 12.087029057818462, 44.16172304574075 ], [ 12.087024830449755, 44.161715131070466 ], [ 12.086989767838642, 44.161650425906487 ], [ 12.086962507102257, 44.161604008202872 ], [ 12.08692614439855, 44.161551284316751 ], [ 12.086893670820258, 44.161510442584706 ], [ 12.086859803528625, 44.161470326324654 ], [ 12.086851196637015, 44.161460280456829 ], [ 12.086805571051057, 44.161411444885744 ], [ 12.086802894408478, 44.161408784077118 ], [ 12.086783004362953, 44.161389086377966 ], [ 12.086781365656375, 44.161384019230248 ], [ 12.086759984993327, 44.161327177128321 ], [ 12.086735707114839, 44.161275723609968 ], [ 12.086712512779632, 44.161231052682005 ], [ 12.086710287355819, 44.161226802118705 ], [ 12.086678776280475, 44.161172475523529 ], [ 12.08664238937814, 44.161119757430079 ], [ 12.086601285970868, 44.161068875588512 ], [ 12.086555637421721, 44.161020045777342 ], [ 12.086505642297086, 44.160973476911309 ], [ 12.086463214290918, 44.160938422003483 ], [ 12.086394438216931, 44.160884488667705 ], [ 12.086382736629583, 44.160875438875543 ], [ 12.086324700297785, 44.160833984090516 ], [ 12.08629168983023, 44.160811903493467 ], [ 12.086229999101183, 44.160773277593137 ], [ 12.086172497341249, 44.160741550353009 ], [ 12.086125330597305, 44.160694430832272 ], [ 12.086124562724569, 44.160693667694517 ], [ 12.086121647224713, 44.160690786127283 ], [ 12.086091414235513, 44.160661018681786 ], [ 12.086082721541173, 44.160647071538847 ], [ 12.086046169020252, 44.160594372804646 ], [ 12.086042870208228, 44.16059001392577 ], [ 12.085981647143729, 44.160509636154195 ], [ 12.08594365093629, 44.160463134828873 ], [ 12.085910644328356, 44.160427318867143 ], [ 12.08586721194075, 44.16038255997632 ], [ 12.085854364756862, 44.160369568905629 ], [ 12.085804144610583, 44.160323025881027 ], [ 12.085749777453607, 44.160278945451552 ], [ 12.085726202482075, 44.160261529441122 ], [ 12.085667998102872, 44.160219678896112 ], [ 12.085518657525299, 44.160111748033408 ], [ 12.085452703581664, 44.160060548669939 ], [ 12.085266031586455, 44.15991246127556 ], [ 12.085170937328444, 44.1598363385299 ], [ 12.085094237155436, 44.159764638837494 ], [ 12.085079313805881, 44.159750965894887 ], [ 12.084987481420884, 44.159668484438122 ], [ 12.084906034595448, 44.159582332996266 ], [ 12.0848848935979, 44.159560667135111 ], [ 12.084802904870948, 44.159479226104182 ], [ 12.084802135785562, 44.15947846298085 ], [ 12.084755553952489, 44.159435142870791 ], [ 12.084664485824442, 44.15935559414811 ], [ 12.084660784498247, 44.159352376494766 ], [ 12.084644694368727, 44.159338733286901 ], [ 12.084628982541698, 44.159325677016099 ], [ 12.084625115538929, 44.159313629204931 ], [ 12.084618290822283, 44.15929414539896 ], [ 12.0846022119489, 44.159250321389067 ], [ 12.08458732744691, 44.159213042294795 ], [ 12.08456048448684, 44.159157416631629 ], [ 12.084528621273538, 44.159103165906103 ], [ 12.084491877262483, 44.159050520978674 ], [ 12.084450406740073, 44.158999708802007 ], [ 12.084404393558026, 44.158950945809046 ], [ 12.084390432937088, 44.158937414885983 ], [ 12.084351867800871, 44.158900753034175 ], [ 12.084315469897486, 44.158867778176173 ], [ 12.084260979155662, 44.15882372831549 ], [ 12.084202591477927, 44.158782324516352 ], [ 12.084180946162695, 44.158768279660507 ], [ 12.084128859011212, 44.158735259546773 ], [ 12.084088470742152, 44.158710722028516 ], [ 12.084023055599499, 44.158675127181041 ], [ 12.084014507726557, 44.158670822421605 ], [ 12.084002916008647, 44.158649380160668 ], [ 12.08398078850829, 44.158611091876857 ], [ 12.083908278535947, 44.158493339612747 ], [ 12.083900780240043, 44.15848139369924 ], [ 12.083888041285048, 44.158462097394676 ], [ 12.083868010923975, 44.158432663540964 ], [ 12.083862250683284, 44.158373827510808 ], [ 12.083858603001227, 44.158351278091089 ], [ 12.083855379833286, 44.158333326792309 ], [ 12.083847929529794, 44.158297543634809 ], [ 12.0838315401862, 44.1582398570268 ], [ 12.083809924607751, 44.158183062280351 ], [ 12.083783181489951, 44.158127401904743 ], [ 12.083751425606504, 44.158073114476338 ], [ 12.083714791484772, 44.158020432760296 ], [ 12.083673439574568, 44.157969581782083 ], [ 12.083627544992286, 44.157920778151947 ], [ 12.083577307529442, 44.157874230765636 ], [ 12.083544360555969, 44.157846824094477 ], [ 12.083496683586189, 44.157808732964106 ], [ 12.083475264702507, 44.157792048963252 ], [ 12.083473586131189, 44.157790777235931 ], [ 12.083280992830678, 44.157645012117847 ], [ 12.083224434762622, 44.157604827735007 ], [ 12.083200653866859, 44.157588969787625 ], [ 12.083187453591982, 44.157577214284998 ], [ 12.083179657660471, 44.157561232418715 ], [ 12.083149366698628, 44.157498791870907 ], [ 12.08313702197005, 44.157474473979676 ], [ 12.083105344719323, 44.157420159499168 ], [ 12.083068792975626, 44.157367449724475 ], [ 12.083049310042501, 44.157342473318664 ], [ 12.083010316301115, 44.157294290282294 ], [ 12.08298853344674, 44.157268385735009 ], [ 12.082942732500911, 44.157219551040576 ], [ 12.082922378216052, 44.15719987725663 ], [ 12.082881618034406, 44.15716157907805 ], [ 12.082851832233432, 44.157134672492944 ], [ 12.082797568663919, 44.157090546007389 ], [ 12.082739409421357, 44.157049064605175 ], [ 12.082716812998648, 44.157034333943514 ], [ 12.082667286638982, 44.157002826024097 ], [ 12.08262808290077, 44.156978895660721 ], [ 12.082626879272059, 44.156978191781825 ], [ 12.082625008982955, 44.156975319772833 ], [ 12.08259317305215, 44.156929825580221 ], [ 12.082554933122744, 44.156882346269867 ], [ 12.082525856529449, 44.156848652467723 ], [ 12.082522888059254, 44.156845230538202 ], [ 12.082477148272259, 44.156796375458264 ], [ 12.082427065611013, 44.156749775674342 ], [ 12.082372858233075, 44.156705630693061 ], [ 12.082361742059602, 44.156697263371647 ], [ 12.082319091266703, 44.156665562019668 ], [ 12.082272109368944, 44.156632427504249 ], [ 12.082230347597521, 44.156605710977537 ], [ 12.082222867747236, 44.156596930406764 ], [ 12.082173550513094, 44.156527661610355 ], [ 12.082162460993226, 44.156512445082498 ], [ 12.082094089779757, 44.156420670304776 ], [ 12.082093173966166, 44.156419439158618 ], [ 12.082052113136653, 44.156368489637572 ], [ 12.082050256042875, 44.156366356259589 ], [ 12.081947849773734, 44.156249074484514 ], [ 12.081857459638332, 44.156144619544335 ], [ 12.081856663798938, 44.156143701756847 ], [ 12.081837042821153, 44.156121799001426 ], [ 12.08172646142933, 44.156002185814515 ], [ 12.081700499285507, 44.155975183096217 ], [ 12.081689643009074, 44.155964485491751 ], [ 12.081691953617954, 44.155948554800865 ], [ 12.081697072164227, 44.155889747138282 ], [ 12.081696845619238, 44.15583082405611 ], [ 12.081691276913855, 44.155772037211378 ], [ 12.081680390177166, 44.155713637834268 ], [ 12.081672573005822, 44.155683261559211 ], [ 12.081667057518715, 44.155663708811907 ], [ 12.08165871774842, 44.155636323929869 ], [ 12.081637358276408, 44.155579448639379 ], [ 12.081610887533504, 44.155523703681801 ], [ 12.081579420213414, 44.155469325833366 ], [ 12.081543093354856, 44.155416548714008 ], [ 12.081502058662949, 44.155365597528586 ], [ 12.081499080521541, 44.155362180273549 ], [ 12.081482206348777, 44.155342915330841 ], [ 12.081439552218026, 44.155297458626492 ], [ 12.081389400437633, 44.155250921964537 ], [ 12.081335138736636, 44.155206833454827 ], [ 12.081276998616366, 44.15516538241382 ], [ 12.08121522735976, 44.155126746112124 ], [ 12.081150090590693, 44.15509109152773 ], [ 12.08108186827096, 44.155058568208894 ], [ 12.081049190418327, 44.15504455761161 ], [ 12.08101194023406, 44.155029133990546 ], [ 12.080973603617599, 44.155013893679694 ], [ 12.080900097298025, 44.154988040866456 ], [ 12.080824416277686, 44.154965695265425 ], [ 12.080746884778119, 44.15494695411217 ], [ 12.080667835091965, 44.154931896436771 ], [ 12.080587606500709, 44.154920587596713 ], [ 12.080506542584139, 44.154913073917719 ], [ 12.080467646891028, 44.154910836434354 ], [ 12.080399209584879, 44.154907671199766 ], [ 12.080356552934159, 44.154906224668515 ], [ 12.080274862072372, 44.154906384944013 ], [ 12.080195517694529, 44.154910233164827 ], [ 12.080088989076875, 44.154917862590516 ], [ 12.080086857100394, 44.154918016378979 ], [ 12.080005940353669, 44.154925845894439 ], [ 12.079925931310385, 44.154937467138062 ], [ 12.079847172570735, 44.154952830828144 ], [ 12.079770003685329, 44.1549718724077 ], [ 12.079717194447658, 44.154987319402579 ], [ 12.079665748379107, 44.155003365130234 ], [ 12.079648023185381, 44.155009011576198 ], [ 12.079620719816477, 44.155017895284779 ], [ 12.079616006552124, 44.155019437060631 ], [ 12.079542999742724, 44.155045571051275 ], [ 12.079472547930967, 44.155075090197045 ], [ 12.079448222278085, 44.15508635454362 ], [ 12.079397233999913, 44.155110573957799 ], [ 12.07935396275624, 44.155132089684308 ], [ 12.079289515137232, 44.155167989460615 ], [ 12.079245940551557, 44.155195205957568 ], [ 12.079175683771638, 44.155241197073678 ], [ 12.079158231322916, 44.155252843044444 ], [ 12.079153783424777, 44.155255885254199 ], [ 12.079137234398114, 44.155267255956893 ], [ 12.079133212945463, 44.155268984112396 ], [ 12.079049482160025, 44.155300734523479 ], [ 12.078927105375325, 44.155345683051017 ], [ 12.078902263010249, 44.155355061197085 ], [ 12.078831603724646, 44.155384658936185 ], [ 12.078763774693106, 44.155417525353812 ], [ 12.078738076567186, 44.155431241300462 ], [ 12.078665845865748, 44.155470831719832 ], [ 12.078544811500844, 44.155536302388597 ], [ 12.078540592095598, 44.155538593860527 ], [ 12.078507809072798, 44.155556482984551 ], [ 12.078448140673503, 44.155573818141747 ], [ 12.078418883836774, 44.155582629751791 ], [ 12.078315755948562, 44.155614806679509 ], [ 12.07829327403255, 44.155622011712033 ], [ 12.078285545563821, 44.15562457658131 ], [ 12.078184764716395, 44.155658332957842 ], [ 12.07811928528764, 44.155681970041307 ], [ 12.078048476152983, 44.155711620756193 ], [ 12.077980502067987, 44.155744535562228 ], [ 12.07797472544091, 44.155747552950665 ], [ 12.077969256824108, 44.155750427024024 ], [ 12.077960695362894, 44.155752561988287 ], [ 12.077925537402807, 44.155761757094545 ], [ 12.0778596984391, 44.155781340392942 ], [ 12.077665484906788, 44.15584381664025 ], [ 12.077500458992311, 44.155892758617789 ], [ 12.077456850518571, 44.155906394102786 ], [ 12.077448278707108, 44.155909241973852 ], [ 12.07733160658514, 44.15594839745637 ], [ 12.077266839141187, 44.155971796860371 ], [ 12.077196033874918, 44.156001437873691 ], [ 12.077191292543761, 44.156003585478516 ], [ 12.077110976229243, 44.156040145823354 ], [ 12.077047750968019, 44.156070903221227 ], [ 12.076982911376891, 44.156106934764196 ], [ 12.076921480061467, 44.156145934743925 ], [ 12.076887958522805, 44.156169526547174 ], [ 12.076794025737824, 44.156205523326506 ], [ 12.07664830821715, 44.156260324520908 ], [ 12.076634404827015, 44.156265633071847 ], [ 12.076570590618113, 44.156292140858213 ], [ 12.076456757752714, 44.15634269189232 ], [ 12.076449773186386, 44.156345816411466 ], [ 12.076442806236438, 44.156348979371742 ], [ 12.076306408326918, 44.156411344075487 ], [ 12.076208086012159, 44.156454701874992 ], [ 12.076135363774926, 44.156482681708646 ], [ 12.076131985669408, 44.156483986344348 ], [ 12.076126043732943, 44.156486304121174 ], [ 12.076037552655192, 44.156521046215616 ], [ 12.075950565060424, 44.156552069884377 ], [ 12.075779063140793, 44.156605247475149 ], [ 12.075772148426315, 44.156607409698871 ], [ 12.075559172114545, 44.156674539764644 ], [ 12.075418028815102, 44.156718481500945 ], [ 12.07539481672872, 44.156725909828054 ], [ 12.075375824546578, 44.156732293649213 ], [ 12.075331307867286, 44.156747583911702 ], [ 12.075290928535468, 44.156747646851571 ], [ 12.07513427238489, 44.156746952988499 ], [ 12.075109216106304, 44.156747022828426 ], [ 12.075006685718478, 44.156748047518981 ], [ 12.074897281126145, 44.156752593985082 ], [ 12.074816165985068, 44.156760475685346 ], [ 12.074802646666777, 44.156762170179029 ], [ 12.074755073284987, 44.156768326154165 ], [ 12.074688360192553, 44.156778313712941 ], [ 12.074668220945547, 44.156781870315264 ], [ 12.074584616521467, 44.156797161877087 ], [ 12.074525753570184, 44.156809035587777 ], [ 12.074448314903949, 44.156828148883577 ], [ 12.074380007201368, 44.156848507439385 ], [ 12.074247588929719, 44.156891307454352 ], [ 12.074240355490351, 44.156893664517426 ], [ 12.074233741234535, 44.156895855805445 ], [ 12.073981285393103, 44.156980140064093 ], [ 12.073843880668161, 44.157025335505189 ], [ 12.073737841978399, 44.157057594909475 ], [ 12.073596833059892, 44.157096627945762 ], [ 12.073426750381257, 44.157141340247314 ], [ 12.073411495874353, 44.1571454321641 ], [ 12.073372281221197, 44.157156707083061 ], [ 12.073180664736666, 44.157214515163766 ], [ 12.072984712385646, 44.157265597119647 ], [ 12.072944505653252, 44.157266644499764 ], [ 12.072862866571509, 44.157270698065588 ], [ 12.072781763128067, 44.157278584234938 ], [ 12.072701544765096, 44.15729026985202 ], [ 12.072622556531593, 44.15730570380606 ], [ 12.072588273178125, 44.157313666998455 ], [ 12.072317935131132, 44.157379563460943 ], [ 12.072299641804172, 44.157384136436811 ], [ 12.071719483809664, 44.157532780545907 ], [ 12.070957420796322, 44.157724769010336 ], [ 12.070947992555606, 44.157727174232548 ], [ 12.069716163791769, 44.158045819492365 ], [ 12.068603123346371, 44.15833079186951 ], [ 12.068591345242156, 44.15833385730005 ], [ 12.067744064493182, 44.158557805022973 ], [ 12.067640455772196, 44.158584434837167 ], [ 12.067549379624822, 44.158550751228788 ], [ 12.06752972749468, 44.15854363989537 ], [ 12.067360649705718, 44.158483793839331 ], [ 12.067320179503643, 44.158470110428105 ], [ 12.067245885223814, 44.158448191932294 ], [ 12.067046450231953, 44.158394676608403 ], [ 12.067045085544349, 44.158394311384846 ], [ 12.066967555516237, 44.158375637524578 ], [ 12.066888485489354, 44.158360657274606 ], [ 12.066877212391699, 44.158358842348449 ], [ 12.06664217578645, 44.158321830600983 ], [ 12.066404481897123, 44.15828306873896 ], [ 12.06632647707384, 44.158272213329532 ], [ 12.066245351748341, 44.158264793441873 ], [ 12.066163716075261, 44.158261210808909 ], [ 12.066081929266511, 44.158261495254322 ], [ 12.066000347779536, 44.158265669440134 ], [ 12.065919307781783, 44.158273677942724 ], [ 12.065839156231355, 44.158285487679187 ], [ 12.065760239468723, 44.158301048438261 ], [ 12.065682893208383, 44.158320292177542 ], [ 12.065607449034831, 44.158343140111491 ], [ 12.065534231517871, 44.158369491942537 ], [ 12.065463552336304, 44.158399235902351 ], [ 12.065395716349965, 44.158432244119609 ], [ 12.065331013001257, 44.158468376400272 ], [ 12.06526971995863, 44.15850747744809 ], [ 12.06521209825871, 44.158549380570165 ], [ 12.065158397196896, 44.158593904872795 ], [ 12.065108843299233, 44.158640860894309 ], [ 12.065063652662623, 44.158690046750202 ], [ 12.065023014905963, 44.158741252963942 ], [ 12.064987106789697, 44.158794259488694 ], [ 12.064956079842995, 44.158848838660504 ], [ 12.064930067878246, 44.158904755950587 ], [ 12.064909183347316, 44.158961772744462 ], [ 12.06489351356754, 44.159019645514874 ], [ 12.064883124397628, 44.159078123944127 ], [ 12.064878062991491, 44.159136958086712 ], [ 12.064878350250716, 44.159195896715232 ], [ 12.06488398207118, 44.159254687295658 ], [ 12.064894965105724, 44.159313098731495 ], [ 12.064911330307945, 44.159370950866446 ], [ 12.064932899474636, 44.159427904414805 ], [ 12.064959581433962, 44.159483714890655 ], [ 12.064991260234454, 44.159538142812345 ], [ 12.065027800197957, 44.159590955406387 ], [ 12.065069044672343, 44.159641926632332 ], [ 12.065114819837534, 44.159690838911366 ], [ 12.06516492591088, 44.15973748149743 ], [ 12.065219151059864, 44.159781655613159 ], [ 12.065277261360448, 44.159823172845655 ], [ 12.06533900949392, 44.159861854071266 ], [ 12.065404129921333, 44.159897534062758 ], [ 12.065472343806732, 44.159930059586884 ], [ 12.065543359114834, 44.159959292109228 ], [ 12.065616873040149, 44.159985105941466 ], [ 12.06569256836379, 44.160007391020784 ], [ 12.065770123364846, 44.160026050907753 ], [ 12.0658492044361, 44.160041005640529 ], [ 12.065851470375886, 44.160041376362308 ], [ 12.066093676580708, 44.160080768600785 ], [ 12.066102685167024, 44.160082209261304 ], [ 12.066255872229538, 44.160106350400106 ], [ 12.066313869517449, 44.160121931964376 ], [ 12.06641702929346, 44.160158495391755 ], [ 12.066547382101714, 44.160206770778451 ], [ 12.066732169210193, 44.160277764455294 ], [ 12.066824915257207, 44.160318402993504 ], [ 12.066889584654584, 44.160344871479737 ], [ 12.066963109953278, 44.160370726543206 ], [ 12.067038820355464, 44.160393053653593 ], [ 12.067085691556878, 44.160404841125178 ], [ 12.067134843866979, 44.160416416145772 ], [ 12.067165540222968, 44.160423331506067 ], [ 12.067244633822849, 44.160438330043696 ], [ 12.067324916612341, 44.160449558852562 ], [ 12.067406042464823, 44.160456971608319 ], [ 12.067487664526903, 44.160460536437363 ], [ 12.067569434036926, 44.1604602377448 ], [ 12.067602602137319, 44.16045933208698 ], [ 12.067684168454743, 44.160455171432133 ], [ 12.067765181530412, 44.1604471666557 ], [ 12.067845296889004, 44.160435351701537 ], [ 12.067924169427966, 44.160419777668857 ], [ 12.067937532537085, 44.160416736619332 ], [ 12.068049565030945, 44.160390744978876 ], [ 12.068126846034419, 44.160372815343038 ], [ 12.068165392407682, 44.160363370156489 ], [ 12.068588877291637, 44.160254010782751 ], [ 12.068599500421469, 44.160251228262631 ], [ 12.06944531102349, 44.160026570957797 ], [ 12.070553779405062, 44.159741809859142 ], [ 12.070558713931556, 44.159740537455207 ], [ 12.07178693914094, 44.159421953360386 ], [ 12.0725467574589, 44.159230182001863 ], [ 12.072552967469537, 44.159228604297006 ], [ 12.07312697315936, 44.159081575839487 ], [ 12.073214756754219, 44.15906018510271 ], [ 12.073287203856589, 44.159058309162994 ], [ 12.073368821006634, 44.159054269280446 ], [ 12.073449901119721, 44.159046394896528 ], [ 12.073530098550542, 44.159034721801973 ], [ 12.073609069358925, 44.159019298385402 ], [ 12.073686475247335, 44.159000190967348 ], [ 12.073707783926752, 44.158994204086049 ], [ 12.073770799449402, 44.158976016245624 ], [ 12.073791103963801, 44.158970007047714 ], [ 12.073823644218059, 44.158960134133011 ], [ 12.074058866770921, 44.158898830068537 ], [ 12.074077269149068, 44.158893916282992 ], [ 12.07411647395093, 44.158882650347898 ], [ 12.074309615094085, 44.158824463703283 ], [ 12.074462160925968, 44.158784425561578 ], [ 12.074477414807342, 44.158780340730978 ], [ 12.074482032323143, 44.158779071779023 ], [ 12.0746520624889, 44.158732075440028 ], [ 12.074690085187468, 44.158721047684324 ], [ 12.074831580377351, 44.158678057282152 ], [ 12.074864499065509, 44.15866765137006 ], [ 12.075021573900173, 44.158616043833845 ], [ 12.075028113137776, 44.158613878363397 ], [ 12.07522733076236, 44.158547421338625 ], [ 12.075277409960792, 44.158547660312543 ], [ 12.075287863238255, 44.158547678228445 ], [ 12.07542231743359, 44.158547510411942 ], [ 12.075439662167781, 44.158547401956071 ], [ 12.075553550154019, 44.158546122236459 ], [ 12.075660181305521, 44.158541638835288 ], [ 12.075688187123751, 44.158539364327154 ], [ 12.07576534316383, 44.158532463538577 ], [ 12.075818433349212, 44.158526881339981 ], [ 12.075898647632014, 44.158515222289907 ], [ 12.075967935373088, 44.158501920925772 ], [ 12.076028838711514, 44.158488872370583 ], [ 12.076038540944293, 44.158486763432471 ], [ 12.076115965729249, 44.158467666419121 ], [ 12.076189054534527, 44.158445765599147 ], [ 12.076227198145316, 44.158433302146108 ], [ 12.076229640024938, 44.158432502565354 ], [ 12.076247161103272, 44.158426627161887 ], [ 12.076330120281979, 44.158398243635823 ], [ 12.076331588305166, 44.158397740551017 ], [ 12.076429492563758, 44.158364130419429 ], [ 12.076551927907515, 44.158326037044688 ], [ 12.076557104140964, 44.158324416666403 ], [ 12.07676917625172, 44.158257610492186 ], [ 12.07696782727063, 44.158196051356768 ], [ 12.076992773638059, 44.158188087191967 ], [ 12.077028363659648, 44.158175898388066 ], [ 12.077167291319432, 44.158126372831198 ], [ 12.077205017084253, 44.158112344846046 ], [ 12.077210959177449, 44.158110027911192 ], [ 12.077316398544054, 44.158068645788354 ], [ 12.077416908835346, 44.158029988731187 ], [ 12.077420287034998, 44.158028684956399 ], [ 12.077480774765627, 44.158003659886127 ], [ 12.077619157505243, 44.157942652354684 ], [ 12.077629458318475, 44.157938061022115 ], [ 12.077636425460232, 44.157934899788387 ], [ 12.077774448860168, 44.157871806134658 ], [ 12.077843197532427, 44.157841284003453 ], [ 12.077953561322099, 44.157799794301141 ], [ 12.077962159482144, 44.157796530853709 ], [ 12.078136718671182, 44.157729661482655 ], [ 12.078142016786149, 44.157727619954557 ], [ 12.078197835972366, 44.157704635977467 ], [ 12.078273677820768, 44.157671515429826 ], [ 12.078288590918913, 44.157664899863754 ], [ 12.078356486417849, 44.157632031623599 ], [ 12.078421256988236, 44.157596034042371 ], [ 12.078432268856735, 44.157589411930815 ], [ 12.07851679006472, 44.157537990835912 ], [ 12.078631087422297, 44.157504127181021 ], [ 12.078664935380198, 44.157493677021805 ], [ 12.078826152919138, 44.157441857726326 ], [ 12.078914361582294, 44.157419888747739 ], [ 12.078949473863885, 44.157410717705247 ], [ 12.079018307298606, 44.15739018588679 ], [ 12.079078842287519, 44.157370585664545 ], [ 12.079085472426543, 44.157368422617587 ], [ 12.079158715670497, 44.157342218438529 ], [ 12.079229425781071, 44.157312618633149 ], [ 12.079296247031531, 44.15728029640124 ], [ 12.079342808117206, 44.157256170496282 ], [ 12.07939458086916, 44.157240025504329 ], [ 12.079534796575789, 44.15719930881334 ], [ 12.079586561372663, 44.157183291093752 ], [ 12.079653200160479, 44.157159624435863 ], [ 12.079731439901037, 44.157129723326847 ], [ 12.079738030204542, 44.157127186621494 ], [ 12.079756693045153, 44.157119372298737 ], [ 12.07982978404555, 44.157203886631315 ], [ 12.079830577340756, 44.15720480358226 ], [ 12.079832433132479, 44.157206937023986 ], [ 12.079912891908599, 44.157299140808163 ], [ 12.079954890526478, 44.15735566957175 ], [ 12.080020354587154, 44.157447967774658 ], [ 12.080032326135315, 44.157464424476245 ], [ 12.080067001677861, 44.157507958730918 ], [ 12.080151546284602, 44.157607560452412 ], [ 12.080157910647456, 44.157614976876232 ], [ 12.080203491173497, 44.157663882140028 ], [ 12.080209891535524, 44.157670228724456 ], [ 12.080286428524456, 44.157745415084968 ], [ 12.080329954517543, 44.157785719332757 ], [ 12.080384009743019, 44.157829917113617 ], [ 12.080427107798274, 44.157861329662069 ], [ 12.080438441443681, 44.157869192993203 ], [ 12.080438845472992, 44.157869905739837 ], [ 12.080458534033184, 44.157902727665402 ], [ 12.080494873990554, 44.15795550481311 ], [ 12.080535930827265, 44.158006454064939 ], [ 12.08055081038707, 44.158023187912036 ], [ 12.080591723911892, 44.158068098854741 ], [ 12.080622440566502, 44.158100270675604 ], [ 12.080672380011041, 44.158146921071932 ], [ 12.080726448254396, 44.158191116605963 ], [ 12.080743776571211, 44.158204115725695 ], [ 12.080793395169641, 44.158240598343369 ], [ 12.080834036245427, 44.158269152273363 ], [ 12.080889755747641, 44.158304390840236 ], [ 12.080920339470977, 44.158357058826702 ], [ 12.080956697611825, 44.158409835440615 ], [ 12.08095996948896, 44.158414188705983 ], [ 12.081006250040577, 44.158475374792125 ], [ 12.081044053285472, 44.15852197020493 ], [ 12.08108966524029, 44.158570874437913 ], [ 12.081110635690786, 44.158591229974959 ], [ 12.081163186841843, 44.158640767941627 ], [ 12.081182041872767, 44.158658097569671 ], [ 12.081270711270337, 44.158737568483481 ], [ 12.081284880538252, 44.158786984424893 ], [ 12.081306259570974, 44.158843857467737 ], [ 12.081332759095258, 44.158899602708502 ], [ 12.081364263059401, 44.158953979782524 ], [ 12.081400638214113, 44.159006755887809 ], [ 12.081434354172258, 44.159049104505712 ], [ 12.081456124749455, 44.159074809302169 ], [ 12.081463502136319, 44.159083408826874 ], [ 12.081509132367904, 44.159132312500262 ], [ 12.081549579763337, 44.159170540768621 ], [ 12.081602022624116, 44.15921745346256 ], [ 12.081605922664108, 44.159220924357392 ], [ 12.081619967683368, 44.15923336137763 ], [ 12.081621664111498, 44.159235878719166 ], [ 12.081672374257213, 44.15931906775166 ], [ 12.081712446154473, 44.159393587456002 ], [ 12.081731606804013, 44.159427196530004 ], [ 12.081793977784967, 44.15953061493758 ], [ 12.081804330615416, 44.159547315975523 ], [ 12.081840869306035, 44.159600071486693 ], [ 12.081854670370104, 44.159617976223977 ], [ 12.081913223994933, 44.159691955664947 ], [ 12.081940672460805, 44.159724979492623 ], [ 12.081958528181048, 44.15974487327658 ], [ 12.082004422589089, 44.159794562646056 ], [ 12.082032349663974, 44.159823553899919 ], [ 12.082082467042042, 44.159870183782637 ], [ 12.082136840973615, 44.159914301148369 ], [ 12.082173346715809, 44.159940824711441 ], [ 12.082178709251261, 44.159954784983263 ], [ 12.082189517376527, 44.159981318070656 ], [ 12.082216308911558, 44.160036989524905 ], [ 12.082248123309888, 44.160091282477403 ], [ 12.08228481989913, 44.160143966080987 ], [ 12.082326245698342, 44.160194814246388 ], [ 12.082372221831829, 44.160243609524407 ], [ 12.082413807916481, 44.160282500228554 ], [ 12.082442605461228, 44.160307964294915 ], [ 12.082451347283611, 44.160315606142824 ], [ 12.082505810178118, 44.160359679119416 ], [ 12.082564176433607, 44.160401101404787 ], [ 12.082626197525842, 44.160439696646407 ], [ 12.082671036955597, 44.160464619774395 ], [ 12.082696104581755, 44.160477913152249 ], [ 12.082731722932582, 44.160507502906867 ], [ 12.082788432301157, 44.160557019573247 ], [ 12.08283693892631, 44.160605167403794 ], [ 12.082935543609311, 44.160709383017739 ], [ 12.082957465816316, 44.16073181124321 ], [ 12.082993506204392, 44.160765787054736 ], [ 12.083108334001029, 44.160868872396392 ], [ 12.083206748986951, 44.160960823395754 ], [ 12.083235927233718, 44.160987058185142 ], [ 12.083267636963882, 44.161013445048454 ], [ 12.083396498586394, 44.161116577120872 ], [ 12.083400332539926, 44.161119631555948 ], [ 12.08359351670703, 44.161272856430841 ], [ 12.083602683064871, 44.161280050268125 ], [ 12.083688451795554, 44.161346622682409 ], [ 12.0836981501909, 44.161354066545549 ], [ 12.083719419161408, 44.161369816104539 ], [ 12.083828477248948, 44.161448630145848 ], [ 12.083842693639888, 44.161471740991814 ], [ 12.083879301874379, 44.161524433911282 ], [ 12.083920636854218, 44.16157529047014 ], [ 12.083935046687962, 44.161591374658791 ], [ 12.083983488544934, 44.161644202977151 ], [ 12.084014957964827, 44.161676924304217 ], [ 12.084017874590963, 44.16167980410065 ], [ 12.084090672057735, 44.161751429654387 ], [ 12.084185194908692, 44.16184542843456 ], [ 12.084185961491356, 44.161846190709646 ], [ 12.084230261332076, 44.161887565775999 ], [ 12.084311652880224, 44.161959185156093 ], [ 12.084317573277479, 44.161964354741791 ], [ 12.084371922349442, 44.162008438945833 ], [ 12.084427530823922, 44.162048105852662 ], [ 12.084429238737728, 44.162051343775516 ], [ 12.084446425748338, 44.162082024689582 ], [ 12.084466441243238, 44.162115939016978 ], [ 12.084469817610321, 44.162121605476784 ], [ 12.084487296375384, 44.162150667372678 ], [ 12.084498423850908, 44.16216862464676 ], [ 12.084534993375874, 44.162221321711726 ], [ 12.08457628594101, 44.162272182462296 ], [ 12.084581742963531, 44.162278368216498 ], [ 12.084605983094102, 44.162305601488413 ], [ 12.084646365416379, 44.162348225369456 ], [ 12.084696552892394, 44.162394773164635 ], [ 12.084697505243819, 44.162395598460158 ], [ 12.084706510180665, 44.162403388194996 ], [ 12.084708393254958, 44.162407082711226 ], [ 12.084751253775654, 44.162499668498704 ], [ 12.084769284718451, 44.162536000008409 ], [ 12.084800952549212, 44.162590307717366 ], [ 12.084829441279597, 44.16263210088632 ], [ 12.084878564687322, 44.162699681411013 ], [ 12.084886624923941, 44.162710587406558 ], [ 12.084926708126872, 44.162760092882422 ], [ 12.084982502399814, 44.162824212663885 ], [ 12.084983687630665, 44.162825571884412 ], [ 12.084995029810274, 44.162838316361757 ], [ 12.085005999052402, 44.162850416051803 ], [ 12.085016857697772, 44.162867803071272 ], [ 12.085024658107576, 44.162881749295913 ], [ 12.085047261495145, 44.162925118823928 ], [ 12.085049691404658, 44.162929742421383 ], [ 12.085081342334876, 44.16298405218101 ], [ 12.085117870633399, 44.163036752561538 ], [ 12.085137345047595, 44.163061723275874 ], [ 12.085176325396359, 44.163109891230043 ], [ 12.085198101256914, 44.163135787276723 ], [ 12.085213047384949, 44.163152491124904 ], [ 12.085233888041062, 44.163175223920675 ], [ 12.085259344537722, 44.163206911080792 ], [ 12.085283059122943, 44.163235216659082 ], [ 12.085314892751789, 44.163269872688879 ], [ 12.085409670582694, 44.163368035165327 ], [ 12.08544368436638, 44.163404120560259 ], [ 12.085508859698411, 44.163477850005158 ], [ 12.085550823540437, 44.163522321869749 ], [ 12.085571148605183, 44.163541961399446 ], [ 12.085611052975279, 44.163579440230372 ], [ 12.085616082168253, 44.16358542071977 ], [ 12.085636196113121, 44.163613133786768 ], [ 12.08566316225393, 44.16366646857059 ], [ 12.085669593546424, 44.163678900444992 ], [ 12.085693628316834, 44.163721079864182 ], [ 12.085760190453499, 44.16382992290864 ], [ 12.08580441656034, 44.163902648497064 ], [ 12.085812955634621, 44.163916374983351 ], [ 12.085845147880757, 44.163963313423345 ], [ 12.085957676021975, 44.164115999824446 ], [ 12.085961924346826, 44.16412171543557 ], [ 12.085962320440192, 44.164122241563092 ], [ 12.086062458537985, 44.164255587825991 ], [ 12.086103206545792, 44.164305878786401 ], [ 12.086114253555213, 44.164318316918191 ], [ 12.086192158803458, 44.164404752389885 ], [ 12.086201627909132, 44.16442156098018 ], [ 12.086222686903822, 44.164456761214126 ], [ 12.086245997033222, 44.164491539887429 ], [ 12.086292601536105, 44.164557411136641 ], [ 12.086300201608141, 44.164570263311248 ], [ 12.08631088811395, 44.164600570478058 ], [ 12.086327176020854, 44.164642482627521 ], [ 12.086339389534496, 44.164669657264774 ], [ 12.08634337679271, 44.164678068483624 ], [ 12.086348143350184, 44.164723595031433 ], [ 12.086359008848424, 44.164781911955991 ], [ 12.086372060558034, 44.164829915080489 ], [ 12.086374985284413, 44.164839306738429 ], [ 12.08628031606135, 44.164894530854468 ], [ 12.085492861685431, 44.16541989020746 ], [ 12.08510366382662, 44.165769512988554 ], [ 12.084923926004651, 44.1659851650194 ], [ 12.084866559772026, 44.166105859384523 ], [ 12.084860527699798, 44.166234331455414 ], [ 12.084870073450972, 44.166417371751407 ], [ 12.084971487600475, 44.166652919700027 ], [ 12.085154918331202, 44.166996229192861 ], [ 12.08522803923476, 44.167177552106018 ], [ 12.085236155068451, 44.167333136425377 ], [ 12.08514010658482, 44.167688588636139 ], [ 12.085167147009013, 44.167962810140715 ], [ 12.085257284543783, 44.168226162107956 ], [ 12.085461858975647, 44.168486420852354 ], [ 12.085661658216006, 44.168655155186308 ], [ 12.085870592498948, 44.168754906201492 ], [ 12.08650318505892, 44.168921102895624 ], [ 12.086826317042803, 44.169013181990096 ], [ 12.086892282507288, 44.169057222943863 ], [ 12.086896582856387, 44.169139591904447 ], [ 12.086901839315182, 44.169240266164721 ], [ 12.086781376503788, 44.169371835364579 ], [ 12.086610051639852, 44.169504778927845 ], [ 12.086531079328779, 44.169699381437376 ], [ 12.086454970560034, 44.16994889713159 ], [ 12.086548832242327, 44.170771217093005 ], [ 12.086490510245307, 44.170873610221861 ], [ 12.086328074538585, 44.170932992898933 ], [ 12.086206652304497, 44.171046256872749 ], [ 12.086213339764372, 44.171174387640939 ], [ 12.086166778820969, 44.171258131653886 ], [ 12.085901843079151, 44.171549412397717 ], [ 12.085522645014066, 44.172091239294353 ], [ 12.08539853311466, 44.172397041757179 ], [ 12.085358654570086, 44.172608916052333 ], [ 12.08537171144315, 44.172608616240673 ], [ 12.08541954837421, 44.172923662915366 ], [ 12.085430764524757, 44.173138559494852 ], [ 12.085391884015898, 44.173298179151253 ], [ 12.085277382245122, 44.173516474997918 ], [ 12.085107691985296, 44.173883503160368 ], [ 12.085026019864967, 44.174429374521708 ], [ 12.084984408168628, 44.174838246763329 ], [ 12.085009787465451, 44.175324592725381 ], [ 12.085029266632919, 44.175697834584355 ], [ 12.085101710532323, 44.175960158366408 ], [ 12.085129093719171, 44.176102884700114 ], [ 12.085420459794756, 44.176559387517649 ], [ 12.085473509147068, 44.176671217526049 ], [ 12.085383939509445, 44.176764248436449 ], [ 12.085230916119139, 44.176847669606261 ], [ 12.085143115915869, 44.176974632255558 ], [ 12.085087926614751, 44.177123366146986 ], [ 12.085077156612847, 44.177520078743669 ], [ 12.085086680194145, 44.178607147433276 ], [ 12.085149471052555, 44.178905597445478 ], [ 12.085162459375988, 44.179154425861746 ], [ 12.085776071750706, 44.180055269073449 ], [ 12.085816362227845, 44.180224074492259 ], [ 12.085763760514606, 44.180723854788049 ], [ 12.08578951773462, 44.180915705954426 ], [ 12.085980116869342, 44.181250342942221 ], [ 12.085993404472426, 44.181504825204172 ], [ 12.086012894425002, 44.181878066881197 ], [ 12.086049281832279, 44.182273503168027 ], [ 12.086068180149681, 44.182635434059485 ], [ 12.086117922939078, 44.182985204855811 ], [ 12.086321389788164, 44.183274961287268 ], [ 12.086307351328911, 44.183297220384638 ], [ 12.086430958195205, 44.183554382507353 ], [ 12.08654511520146, 44.183630579658065 ], [ 12.086694448050009, 44.18371011822714 ], [ 12.08545575513825, 44.184057608634291 ], [ 12.083565775072902, 44.184799769692731 ], [ 12.082534891830248, 44.185168336412751 ], [ 12.082484452416274, 44.184989946578511 ], [ 12.082479850249467, 44.184974378000291 ], [ 12.082405366164359, 44.184732938398426 ], [ 12.082338730663738, 44.184451177392638 ], [ 12.08233827835182, 44.184449281964262 ], [ 12.082244560212654, 44.184058563858351 ], [ 12.082241132710545, 44.184044906848605 ], [ 12.082107815967445, 44.183536146238232 ], [ 12.082010614171219, 44.183136137500519 ], [ 12.082006915350471, 44.18312164328313 ], [ 12.081917549897602, 44.182786673563598 ], [ 12.081916418510946, 44.182782482172875 ], [ 12.081821763576205, 44.182436479256971 ], [ 12.081771855934784, 44.182242830205951 ], [ 12.081758447506395, 44.18219735230079 ], [ 12.081754543493512, 44.182185928729396 ], [ 12.081720091264375, 44.182087908798252 ], [ 12.081670276445351, 44.181927897722623 ], [ 12.081668631062879, 44.181922686353431 ], [ 12.08158294453631, 44.181654858011285 ], [ 12.081580521802401, 44.181647428435824 ], [ 12.08157961394517, 44.181644712138507 ], [ 12.081541771940598, 44.181532363981667 ], [ 12.081539205551268, 44.181523216815428 ], [ 12.081528415606478, 44.181469477235922 ], [ 12.081523327502998, 44.181446270484933 ], [ 12.081520184564644, 44.181433596513024 ], [ 12.081459326563856, 44.181197863510071 ], [ 12.081453073920983, 44.181175244916631 ], [ 12.081377684859145, 44.180919649721062 ], [ 12.081376457952395, 44.180915541435681 ], [ 12.081283573878764, 44.180607654788041 ], [ 12.081263273875299, 44.180523622082085 ], [ 12.081249035201566, 44.180473214034656 ], [ 12.081226375946024, 44.180403249641387 ], [ 12.081207709124984, 44.180340145595061 ], [ 12.081200811026209, 44.180318172375316 ], [ 12.081199282394442, 44.180313628073833 ], [ 12.081157599334498, 44.180190949177977 ], [ 12.081115379651672, 44.180059968253964 ], [ 12.081113444124396, 44.180054053576519 ], [ 12.081106346362555, 44.180033727245906 ], [ 12.08102513186024, 44.17981206543876 ], [ 12.081018560813304, 44.17979482213152 ], [ 12.080952695617253, 44.179628457562252 ], [ 12.080907886535808, 44.17950681115871 ], [ 12.080863600810487, 44.179354287565928 ], [ 12.080783528424865, 44.1790681635662 ], [ 12.080718877623662, 44.178815038650875 ], [ 12.080654437392806, 44.178545826967316 ], [ 12.080614915787571, 44.178371654158845 ], [ 12.08061352702104, 44.178365667137655 ], [ 12.080608995552062, 44.178347619578972 ], [ 12.080570490087828, 44.178202709656397 ], [ 12.080535261537467, 44.178051067611023 ], [ 12.080534648315084, 44.178048451841093 ], [ 12.080525915952418, 44.178015298433323 ], [ 12.080390094072474, 44.177547604055839 ], [ 12.080317801635873, 44.177283140879581 ], [ 12.080307241398375, 44.177248187277101 ], [ 12.080300297483602, 44.177228228570698 ], [ 12.080203843043163, 44.176963863365579 ], [ 12.080153704053476, 44.176705516832236 ], [ 12.080147995775995, 44.176678993308698 ], [ 12.080141102110241, 44.176652277959917 ], [ 12.080056408464602, 44.176349567791476 ], [ 12.08005432877278, 44.176342290958637 ], [ 12.080001426225335, 44.176160942335429 ], [ 12.079919706878895, 44.175877093043155 ], [ 12.079919243941227, 44.175875484705102 ], [ 12.079911190904411, 44.175849458421425 ], [ 12.079903897920104, 44.175828542236125 ], [ 12.079662488872891, 44.175169249748095 ], [ 12.079655881396095, 44.175141604752824 ], [ 12.079614261028009, 44.174947111733076 ], [ 12.079613929208978, 44.174945572936323 ], [ 12.079541780531274, 44.174612282995675 ], [ 12.079484364636444, 44.174347623926508 ], [ 12.079481856313878, 44.174336518646975 ], [ 12.079473825577317, 44.174305634447194 ], [ 12.079331194258133, 44.173805705423831 ], [ 12.079329447858743, 44.173799693969954 ], [ 12.079226288283092, 44.173450296583511 ], [ 12.079160720465898, 44.173223450228569 ], [ 12.07916019689185, 44.173221649129722 ], [ 12.079075367106721, 44.172931175844091 ], [ 12.079074515004109, 44.172928234648097 ], [ 12.0781155735339, 44.169592631621747 ], [ 12.078016144958726, 44.169195733352367 ], [ 12.078002072312135, 44.169147258209833 ], [ 12.077988047345162, 44.16910865123954 ], [ 12.077962510841353, 44.169044243181631 ], [ 12.077894616653595, 44.168857936316805 ], [ 12.077892739267075, 44.168852845885304 ], [ 12.077816208811306, 44.168647753404308 ], [ 12.077734974451843, 44.168417807628622 ], [ 12.077732824425238, 44.168411807833124 ], [ 12.077678842220708, 44.168263303487826 ], [ 12.077678363894549, 44.168261989557564 ], [ 12.077587817748093, 44.168014430018289 ], [ 12.077517670816935, 44.167822763817696 ], [ 12.077500168256392, 44.167752645967674 ], [ 12.077487845280714, 44.167686235121806 ], [ 12.077483239542564, 44.1676636146587 ], [ 12.077463832041747, 44.167576059426636 ], [ 12.077461829046241, 44.167567301362013 ], [ 12.077445521942778, 44.167509649544854 ], [ 12.077440210333542, 44.167494193150915 ], [ 12.077401522909675, 44.167385729958362 ], [ 12.077385320386954, 44.167344429268432 ], [ 12.077358661326043, 44.167288730775709 ], [ 12.077326978906525, 44.167234345562015 ], [ 12.077323921509526, 44.167229581014688 ], [ 12.077317247323339, 44.16721925476773 ], [ 12.077283693733657, 44.167153482527745 ], [ 12.077278211124197, 44.167142939313393 ], [ 12.077248802232619, 44.167092144340664 ], [ 12.077236960988117, 44.167073330066536 ], [ 12.077136222374641, 44.166775390805299 ], [ 12.077129614716087, 44.166756718778402 ], [ 12.077032478237619, 44.166493955126931 ], [ 12.077018989110568, 44.166460135117411 ], [ 12.076992305836713, 44.166404366619886 ], [ 12.076960621486558, 44.166349973190556 ], [ 12.076924073107016, 44.16629718845347 ], [ 12.076882817436379, 44.166246238419859 ], [ 12.076837032085562, 44.166197339660037 ], [ 12.076786911927595, 44.166150702984766 ], [ 12.076732670148139, 44.166106528011127 ], [ 12.076674541986904, 44.16606500308756 ], [ 12.076612774793105, 44.166026306395679 ], [ 12.076547634195695, 44.165990604022141 ], [ 12.076479396554955, 44.165958048305903 ], [ 12.076408355231278, 44.165928778614692 ], [ 12.076334816843641, 44.165902921420212 ], [ 12.076259093655969, 44.165880586842079 ], [ 12.07618151115846, 44.165861871202637 ], [ 12.076102400421322, 44.165846852669155 ], [ 12.076022102065446, 44.165835597489767 ], [ 12.075940957336185, 44.16582815475941 ], [ 12.075859316768751, 44.165824554441528 ], [ 12.075777525418335, 44.16582481307762 ], [ 12.075695938975835, 44.165828930757336 ], [ 12.075614904929859, 44.1658368878876 ], [ 12.075534769031458, 44.165848651378127 ], [ 12.075455875229538, 44.165864172838418 ], [ 12.075378561733146, 44.165883383243369 ], [ 12.075303160059033, 44.165906201072197 ], [ 12.075229991224937, 44.165932530580037 ], [ 12.075159369295088, 44.16596225631384 ], [ 12.075091598031525, 44.165995254005544 ], [ 12.075026966760076, 44.166031379828596 ], [ 12.074965753257407, 44.166070481166258 ], [ 12.074908217220758, 44.166112388622452 ], [ 12.074854606831066, 44.166156924912343 ], [ 12.074805149728219, 44.166203896922987 ], [ 12.074760060853828, 44.166253105480408 ], [ 12.074719530997735, 44.166304339263533 ], [ 12.074683735658718, 44.166357378235219 ], [ 12.074652825132313, 44.166411995645262 ], [ 12.074626934488137, 44.166467957830257 ], [ 12.074606173592077, 44.166525024413595 ], [ 12.07459062969839, 44.1665829509598 ], [ 12.074580373685524, 44.166641488849699 ], [ 12.07457544272572, 44.166700389236318 ], [ 12.074575865065086, 44.166759398037321 ], [ 12.074581634028362, 44.166818261869153 ], [ 12.074592728039118, 44.166876729450145 ], [ 12.074609095620177, 44.166934550998931 ], [ 12.074617180792758, 44.166957644121645 ], [ 12.07471089490139, 44.167211192908887 ], [ 12.07482313491599, 44.167543152191229 ], [ 12.074843193443749, 44.167595530781107 ], [ 12.074844187151685, 44.167597842155658 ], [ 12.074868627500075, 44.16765433992127 ], [ 12.074894276263453, 44.167707676536551 ], [ 12.074923649499649, 44.167758363674245 ], [ 12.074953341973027, 44.167805496969578 ], [ 12.074989049152258, 44.167875443627388 ], [ 12.074994523144309, 44.16788596547137 ], [ 12.075005819899346, 44.167906507768372 ], [ 12.075012447441074, 44.167936376673786 ], [ 12.075026409041115, 44.16801153240776 ], [ 12.075033025668006, 44.168042923534671 ], [ 12.075035107697726, 44.168051496006186 ], [ 12.075066426355397, 44.168176869481108 ], [ 12.075080664874493, 44.168225967815886 ], [ 12.075087951186765, 44.168246880940558 ], [ 12.075170806401228, 44.168473193707364 ], [ 12.075261131860259, 44.168720065750364 ], [ 12.075313824313103, 44.168864970219374 ], [ 12.075396120287214, 44.169097835758386 ], [ 12.075400353550604, 44.169109485816826 ], [ 12.075478159380776, 44.169317924936209 ], [ 12.075548575038869, 44.169511079071881 ], [ 12.075555650283327, 44.169529674125165 ], [ 12.075567806095544, 44.169560324478375 ], [ 12.075659179455455, 44.169924801518512 ], [ 12.075665348841675, 44.169947702846216 ], [ 12.076604628358661, 44.173212559051564 ], [ 12.072799533701868, 44.174402082687877 ], [ 12.069884224269817, 44.176425119544582 ], [ 12.06876463764698, 44.177320061397616 ], [ 12.068765375698213, 44.177314202280051 ], [ 12.068771820400256, 44.177261076303758 ], [ 12.068776062678182, 44.1772081819569 ], [ 12.068775691224777, 44.17714931972759 ], [ 12.068772266849948, 44.177083223352859 ], [ 12.068766546569545, 44.17702450581239 ], [ 12.068755502787466, 44.176966184168144 ], [ 12.068750659387083, 44.176946928917417 ], [ 12.068739247649445, 44.176904214371326 ], [ 12.068727770221564, 44.176865791947094 ], [ 12.068706240051092, 44.176809007696725 ], [ 12.068679596700916, 44.176753359442372 ], [ 12.068647952393505, 44.17669908492222 ], [ 12.068619478543997, 44.176657295642755 ], [ 12.068594716325077, 44.176623212731037 ], [ 12.068586680678179, 44.176612333978895 ], [ 12.068545460162753, 44.17656149579625 ], [ 12.068499707615343, 44.176512708536293 ], [ 12.068449620245829, 44.176466178466313 ], [ 12.068395410002621, 44.176422105243866 ], [ 12.068361775772324, 44.176397466686076 ], [ 12.068318818533463, 44.176367183384272 ], [ 12.068294351251003, 44.176350395800178 ], [ 12.068232608244749, 44.17631179217895 ], [ 12.068167489393819, 44.176276178101375 ], [ 12.068099271053805, 44.176243705025897 ], [ 12.068070157710435, 44.176231198996348 ], [ 12.068006700840895, 44.176204776532771 ], [ 12.067964790968736, 44.1761880880251 ], [ 12.067891265875877, 44.176162301307279 ], [ 12.067844736010946, 44.176148614524308 ], [ 12.067836613825495, 44.176137062602855 ], [ 12.067830386833206, 44.176045032724161 ], [ 12.067824358505003, 44.175873039599871 ], [ 12.067824336146046, 44.175872421143936 ], [ 12.067822708681588, 44.175827232264204 ], [ 12.06782845975232, 44.175819985669918 ], [ 12.067861480855642, 44.175771573697709 ], [ 12.067920841267352, 44.175677525594452 ], [ 12.067923661883968, 44.175673022401725 ], [ 12.067942668045124, 44.175640798444299 ], [ 12.068057420076723, 44.175435204827153 ], [ 12.068069372557162, 44.175412939270188 ], [ 12.068073798355758, 44.175404221477166 ], [ 12.068176327729402, 44.175198944733197 ], [ 12.068180769072672, 44.175189898226108 ], [ 12.068244292103699, 44.175058309640903 ], [ 12.068261361460069, 44.175020241986587 ], [ 12.068282168718179, 44.174963307078798 ], [ 12.068282851706853, 44.174961137208719 ], [ 12.068308375843015, 44.174879752591025 ], [ 12.068347728413148, 44.174782871032427 ], [ 12.068379317046938, 44.174711132428293 ], [ 12.068401515982687, 44.174672529277501 ], [ 12.068474884966703, 44.174569125031283 ], [ 12.068595724619405, 44.174422485414524 ], [ 12.068625707303346, 44.174383980304228 ], [ 12.068635197958345, 44.174370797450834 ], [ 12.068820385647303, 44.174108252900972 ], [ 12.068829727794988, 44.174094728354092 ], [ 12.069048617293019, 44.17377105176012 ], [ 12.06922731280449, 44.173519824040014 ], [ 12.069360107015783, 44.173355253502471 ], [ 12.069384287003654, 44.173323861429452 ], [ 12.069393776099524, 44.173310679423885 ], [ 12.069493489051146, 44.173169309819762 ], [ 12.069501718187466, 44.173157426865551 ], [ 12.069740411676385, 44.172806268149039 ], [ 12.069758532990383, 44.17277841361156 ], [ 12.069789484599905, 44.172723919928181 ], [ 12.069815417222067, 44.172668086606777 ], [ 12.069820730698936, 44.172654902267887 ], [ 12.069874300601457, 44.172569031306359 ], [ 12.070187883329274, 44.172088824825543 ], [ 12.070197389324528, 44.172073912886461 ], [ 12.070457189338182, 44.171656446759812 ], [ 12.0704882330507, 44.171601807512332 ], [ 12.070514168381779, 44.171545977504913 ], [ 12.070534976156548, 44.171489047344011 ], [ 12.070550565382968, 44.171431261541464 ], [ 12.070560871328814, 44.171372865887989 ], [ 12.0705658481352, 44.171314110307243 ], [ 12.070565468522787, 44.171255240742127 ], [ 12.070559741873494, 44.171196515934867 ], [ 12.070548689715618, 44.171138185362246 ], [ 12.070532361148144, 44.171080501557995 ], [ 12.070510827426684, 44.171023708492527 ], [ 12.070484177333208, 44.170968051589611 ], [ 12.070452526827532, 44.17091376851176 ], [ 12.070416012908728, 44.170861091989345 ], [ 12.070374788494965, 44.170810246314403 ], [ 12.070329035059505, 44.170761451599148 ], [ 12.070278942314831, 44.170714914257843 ], [ 12.0702247309576, 44.170670834672293 ], [ 12.070166628774038, 44.170629402256182 ], [ 12.070104885542268, 44.170590793353085 ], [ 12.070039765613874, 44.170555173189179 ], [ 12.069971547848645, 44.170522694070371 ], [ 12.069900526894491, 44.170493496258906 ], [ 12.069827003046326, 44.170467703665295 ], [ 12.06975129238764, 44.170445428156697 ], [ 12.069673721605726, 44.170426764247381 ], [ 12.069594619326409, 44.170411791076475 ], [ 12.069514326157529, 44.170400574011765 ], [ 12.069433185828096, 44.170393161217874 ], [ 12.069351546403146, 44.17038958272996 ], [ 12.069269755490648, 44.170389855962668 ], [ 12.069188165002707, 44.170393979299632 ], [ 12.06910712245762, 44.170401933169487 ], [ 12.069026977444722, 44.170413686231988 ], [ 12.068948071288009, 44.17042918566041 ], [ 12.068870741179476, 44.170448367885179 ], [ 12.068795321068045, 44.170471148651927 ], [ 12.068722131909828, 44.170497429531622 ], [ 12.068651488035213, 44.170527101401895 ], [ 12.068583690553943, 44.170560034654685 ], [ 12.068519030176041, 44.170596088161595 ], [ 12.068457784652052, 44.170635107520617 ], [ 12.068400216376372, 44.170676927810398 ], [ 12.068346570944433, 44.17072136820569 ], [ 12.068297078628142, 44.170768238263229 ], [ 12.068251950634057, 44.170817337996212 ], [ 12.068211380317805, 44.170868456947915 ], [ 12.068175727298923, 44.170921080911626 ], [ 12.067920652671209, 44.171330892951261 ], [ 12.067607272592177, 44.17181072497732 ], [ 12.067598207043355, 44.171824924171268 ], [ 12.067476218998957, 44.172020456728902 ], [ 12.067475591301955, 44.172021462569212 ], [ 12.067444637858197, 44.172075955597535 ], [ 12.067423412153671, 44.172120686740023 ], [ 12.067260201905325, 44.172360782571054 ], [ 12.067180621830731, 44.172473602647315 ], [ 12.067048889031518, 44.172636849196998 ], [ 12.067024708047921, 44.172668240745224 ], [ 12.067017147290269, 44.172678700941162 ], [ 12.066817594732447, 44.1729592372822 ], [ 12.066806322308588, 44.172975485084756 ], [ 12.066586496630697, 44.17330053164843 ], [ 12.066424609382841, 44.173530028479846 ], [ 12.066304522892535, 44.173675744782607 ], [ 12.066274539044041, 44.173714250148059 ], [ 12.066266398356824, 44.173725526597174 ], [ 12.066152383936407, 44.173886208922006 ], [ 12.066124683922421, 44.173927851616689 ], [ 12.066110641158254, 44.173951319772108 ], [ 12.066048918087423, 44.17405864558382 ], [ 12.066032005071417, 44.174089669971664 ], [ 12.066012304117987, 44.174130908617059 ], [ 12.06596031195663, 44.174248977559394 ], [ 12.06595407471815, 44.174263571266479 ], [ 12.065952128965739, 44.174268314087591 ], [ 12.06589787933355, 44.174401856355068 ], [ 12.065879016909607, 44.17445404797293 ], [ 12.06587833258811, 44.174456217853184 ], [ 12.065859694932177, 44.174515636037462 ], [ 12.065821435447615, 44.174594886765632 ], [ 12.065728951357574, 44.174780054042991 ], [ 12.065640605860432, 44.17493836079101 ], [ 12.065630968813789, 44.174946785414882 ], [ 12.065581471988073, 44.174993654925927 ], [ 12.065536337176642, 44.175042753367094 ], [ 12.065495762781177, 44.175093871089217 ], [ 12.065459920684917, 44.175146789949757 ], [ 12.065428963671817, 44.175201281360302 ], [ 12.065403025719215, 44.175257114400317 ], [ 12.065382215467691, 44.175314047827655 ], [ 12.065377739644985, 44.175328720045933 ], [ 12.06537494920471, 44.175338246859546 ], [ 12.06535431680066, 44.175408714986936 ], [ 12.065343238119093, 44.175451716761252 ], [ 12.065332931431605, 44.175510117951553 ], [ 12.06533004898308, 44.1755363181544 ], [ 12.065320361898609, 44.175644444685574 ], [ 12.065318267146225, 44.175677006759031 ], [ 12.065318191386465, 44.175725657923728 ], [ 12.065325157273424, 44.17591888166357 ], [ 12.06533155030783, 44.176101113698252 ], [ 12.065332021507986, 44.17611195042133 ], [ 12.065332631389317, 44.176122168184705 ], [ 12.065345718136722, 44.176315537801457 ], [ 12.065350830211244, 44.176364045829686 ], [ 12.065354038663044, 44.176384208041789 ], [ 12.065367078462019, 44.176458703461435 ], [ 12.065374918083625, 44.176496873963458 ], [ 12.065391243151039, 44.176554559260971 ], [ 12.065412775239848, 44.176611353140608 ], [ 12.065414420742554, 44.176615161856709 ], [ 12.065313598577523, 44.176674428212763 ], [ 12.065233481591225, 44.176716741919833 ], [ 12.065153206361821, 44.176754745352611 ], [ 12.065045826823786, 44.176795149267321 ], [ 12.064781441142072, 44.176883275524283 ], [ 12.064728649259072, 44.176901971695436 ], [ 12.064508992813719, 44.176984434168446 ], [ 12.064352806573392, 44.177032754011144 ], [ 12.064325378986814, 44.177041520332203 ], [ 12.064298031182124, 44.177050837195345 ], [ 12.064139942172948, 44.177106386863315 ], [ 12.064094089181769, 44.177123349391358 ], [ 12.064023434796308, 44.177153017098412 ], [ 12.0640010885517, 44.17716336107452 ], [ 12.063927018240584, 44.177198448541866 ], [ 12.063881557855252, 44.177221036412803 ], [ 12.063816888352946, 44.177257086820994 ], [ 12.063797559214626, 44.177268848435432 ], [ 12.063686166959917, 44.177338037538469 ], [ 12.063677714693446, 44.177343335732125 ], [ 12.06351206506619, 44.177448104085698 ], [ 12.063457958860377, 44.177480220542982 ], [ 12.063375904036048, 44.177436637974616 ], [ 12.063334883391413, 44.177412091701605 ], [ 12.063324293665691, 44.177405824886613 ], [ 12.063317588155266, 44.17740192925497 ], [ 12.063229878785508, 44.177351326484803 ], [ 12.063186819476982, 44.177327568664758 ], [ 12.06307333990978, 44.17726772718693 ], [ 12.063057982578394, 44.177259756316907 ], [ 12.062989760760113, 44.177227273682931 ], [ 12.062969392817973, 44.177218441739036 ], [ 12.062955151164866, 44.177212399168958 ], [ 12.062832674825458, 44.17710792761055 ], [ 12.062394182645201, 44.17680800154529 ], [ 12.062221585492507, 44.176756767236789 ], [ 12.062186844966924, 44.176735027621291 ], [ 12.062089613183257, 44.176678058129681 ], [ 12.062089018949347, 44.176677710886011 ], [ 12.062074993437237, 44.176669624047655 ], [ 12.061968727237034, 44.176609244448812 ], [ 12.061647699919735, 44.176409664425059 ], [ 12.061526209383782, 44.176328513114299 ], [ 12.061319080069433, 44.176187046437448 ], [ 12.061308954516244, 44.176180207217527 ], [ 12.061247211223197, 44.176141593197393 ], [ 12.061231265508532, 44.176132416713152 ], [ 12.061074915429883, 44.176043936141845 ], [ 12.061051409027149, 44.1760309548457 ], [ 12.060985089964609, 44.175995220360093 ], [ 12.060981834664133, 44.175993114451991 ], [ 12.060922615250769, 44.175949286811409 ], [ 12.060876822199335, 44.175917088317945 ], [ 12.060743433328723, 44.175827988119444 ], [ 12.060681685718482, 44.175789371143551 ], [ 12.060673113026214, 44.175784398277365 ], [ 12.060560072515566, 44.175719429929565 ], [ 12.060500760683205, 44.175683934691364 ], [ 12.060490170346915, 44.175677667600816 ], [ 12.060469334776874, 44.175665738236717 ], [ 12.060421884684345, 44.175639158846408 ], [ 12.060416112123974, 44.175627086889747 ], [ 12.060402033823909, 44.175599154542304 ], [ 12.060370391489679, 44.175544868521392 ], [ 12.060359900913747, 44.175528825127259 ], [ 12.06032501480867, 44.175476804035611 ], [ 12.060298995239167, 44.175440166650574 ], [ 12.060295700007176, 44.17543580694678 ], [ 12.060258687066689, 44.17538715088466 ], [ 12.060220763574632, 44.175340661025423 ], [ 12.060175011344386, 44.175291861145517 ], [ 12.060124924090116, 44.175245319011836 ], [ 12.06007071369384, 44.17520123339775 ], [ 12.060012612948411, 44.175159794541024 ], [ 12.059950871653175, 44.175121179710636 ], [ 12.059885751624062, 44.175085553306282 ], [ 12.059844567599251, 44.1750653917383 ], [ 12.059804505462012, 44.175046607143464 ], [ 12.059777473436041, 44.175034285685335 ], [ 12.059738509656636, 44.175017714851258 ], [ 12.059636919510316, 44.174976278791185 ], [ 12.059384693420251, 44.174869475480293 ], [ 12.059373393571303, 44.174864747077734 ], [ 12.059300299067408, 44.174834531360602 ], [ 12.059264606872588, 44.174815833821668 ], [ 12.059262738904181, 44.174814466242687 ], [ 12.059226518355858, 44.174784420640961 ], [ 12.059167035615436, 44.174727864647821 ], [ 12.059133059658892, 44.174696989497086 ], [ 12.059123254937475, 44.174688575684321 ], [ 12.059007815038511, 44.174590719853526 ], [ 12.058966336135452, 44.174557284488166 ], [ 12.05890168537203, 44.174507713843418 ], [ 12.058898758804984, 44.174505476835236 ], [ 12.058852184640758, 44.174471834132873 ], [ 12.058759207808853, 44.174408129652484 ], [ 12.058747685320069, 44.174400332752462 ], [ 12.058685944435625, 44.174361716262688 ], [ 12.058669483582568, 44.174352247389486 ], [ 12.058595143617705, 44.174310218312186 ], [ 12.058546486180914, 44.174284059922904 ], [ 12.058478270533113, 44.174251574220818 ], [ 12.058407248367141, 44.174222369558777 ], [ 12.058333724962003, 44.174196569781159 ], [ 12.058258015119417, 44.174174285913047 ], [ 12.058220881600056, 44.174164840627355 ], [ 12.058219393231685, 44.174164481352619 ], [ 12.058208896294053, 44.174159060231965 ], [ 12.058161450900389, 44.174135980211311 ], [ 12.058083705528889, 44.174099999029778 ], [ 12.058062934429914, 44.17409059403203 ], [ 12.05799811201997, 44.174063762290487 ], [ 12.057962766335415, 44.174035449115486 ], [ 12.057941411476929, 44.174018768712379 ], [ 12.057920735217035, 44.174003393825174 ], [ 12.057865785807559, 44.173963492559487 ], [ 12.057828362897904, 44.173937427351817 ], [ 12.057810928095222, 44.17392599918908 ], [ 12.057767445126411, 44.173898029816151 ], [ 12.057762403207798, 44.173894484215019 ], [ 12.057750740823147, 44.173885498192419 ], [ 12.057745765492921, 44.173881686926677 ], [ 12.057737194717692, 44.173875225169787 ], [ 12.057696535712431, 44.173844871129283 ], [ 12.057647008881903, 44.17380989355329 ], [ 12.057618872758878, 44.173791659771112 ], [ 12.057538064001783, 44.173740867347142 ], [ 12.057504461908589, 44.173720483007365 ], [ 12.057484848143575, 44.173709237902578 ], [ 12.057415534446612, 44.17367030642562 ], [ 12.057378217970296, 44.173642885659291 ], [ 12.057335599825564, 44.173613024183858 ], [ 12.057326557133635, 44.17360704360911 ], [ 12.057240873769137, 44.173550920187004 ], [ 12.057188178779063, 44.17351828423169 ], [ 12.057123062362779, 44.1734826569351 ], [ 12.057061989436072, 44.17345335665712 ], [ 12.057060501248555, 44.17345206449923 ], [ 12.05700613260286, 44.173407836079058 ], [ 12.056948035973202, 44.17336639633298 ], [ 12.056886298690412, 44.173327778706515 ], [ 12.056821182650626, 44.173292150311866 ], [ 12.056761639039077, 44.173263540345438 ], [ 12.05674592211386, 44.173256448102499 ], [ 12.056728423175279, 44.173247042836834 ], [ 12.056660171697233, 44.173208010378104 ], [ 12.056606074900024, 44.173178757196929 ], [ 12.056582093496909, 44.173166805600879 ], [ 12.056515234092132, 44.173118401444043 ], [ 12.056488967713005, 44.1730999362712 ], [ 12.056406040865561, 44.173043328003736 ], [ 12.056287546229695, 44.172952319655913 ], [ 12.056283944689191, 44.172949565484032 ], [ 12.056244371163796, 44.17292075462835 ], [ 12.056149201947788, 44.17285452009353 ], [ 12.0561362890966, 44.1728414997595 ], [ 12.056131688469229, 44.172836890662325 ], [ 12.056081605498623, 44.172790347392208 ], [ 12.056067530426555, 44.172778329892211 ], [ 12.055987850576651, 44.172711496398392 ], [ 12.055958556835348, 44.172686376177509 ], [ 12.055909587329239, 44.172646807202177 ], [ 12.055851492283713, 44.172605366811105 ], [ 12.055813387776583, 44.172579908043815 ], [ 12.055751650910485, 44.17254129063808 ], [ 12.055686536521195, 44.172505662404291 ], [ 12.055618324622097, 44.172473173858982 ], [ 12.055617226226815, 44.172472688622825 ], [ 12.055553691074596, 44.172444600141745 ], [ 12.055483772320642, 44.172415878632911 ], [ 12.055465460196077, 44.172409048799658 ], [ 12.055359994920767, 44.172370499399385 ], [ 12.055304787419002, 44.172351528175035 ], [ 12.055301302166503, 44.172350410037382 ], [ 12.055130295097786, 44.172295754719315 ], [ 12.05509742348408, 44.172282729606408 ], [ 12.054983707884272, 44.172215025049987 ], [ 12.054784115883198, 44.172090166652076 ], [ 12.054730279363882, 44.172052082123159 ], [ 12.054704478295566, 44.172034343457746 ], [ 12.05464690483115, 44.171998172564223 ], [ 12.054523574981541, 44.171925346993135 ], [ 12.054519412973287, 44.171922900695229 ], [ 12.054467127988095, 44.171893912708505 ], [ 12.054433713466807, 44.171862666715533 ], [ 12.054427017994744, 44.171854705048979 ], [ 12.05440593044429, 44.171819973933161 ], [ 12.054366721494301, 44.17175086877797 ], [ 12.054345776312786, 44.171716068063247 ], [ 12.054309274207728, 44.171663384987234 ], [ 12.054274099969831, 44.171619522434987 ], [ 12.054210471546444, 44.171545098545771 ], [ 12.05420443387214, 44.171538108109438 ], [ 12.054158692402805, 44.171489305350541 ], [ 12.05413348172703, 44.171465088845117 ], [ 12.05407092784781, 44.171407057994656 ], [ 12.053986424212807, 44.171326489843374 ], [ 12.053951503242372, 44.171294708787862 ], [ 12.053927336731485, 44.171274330193945 ], [ 12.053880613529474, 44.171236099683078 ], [ 12.053813074160292, 44.171172729116115 ], [ 12.053694729155854, 44.171053291356309 ], [ 12.053689844012931, 44.171048396382822 ], [ 12.053684235638114, 44.171042860756586 ], [ 12.053617955914364, 44.170977953922232 ], [ 12.053611717170211, 44.170865014293184 ], [ 12.05360068112696, 44.170806681854238 ], [ 12.053584369734237, 44.170748994395012 ], [ 12.053562849250607, 44.170692197799902 ], [ 12.053559733428358, 44.17068502490374 ], [ 12.05353274488157, 44.170623816719967 ], [ 12.053509228553294, 44.170575327339066 ], [ 12.053502055061257, 44.170562108100839 ], [ 12.053480163326229, 44.170522677876065 ], [ 12.053455700186538, 44.17048160791127 ], [ 12.05341919974939, 44.170428925367666 ], [ 12.053387017676778, 44.170388576762541 ], [ 12.053391486149302, 44.170378040834841 ], [ 12.053412305320506, 44.170321107785441 ], [ 12.053427907560041, 44.170263318204952 ], [ 12.053438224289087, 44.170204917046483 ], [ 12.053443213381495, 44.170146155955642 ], [ 12.053442850173489, 44.17008728623113 ], [ 12.053440344482228, 44.170038761080193 ], [ 12.053434634285802, 44.169980034325768 ], [ 12.053423599862048, 44.169921701802863 ], [ 12.053407287673734, 44.169864014300238 ], [ 12.053400531107609, 44.169844533705202 ], [ 12.053391272664303, 44.169819056220327 ], [ 12.053376511783499, 44.169781740091906 ], [ 12.053349878994714, 44.169726078661114 ], [ 12.053318244216674, 44.169671789353949 ], [ 12.053281745655154, 44.169619105800862 ], [ 12.053240536189895, 44.1695682532212 ], [ 12.053194794664726, 44.169519450003975 ], [ 12.053144717059332, 44.16947290517637 ], [ 12.053105654604845, 44.169440553612361 ], [ 12.053099086962982, 44.169345889717398 ], [ 12.053088053018774, 44.169287557128968 ], [ 12.05307174257956, 44.169229868617521 ], [ 12.05305022449132, 44.169173072723254 ], [ 12.05302359228512, 44.169117410279021 ], [ 12.052991958199602, 44.169063121746248 ], [ 12.052955459093212, 44.169010438075958 ], [ 12.052914251649302, 44.168959586217049 ], [ 12.052868510837301, 44.168910781027165 ], [ 12.052861936507616, 44.168904300954004 ], [ 12.05281279883202, 44.168856309163559 ], [ 12.052769296438774, 44.168816244204422 ], [ 12.052715096728253, 44.168772155406913 ], [ 12.052657008007797, 44.16873071307829 ], [ 12.05259527749843, 44.168692093654222 ], [ 12.052569597518415, 44.168677459193091 ], [ 12.052558612692851, 44.168650289934938 ], [ 12.052531981220826, 44.168594627339459 ], [ 12.052500347935599, 44.168540339533656 ], [ 12.052485340298519, 44.168517619279562 ], [ 12.052467085758837, 44.168490953113789 ], [ 12.052445596355156, 44.168460989471242 ], [ 12.05242419788822, 44.168433629549746 ], [ 12.052386039091289, 44.16838677332327 ], [ 12.052366230975856, 44.168363280248748 ], [ 12.052320492433324, 44.16831447656952 ], [ 12.052270415372025, 44.168267931294572 ], [ 12.052216217791715, 44.168223841287926 ], [ 12.052158129968005, 44.168182397757157 ], [ 12.052151218235151, 44.168177815314245 ], [ 12.052082363665155, 44.168132494490656 ], [ 12.052027544697873, 44.168098458080848 ], [ 12.051962438978634, 44.168062826431139 ], [ 12.051894234630653, 44.168030337098301 ], [ 12.051823223620502, 44.168001126839783 ], [ 12.051749710061397, 44.167975323150962 ], [ 12.051678178834274, 44.16795415530455 ], [ 12.051635343675104, 44.167924127059948 ], [ 12.051625990605338, 44.167917941020129 ], [ 12.051570677112702, 44.167881725448922 ], [ 12.051518302594408, 44.167849292273893 ], [ 12.05145319626673, 44.167813661221238 ], [ 12.051384992478226, 44.167781170643131 ], [ 12.051313982075003, 44.167751960929309 ], [ 12.051240470318008, 44.167726156847372 ], [ 12.051164769400062, 44.167703867690996 ], [ 12.05108720605857, 44.167685190738204 ], [ 12.051083491902915, 44.167684396368358 ], [ 12.050978932486286, 44.16766218315076 ], [ 12.050903553193601, 44.167647990016093 ], [ 12.050823267751401, 44.167636760214599 ], [ 12.050742132664327, 44.167629333666902 ], [ 12.050684343287241, 44.167626392533499 ], [ 12.050594596569782, 44.167623327019598 ], [ 12.05049236056575, 44.167618883791796 ], [ 12.050452424012638, 44.167617609160366 ], [ 12.050424266754552, 44.167617264290541 ], [ 12.050365782789518, 44.167617020746079 ], [ 12.050345463904275, 44.16760717491745 ], [ 12.050302809954003, 44.167587399552154 ], [ 12.050301696409147, 44.167586905538002 ], [ 12.050129354955255, 44.167510699802051 ], [ 12.050114363011897, 44.167499075845001 ], [ 12.050056277499017, 44.167457632005515 ], [ 12.049994550149203, 44.167419010982123 ], [ 12.049976127181999, 44.167408431072026 ], [ 12.049910519446868, 44.167371478251795 ], [ 12.049863838812156, 44.167346425177577 ], [ 12.049795633937554, 44.167313931781997 ], [ 12.049724619433084, 44.167284706636735 ], [ 12.049651102317736, 44.167258888914219 ], [ 12.049575398455744, 44.167236586035933 ], [ 12.049497830837447, 44.167217895358895 ], [ 12.049418731815608, 44.167202896914176 ], [ 12.049338441955472, 44.167191656136126 ], [ 12.049257303669592, 44.167184220379752 ], [ 12.049175665057023, 44.167180621551303 ], [ 12.049093877408895, 44.167180876157694 ], [ 12.049012287628809, 44.167184982749859 ], [ 12.048931247092673, 44.167192925356311 ], [ 12.048851104004513, 44.167204669123286 ], [ 12.04877219978423, 44.167220163995104 ], [ 12.048694874089048, 44.167239345516755 ], [ 12.048619457136761, 44.167262129572748 ], [ 12.048546269964501, 44.167288419599295 ], [ 12.048475630567838, 44.167318103756287 ], [ 12.04840782542969, 44.167351026620139 ], [ 12.04834315729291, 44.167387068533891 ], [ 12.048281900334223, 44.167426078829287 ], [ 12.048224319356546, 44.167467888979928 ], [ 12.048170661316988, 44.167512319986265 ], [ 12.048121155294396, 44.167559181473877 ], [ 12.048076013833333, 44.167608274373279 ], [ 12.048035427793872, 44.167659386510749 ], [ 12.047999572845596, 44.167712299697371 ], [ 12.047968604381847, 44.167766787122723 ], [ 12.047942651380117, 44.167822616182924 ], [ 12.047921826347181, 44.167879547381652 ], [ 12.047906220427153, 44.167937337133345 ], [ 12.047902164265354, 44.167960286033846 ], [ 12.047767866852976, 44.16803229126409 ], [ 12.04777458485272, 44.168041235401624 ], [ 12.047582962418501, 44.168120430830299 ], [ 12.047173596388527, 44.168274248430187 ], [ 12.047053115925731, 44.16832171254952 ], [ 12.046931597057574, 44.168388752904008 ], [ 12.04675603860294, 44.168439804006482 ], [ 12.046612803718883, 44.168472743522827 ], [ 12.046503619058027, 44.168475507687617 ], [ 12.046364287887464, 44.16835627052253 ], [ 12.046211211376223, 44.168321716226465 ], [ 12.046080023105956, 44.168363023046858 ], [ 12.045977090169329, 44.168374049033183 ], [ 12.045907119268829, 44.168351160226436 ], [ 12.045778631857461, 44.168267691955634 ], [ 12.045642958382036, 44.168187162214629 ], [ 12.045535964903126, 44.168125596592347 ], [ 12.0454217702445, 44.168051748993896 ], [ 12.045232894365407, 44.167925517706898 ], [ 12.045115274707989, 44.167860126851465 ], [ 12.044948370853799, 44.167793436134517 ], [ 12.044771435678072, 44.167745828687387 ], [ 12.044561422907023, 44.16766848623174 ], [ 12.044422017803763, 44.167596499211584 ], [ 12.044262647276366, 44.167470689817321 ], [ 12.044081084401409, 44.167296936352543 ], [ 12.043922278958561, 44.167158216675318 ], [ 12.043822986118888, 44.167061636748436 ], [ 12.043585660099419, 44.166862344510946 ], [ 12.043419331704067, 44.166743593573621 ], [ 12.043330197644037, 44.166676585046169 ], [ 12.043186620612921, 44.166563011924964 ], [ 12.043054686636651, 44.166467483737776 ], [ 12.042985561852031, 44.166393566472863 ], [ 12.04290403348903, 44.16633634700856 ], [ 12.042808288296801, 44.166279787657153 ], [ 12.042669196122588, 44.166172183582304 ], [ 12.042456911634806, 44.165990052625979 ], [ 12.042192193912793, 44.165795695426809 ], [ 12.042102704541492, 44.165702947946365 ], [ 12.042048302696541, 44.165620178926467 ], [ 12.041743453649092, 44.165516314643853 ], [ 12.041245451071704, 44.165367491464721 ], [ 12.040893646093389, 44.165272806809966 ], [ 12.040512406749421, 44.165158272482294 ], [ 12.040030274012187, 44.16502056076267 ], [ 12.039742497841479, 44.16484013198788 ], [ 12.039610516786361, 44.164692692854423 ], [ 12.03935745057259, 44.164486709805942 ], [ 12.03905036626673, 44.164382177077741 ], [ 12.038833047478972, 44.164338892007713 ], [ 12.038727103481559, 44.164315713111598 ], [ 12.038522646272277, 44.164344976510641 ], [ 12.038436062160452, 44.164348849231622 ], [ 12.038356666508223, 44.164347251192261 ], [ 12.038272606764409, 44.164316499468292 ], [ 12.038158433826446, 44.1642866018096 ], [ 12.038060572792757, 44.164283893582827 ], [ 12.037757255481258, 44.164239544737391 ], [ 12.0376582291844, 44.164260779723129 ], [ 12.037566583742432, 44.16425415505617 ], [ 12.037423491649948, 44.164287054885193 ], [ 12.037328270336975, 44.164323008824688 ], [ 12.037237014377016, 44.164390662524191 ], [ 12.037153962588956, 44.164482356939715 ], [ 12.037008106015351, 44.164603160365495 ], [ 12.03688481700531, 44.164673091028945 ], [ 12.036746374091969, 44.164739027775205 ], [ 12.036545760707661, 44.164805134653747 ], [ 12.036349914565836, 44.164863075531166 ], [ 12.03609513659018, 44.164897307333831 ], [ 12.035895609546976, 44.164902680554327 ], [ 12.03570858345374, 44.164913717064969 ], [ 12.035606480238551, 44.164907277221026 ], [ 12.035327338220014, 44.164934901903464 ], [ 12.035152673542534, 44.164920491878682 ], [ 12.035060950535575, 44.164894196083218 ], [ 12.034732923423844, 44.164838251631139 ], [ 12.034410994592498, 44.164809956660569 ], [ 12.034292124301706, 44.164771748543863 ], [ 12.034054239638731, 44.164719526027966 ], [ 12.033806443069652, 44.164710441764989 ], [ 12.033532937250396, 44.164778477278738 ], [ 12.033362968251232, 44.164802577625821 ], [ 12.033275726645202, 44.164767006212472 ], [ 12.033187315510062, 44.164695113010026 ], [ 12.033073479051421, 44.164656746967069 ], [ 12.032918023995743, 44.164613344166391 ], [ 12.032826888125387, 44.164588810395664 ], [ 12.032726810635898, 44.164569524112054 ], [ 12.032533447430021, 44.164543205947282 ], [ 12.032357068134878, 44.164516584884851 ], [ 12.032207588440853, 44.164497323645968 ], [ 12.03213785054457, 44.164448576969072 ], [ 12.032044777697431, 44.164388953801492 ], [ 12.031937866358009, 44.164333321723525 ], [ 12.031849976675451, 44.164287220662438 ], [ 12.031788876154447, 44.164215431143184 ], [ 12.031598606783136, 44.164083019942289 ], [ 12.031315258474143, 44.16390118393555 ], [ 12.031066132959873, 44.163768263153585 ], [ 12.030901161718424, 44.163714265495209 ], [ 12.030623434794759, 44.16359843430655 ], [ 12.030528153497901, 44.163560544402728 ], [ 12.03043963135868, 44.163514102698727 ], [ 12.03020359050503, 44.163309194859423 ], [ 12.030101141786066, 44.163266214149431 ], [ 12.030020352833915, 44.163223106591929 ], [ 12.029975189966585, 44.163152362360449 ], [ 12.029961965186777, 44.162937610934975 ], [ 12.030049068203775, 44.162707669944517 ], [ 12.030105523218062, 44.1625586189272 ], [ 12.029904484616299, 44.162464095596576 ], [ 12.029704106737867, 44.162272921813297 ], [ 12.029630297597876, 44.162147254950739 ], [ 12.029527415438892, 44.161983680170998 ], [ 12.029498525482243, 44.161837923670099 ], [ 12.029360040070562, 44.161562177798245 ], [ 12.029254007361066, 44.161466202365659 ], [ 12.029208524681408, 44.161374442080728 ], [ 12.029129788998452, 44.1612403808127 ], [ 12.029005869829522, 44.161117995639351 ], [ 12.028867869693858, 44.161004738405843 ], [ 12.028646742397184, 44.160883058639087 ], [ 12.02838704096275, 44.160784798598108 ], [ 12.028175188222528, 44.160733408095062 ], [ 12.028071567075013, 44.16071234630629 ], [ 12.027980396121269, 44.1607033438287 ], [ 12.027699013643897, 44.160623748839782 ], [ 12.027510596851981, 44.160585129734947 ], [ 12.027427926417229, 44.160559056954277 ], [ 12.027334818177316, 44.160512410961125 ], [ 12.027141994898898, 44.160446718808792 ], [ 12.027040423659503, 44.160415823509929 ], [ 12.026945462091307, 44.160400266820837 ], [ 12.026763367721696, 44.160346751994844 ], [ 12.026574675097885, 44.160275244556544 ], [ 12.026470644519993, 44.160248922206371 ], [ 12.026291519906279, 44.160218313706665 ], [ 12.026020905183211, 44.160101902617271 ], [ 12.02593383417881, 44.160053290509858 ], [ 12.025477494353412, 44.159720481565962 ], [ 12.025283401874967, 44.159604295376745 ], [ 12.025101330989315, 44.159477799938855 ], [ 12.025042663951155, 44.159417819913742 ], [ 12.024946568142189, 44.15936936898288 ], [ 12.024932703930876, 44.159461666128031 ], [ 12.025005991403678, 44.159536594768753 ], [ 12.025199943808161, 44.159671343163005 ], [ 12.025392868508089, 44.15978683058578 ], [ 12.025850705875841, 44.160120732019919 ], [ 12.025950297857195, 44.160176334864062 ], [ 12.026243930980064, 44.160302648489775 ], [ 12.02643539145526, 44.160335364142739 ], [ 12.02652457470216, 44.160357930685549 ], [ 12.026710516315752, 44.16042839497748 ], [ 12.02690772357402, 44.160486351568537 ], [ 12.027001935914635, 44.160501785821928 ], [ 12.027090918418113, 44.160528852325307 ], [ 12.027271960081711, 44.160590529449919 ], [ 12.027366573979748, 44.160637930934065 ], [ 12.027468213094057, 44.160669985706946 ], [ 12.0276589506863, 44.160709080023942 ], [ 12.027948600448642, 44.160791013234821 ], [ 12.028045970618129, 44.160800628751097 ], [ 12.028138229814928, 44.160819380583838 ], [ 12.028337701515545, 44.1608677675259 ], [ 12.028579241505904, 44.160959155919237 ], [ 12.028782104490636, 44.161070786787896 ], [ 12.028908198253713, 44.161174271152383 ], [ 12.029020295782644, 44.161284982701844 ], [ 12.029092021143382, 44.161407104655623 ], [ 12.029143274165779, 44.161510511092843 ], [ 12.029249474299174, 44.161606635824157 ], [ 12.02937661812307, 44.161859802987003 ], [ 12.029406209832285, 44.162009097686692 ], [ 12.029515798348955, 44.162183334076602 ], [ 12.029592454938941, 44.162313849524693 ], [ 12.029785079021288, 44.162544150030598 ], [ 12.029914433940244, 44.162620123732388 ], [ 12.029928491202812, 44.162684004743298 ], [ 12.029836242404409, 44.162927529679656 ], [ 12.029851417061641, 44.163173934998433 ], [ 12.029931515862184, 44.163261407815881 ], [ 12.030071871261086, 44.163329360000894 ], [ 12.030166222603848, 44.163380138269858 ], [ 12.03036199591229, 44.163563188713233 ], [ 12.030469466248338, 44.163619571990921 ], [ 12.030577387984886, 44.163664368521317 ], [ 12.030859331056817, 44.163781961246727 ], [ 12.031002346983122, 44.163846216081517 ], [ 12.031236300209107, 44.163971043266095 ], [ 12.031513551571441, 44.164148965365129 ], [ 12.031690595786108, 44.164272173046548 ], [ 12.031756347065325, 44.164349428882929 ], [ 12.03186445324431, 44.164406132965702 ], [ 12.031966422216422, 44.164459193391714 ], [ 12.032052731618339, 44.164514483469183 ], [ 12.03214793900203, 44.164581034159646 ], [ 12.032333225404955, 44.164604908689043 ], [ 12.032509007691335, 44.164631439560956 ], [ 12.032698997694766, 44.16465729979393 ], [ 12.032788746956284, 44.164674594659857 ], [ 12.032873532097131, 44.164697418944286 ], [ 12.033024324575758, 44.164739519437639 ], [ 12.033110881806138, 44.164768691735524 ], [ 12.033195970860037, 44.164837885897661 ], [ 12.03334167290865, 44.164897291485097 ], [ 12.033565577822703, 44.164865542790629 ], [ 12.033824321711476, 44.164801180238882 ], [ 12.034032502896549, 44.164808812130879 ], [ 12.034248244548355, 44.164856173688264 ], [ 12.034377190736684, 44.164897619511841 ], [ 12.034710872173324, 44.164926947715124 ], [ 12.035023217807415, 44.164980217668919 ], [ 12.035121896061595, 44.165008506923535 ], [ 12.035328752737463, 44.16502557297904 ], [ 12.035609572919217, 44.164997782702699 ], [ 12.035708227701074, 44.165004005221469 ], [ 12.035903051737105, 44.164992508715578 ], [ 12.036109009098746, 44.164986962180947 ], [ 12.03638550693343, 44.164949812436383 ], [ 12.036595543930714, 44.1648876733937 ], [ 12.036807231334206, 44.164817917659342 ], [ 12.036958100057877, 44.164746061726959 ], [ 12.037094710045233, 44.164668575721663 ], [ 12.037253947773745, 44.164536688152431 ], [ 12.037335104651314, 44.164447087920415 ], [ 12.037404015274404, 44.164395997571162 ], [ 12.037471895524449, 44.164370369196092 ], [ 12.037579898358675, 44.164345536722223 ], [ 12.037670273908228, 44.164352069074347 ], [ 12.037762991063282, 44.164332186975614 ], [ 12.038045631091554, 44.164373512497761 ], [ 12.038134084053956, 44.164375960165749 ], [ 12.038222745239747, 44.164399177491674 ], [ 12.038325084906269, 44.164436616568608 ], [ 12.038438191809592, 44.164438892819689 ], [ 12.038538776692789, 44.164434394526985 ], [ 12.038720737011946, 44.164408349904605 ], [ 12.038798199914925, 44.164425298581619 ], [ 12.039006662430253, 44.164466818341928 ], [ 12.039280823773531, 44.164560143652615 ], [ 12.039510601091846, 44.164747172073575 ], [ 12.039647040336844, 44.164899591147872 ], [ 12.039964303172354, 44.165098509102869 ], [ 12.040465283007409, 44.165241603156048 ], [ 12.040847672084217, 44.165356482197495 ], [ 12.041199585886288, 44.165451196441673 ], [ 12.041692724659258, 44.165598565741014 ], [ 12.041954436883442, 44.165687733943358 ], [ 12.041994150068509, 44.165748154797896 ], [ 12.042095558729777, 44.165853255660529 ], [ 12.042364273915556, 44.166050548501737 ], [ 12.042575507695295, 44.166231777415689 ], [ 12.04272250640569, 44.166345498628878 ], [ 12.042820607765076, 44.166403449684459 ], [ 12.042889077178771, 44.166451503369146 ], [ 12.042957651751435, 44.166524833393339 ], [ 12.043096035351111, 44.16662503234236 ], [ 12.043238821218912, 44.166737980633542 ], [ 12.043330168842402, 44.166806651615246 ], [ 12.04349405357055, 44.166923658243611 ], [ 12.043725178950471, 44.167117743775734 ], [ 12.043823748859316, 44.167213619009104 ], [ 12.043982862225754, 44.167352610629067 ], [ 12.044166309119182, 44.167528166644608 ], [ 12.044338499849244, 44.167664096559037 ], [ 12.044496163563718, 44.167745512098683 ], [ 12.044720919804742, 44.167828283562351 ], [ 12.044895865285561, 44.167875355677225 ], [ 12.04504634925299, 44.167935486016049 ], [ 12.045152002644013, 44.167994224969625 ], [ 12.045337475998268, 44.168118181493369 ], [ 12.04545510887875, 44.168194252855265 ], [ 12.04556416939498, 44.168257008329341 ], [ 12.045696959723958, 44.168335826813063 ], [ 12.045837762661604, 44.168427294370581 ], [ 12.045958975913244, 44.168466947955864 ], [ 12.046114871255293, 44.168450246801619 ], [ 12.046218442660352, 44.16841763581872 ], [ 12.04629211277561, 44.16843426593659 ], [ 12.046447496401951, 44.168567187164726 ], [ 12.046449826928095, 44.168567124887275 ], [ 12.046634537093921, 44.168562191171972 ], [ 12.04679852383874, 44.168524479536998 ], [ 12.046994153248228, 44.168467591572984 ], [ 12.047121536233032, 44.168397316400856 ], [ 12.047230905348853, 44.16835422907922 ], [ 12.047661638913652, 44.168189720190682 ], [ 12.047850291082653, 44.168109656789731 ], [ 12.047895003037702, 44.168151896694013 ], [ 12.047896965503712, 44.168172096727446 ], [ 12.047907993911011, 44.168230429939818 ], [ 12.047924300045556, 44.16828811840346 ], [ 12.047945811470566, 44.168344916348168 ], [ 12.0479724395662, 44.168400579225114 ], [ 12.048004068530151, 44.168454870239763 ], [ 12.048040562699198, 44.168507555696223 ], [ 12.048081766742818, 44.168558410406554 ], [ 12.048127503103828, 44.168607215937193 ], [ 12.048177575836869, 44.168653763239789 ], [ 12.048231770705007, 44.168697855355795 ], [ 12.048289856168726, 44.168739300179702 ], [ 12.048300066576111, 44.168746046963285 ], [ 12.048318556427191, 44.168760443907132 ], [ 12.048333657993572, 44.168771749276452 ], [ 12.04836599602913, 44.16879751335135 ], [ 12.048384930439942, 44.168812264173361 ], [ 12.048443017380476, 44.168853708882232 ], [ 12.048504745246445, 44.168892330786306 ], [ 12.048569850999851, 44.16892796456689 ], [ 12.048605172470488, 44.168945368523588 ], [ 12.048634856142383, 44.168959461952618 ], [ 12.048656992783968, 44.16896973408366 ], [ 12.048795922079323, 44.169032715612794 ], [ 12.048806665070952, 44.169037531954345 ], [ 12.048807778599027, 44.169038025082379 ], [ 12.048971013229483, 44.169110204380104 ], [ 12.048988198855103, 44.16911853180757 ], [ 12.049065947668797, 44.169159533149816 ], [ 12.049081070528429, 44.16916738350556 ], [ 12.049149274668144, 44.169199875565134 ], [ 12.049185691549788, 44.169215409973994 ], [ 12.049319234870245, 44.169270198103852 ], [ 12.049353829155619, 44.169283874812571 ], [ 12.049427342069468, 44.169309680198324 ], [ 12.049503043160653, 44.169331969714619 ], [ 12.049580608253301, 44.169350648724972 ], [ 12.049659704891234, 44.16936563538826 ], [ 12.04970251251738, 44.169372111498049 ], [ 12.049810837756949, 44.16938708090084 ], [ 12.049848316511108, 44.169391834554624 ], [ 12.049919259497548, 44.169398541470287 ], [ 12.0499607839112, 44.169401599207809 ], [ 12.049970978428343, 44.169402320417916 ], [ 12.050001455061706, 44.16940411265147 ], [ 12.05013400124102, 44.169410735326913 ], [ 12.050161761434129, 44.169427629795514 ], [ 12.050181076094695, 44.169477873932415 ], [ 12.050207706953767, 44.169533537077939 ], [ 12.05023274023811, 44.169577289547966 ], [ 12.050224851539099, 44.169609006969246 ], [ 12.050214526520724, 44.169667439524318 ], [ 12.050203846225438, 44.169749219651457 ], [ 12.050198864011643, 44.169807916360185 ], [ 12.050199222658847, 44.169866787048029 ], [ 12.050204930766792, 44.169925513974391 ], [ 12.05021596190781, 44.169983846853043 ], [ 12.050232269664935, 44.17004153489038 ], [ 12.050253785330865, 44.170098332244116 ], [ 12.050280415283881, 44.170153994466538 ], [ 12.050312047450202, 44.170208284691995 ], [ 12.050348544905651, 44.170260969252638 ], [ 12.050389751058317, 44.170311822989042 ], [ 12.05043549083117, 44.170360627422617 ], [ 12.050485567049265, 44.170407174435887 ], [ 12.050539766611328, 44.170451264346084 ], [ 12.050597855597495, 44.170492708708764 ], [ 12.050659586720734, 44.170531329268144 ], [ 12.050718277797278, 44.170563659459759 ], [ 12.050722510346612, 44.170586047401983 ], [ 12.050727801068415, 44.170611630701053 ], [ 12.050731779641119, 44.170629614671803 ], [ 12.050748089397532, 44.170687303473862 ], [ 12.050754112208626, 44.170704757088053 ], [ 12.050777291957379, 44.170769164720951 ], [ 12.050792784337418, 44.17080850744027 ], [ 12.050819416441882, 44.170864170367729 ], [ 12.050851048281645, 44.170918460420602 ], [ 12.050879949859695, 44.17096086314033 ], [ 12.050899542038692, 44.170987794463571 ], [ 12.050907137641715, 44.170998076105519 ], [ 12.050941525783472, 44.171041020669051 ], [ 12.050976173410877, 44.171081662208593 ], [ 12.050994435923991, 44.171104473376978 ], [ 12.051018910112777, 44.171133743934305 ], [ 12.051064651129828, 44.171182548956587 ], [ 12.051096798053813, 44.171213143569325 ], [ 12.051107968354799, 44.17122331562814 ], [ 12.051114521937139, 44.171319864418415 ], [ 12.051125555555091, 44.17137819710932 ], [ 12.051141864692465, 44.17143588583901 ], [ 12.051163381818908, 44.171492682938307 ], [ 12.051190014586075, 44.171548344837511 ], [ 12.051221648418826, 44.171602634721545 ], [ 12.051238077371062, 44.171627423655636 ], [ 12.051287786562238, 44.17169957261892 ], [ 12.051307856907041, 44.171727468752891 ], [ 12.051330838396431, 44.171756766079064 ], [ 12.051379918356179, 44.171816687463881 ], [ 12.051398144966821, 44.171838242517303 ], [ 12.051407336880013, 44.17184861881676 ], [ 12.051475637733288, 44.171924574872001 ], [ 12.051512187802315, 44.171963002469674 ], [ 12.051562266364829, 44.172009549798588 ], [ 12.05157567483163, 44.172021006406247 ], [ 12.05161027564478, 44.172050080789127 ], [ 12.051664581609227, 44.172103262948148 ], [ 12.051790376528013, 44.17223022305383 ], [ 12.051795261611066, 44.172235118112738 ], [ 12.051816278411737, 44.1722554242359 ], [ 12.051922602341062, 44.172355186298837 ], [ 12.051951662118826, 44.172381425570435 ], [ 12.051975829646741, 44.172401804584418 ], [ 12.052019351816774, 44.17243741801564 ], [ 12.052080647632955, 44.172495862905009 ], [ 12.052090697837606, 44.172505314540444 ], [ 12.052098606315841, 44.172512649661563 ], [ 12.052109115625383, 44.172530479844191 ], [ 12.052169429752206, 44.172629819560093 ], [ 12.05217854983332, 44.172644483507518 ], [ 12.052215050650247, 44.172697168202113 ], [ 12.052245431491656, 44.172735379419123 ], [ 12.052331175626309, 44.172837347680812 ], [ 12.052342003165402, 44.172849988463732 ], [ 12.052387746721068, 44.172898792828576 ], [ 12.052409996191127, 44.172920252666124 ], [ 12.052523550628095, 44.17302644149192 ], [ 12.052551381342912, 44.173051527586594 ], [ 12.052567715403892, 44.173065434184345 ], [ 12.052644607567974, 44.173129574696496 ], [ 12.052682477272299, 44.173159755892286 ], [ 12.052740573173635, 44.173201200705186 ], [ 12.052812023978698, 44.173248939771703 ], [ 12.052873754536161, 44.173287556307663 ], [ 12.052938868062199, 44.173323186291761 ], [ 12.052991491541237, 44.17334865339587 ], [ 12.052996177035633, 44.173350798875198 ], [ 12.053017852735142, 44.173363599024626 ], [ 12.053058994463861, 44.173392702988679 ], [ 12.05308479436162, 44.173410441168414 ], [ 12.053115205678665, 44.173430103443351 ], [ 12.053355201620342, 44.173580238292587 ], [ 12.053378442556268, 44.173594422877223 ], [ 12.053554000812911, 44.173698950403207 ], [ 12.053562084791373, 44.173703723328721 ], [ 12.05362719798142, 44.173739352890081 ], [ 12.053655161460448, 44.173753232689947 ], [ 12.053749488796104, 44.173798702440813 ], [ 12.053789737665454, 44.173817312427133 ], [ 12.053842248210465, 44.173839332278369 ], [ 12.053971360368369, 44.17389049070821 ], [ 12.053989867855064, 44.173897677804469 ], [ 12.054063388859353, 44.173923479778416 ], [ 12.054066872936497, 44.173924597980836 ], [ 12.054172387789931, 44.173958320997123 ], [ 12.054176449536639, 44.173962386015603 ], [ 12.054226530783799, 44.174008931093859 ], [ 12.054280735503697, 44.174053019828058 ], [ 12.054296226837918, 44.174064608002432 ], [ 12.054367934155593, 44.174117301144015 ], [ 12.054392017440435, 44.174134524509313 ], [ 12.054484379182364, 44.174198807097632 ], [ 12.054607003093988, 44.174292987914797 ], [ 12.054610603392074, 44.174295742166933 ], [ 12.054658892204387, 44.174330559860508 ], [ 12.054755210708825, 44.174396312793355 ], [ 12.054851604420895, 44.17446609872777 ], [ 12.054887678064738, 44.174491188513301 ], [ 12.05490280463634, 44.174501129219934 ], [ 12.05497655218049, 44.174548803203841 ], [ 12.055023164099135, 44.174577480320359 ], [ 12.055088279277488, 44.174613110735422 ], [ 12.055133596192805, 44.174635203162893 ], [ 12.055152824894686, 44.174644143132426 ], [ 12.055187798488859, 44.174664144645632 ], [ 12.055217502395839, 44.174680615770221 ], [ 12.055230010687593, 44.174687338841579 ], [ 12.055236316894886, 44.174692861436107 ], [ 12.055269167499917, 44.17472026959264 ], [ 12.05531714390481, 44.174758703731911 ], [ 12.05533849952284, 44.174775384643809 ], [ 12.055396597714306, 44.174816826124122 ], [ 12.055458334335411, 44.174855443715728 ], [ 12.055523451289693, 44.174891072019619 ], [ 12.055591666048855, 44.174923560556763 ], [ 12.055620792441855, 44.174936077009228 ], [ 12.055662112226271, 44.174953289190867 ], [ 12.055687778011672, 44.174972149903439 ], [ 12.05573039632031, 44.17500201202548 ], [ 12.055792135865655, 44.175040629361575 ], [ 12.055811749790532, 44.175051875676552 ], [ 12.055919526013144, 44.175112410179217 ], [ 12.055933336946358, 44.175121092128911 ], [ 12.055954919437212, 44.175137720596226 ], [ 12.055959893478846, 44.175141531067666 ], [ 12.055994794643428, 44.175167071373302 ], [ 12.056040133573998, 44.17519895621389 ], [ 12.056063330177459, 44.17521485613787 ], [ 12.056080765060059, 44.17522628548496 ], [ 12.056108263822475, 44.17524397205927 ], [ 12.056116661754809, 44.175252431208698 ], [ 12.056166748235494, 44.175298975243372 ], [ 12.056220955670669, 44.175343062007059 ], [ 12.056244038869156, 44.175360179387539 ], [ 12.056332420190468, 44.175424008847095 ], [ 12.056367435209872, 44.175448331521281 ], [ 12.056429175644183, 44.175486947559556 ], [ 12.056494293935273, 44.175522575230971 ], [ 12.056556445929802, 44.175552357829694 ], [ 12.056636485610571, 44.175588275644614 ], [ 12.056642549635205, 44.175590979115206 ], [ 12.056713571359328, 44.175620184978349 ], [ 12.056783879031855, 44.175644944555366 ], [ 12.056840230417885, 44.175675488105703 ], [ 12.056908446811832, 44.175707973946786 ], [ 12.056934707245922, 44.17571929379416 ], [ 12.057005219961463, 44.175748846080914 ], [ 12.05704998161316, 44.175766732781234 ], [ 12.057123505187146, 44.175792532556777 ], [ 12.057158894348051, 44.175803467199252 ], [ 12.057194787313723, 44.175833892601659 ], [ 12.057258306893432, 44.175894285001831 ], [ 12.057292281344807, 44.175925161667024 ], [ 12.057310788184022, 44.175940872052941 ], [ 12.057399686819304, 44.176014616197563 ], [ 12.057435387702666, 44.176042991050359 ], [ 12.057452155903304, 44.176055513325025 ], [ 12.057526249035879, 44.176109796183532 ], [ 12.057567581842845, 44.176138711426681 ], [ 12.057604874377665, 44.176162642014773 ], [ 12.057666630297742, 44.176200705776751 ], [ 12.057691079833177, 44.176215391371805 ], [ 12.057744098189254, 44.176244758318873 ], [ 12.057883550491455, 44.176317809234781 ], [ 12.057895650841232, 44.176324069147945 ], [ 12.057963868653799, 44.176356555174216 ], [ 12.057996577489037, 44.176370556980878 ], [ 12.058122497151146, 44.176422609130405 ], [ 12.05815592558703, 44.176436763497151 ], [ 12.058174115424316, 44.176467034106864 ], [ 12.058214191881225, 44.176530502550328 ], [ 12.058215950789689, 44.17653327882293 ], [ 12.058252459680551, 44.176585959400306 ], [ 12.058293678781618, 44.176636808777118 ], [ 12.058339428008436, 44.176685609489979 ], [ 12.058355542181191, 44.176701279711345 ], [ 12.058406331208657, 44.176749567066807 ], [ 12.058440305358864, 44.17678043794659 ], [ 12.05849451601723, 44.176824524360278 ], [ 12.058552626269657, 44.176865968348118 ], [ 12.058619328386836, 44.176910522841474 ], [ 12.058681054163163, 44.176949128814321 ], [ 12.058705743352705, 44.176963207650381 ], [ 12.058762564930991, 44.176994782845 ], [ 12.058797776271154, 44.177013647983209 ], [ 12.05889373331247, 44.177063200090956 ], [ 12.058917775151919, 44.1770766665257 ], [ 12.058971084749816, 44.177108569423304 ], [ 12.058981673939655, 44.177114836686769 ], [ 12.058990246685925, 44.177119809687731 ], [ 12.059076658468218, 44.177169474633835 ], [ 12.059152537605531, 44.177220160808211 ], [ 12.059218687617589, 44.177269118637732 ], [ 12.05926448975714, 44.17730132306631 ], [ 12.059279148776247, 44.177310959371169 ], [ 12.059355285307259, 44.177360220239841 ], [ 12.05940236955159, 44.177389198165756 ], [ 12.059441820676911, 44.177411356599848 ], [ 12.059541141146294, 44.17746487222697 ], [ 12.059640175948639, 44.177520918658907 ], [ 12.059810199002497, 44.177637044053803 ], [ 12.059820323422368, 44.177643884338707 ], [ 12.059839906510691, 44.177656964654432 ], [ 12.057520037104505, 44.178727462043476 ], [ 12.053658308220525, 44.180611444496563 ], [ 12.051739112399249, 44.181365736576872 ], [ 12.04685201200518, 44.182703846732217 ], [ 12.04325584061981, 44.18374491285131 ], [ 12.0431983185268, 44.183719459022662 ], [ 12.043198298939215, 44.183716185403647 ], [ 12.043192602635282, 44.183657495544097 ], [ 12.043181580863045, 44.183599202095678 ], [ 12.043165279988408, 44.18354155404608 ], [ 12.043143772478965, 44.183484797161128 ], [ 12.043117146955179, 44.183429175083141 ], [ 12.043085520537097, 44.183374925478624 ], [ 12.043077344764519, 44.183362355140922 ], [ 12.043042942413862, 44.183310496898947 ], [ 12.043014622176431, 44.183270404025187 ], [ 12.042999626931289, 44.183251006027319 ], [ 12.042879466799111, 44.183099979499843 ], [ 12.042853253618349, 44.183068538431094 ], [ 12.04285207565027, 44.183067191245812 ], [ 12.042705810862659, 44.182900246886327 ], [ 12.042596891125505, 44.182764505972919 ], [ 12.042506267802214, 44.182645440122663 ], [ 12.042333992960634, 44.18241704537639 ], [ 12.042191667666126, 44.182209547246501 ], [ 12.042029710273088, 44.181962423261041 ], [ 12.042020501610976, 44.181948674193265 ], [ 12.041897562651476, 44.181769038088845 ], [ 12.041805910765371, 44.181631706482577 ], [ 12.041763805035202, 44.181558261570274 ], [ 12.04174462720121, 44.181526553461929 ], [ 12.041708131544665, 44.181473867192288 ], [ 12.041669329538621, 44.181425779654276 ], [ 12.041527787680574, 44.181262223800168 ], [ 12.041341450876843, 44.18103506608373 ], [ 12.041346936141725, 44.181032157650208 ], [ 12.04140260470952, 44.181000855904529 ], [ 12.041463879403766, 44.180961850024715 ], [ 12.041521477369297, 44.180920043106845 ], [ 12.041582869087659, 44.18087246503935 ], [ 12.041670538097959, 44.180806526737697 ], [ 12.041683345791343, 44.180796747345269 ], [ 12.041735989887368, 44.18075322904199 ], [ 12.041806127543605, 44.180691351251312 ], [ 12.041807157440838, 44.180690441406618 ], [ 12.041856679696249, 44.180643582433454 ], [ 12.041887367577825, 44.180610993588232 ], [ 12.041969202751542, 44.180519863820962 ], [ 12.042017042694889, 44.180467887368145 ], [ 12.042039244885029, 44.18044287892284 ], [ 12.042072810080699, 44.180401199775908 ], [ 12.042162980885189, 44.180281983063637 ], [ 12.042170013253854, 44.180272550195646 ], [ 12.042205881054286, 44.180219635869385 ], [ 12.042215940366217, 44.180203026034718 ], [ 12.042313782233366, 44.180036941249973 ], [ 12.042328858744016, 44.180010159659588 ], [ 12.042397080910961, 44.179883151946996 ], [ 12.042402925282529, 44.179872056300972 ], [ 12.042428886380035, 44.179816229142268 ], [ 12.042434251346874, 44.179802930796541 ], [ 12.042495475146422, 44.1796466787181 ], [ 12.042561938562015, 44.179480969475016 ], [ 12.042579519691254, 44.179432010662225 ], [ 12.042579900022412, 44.179430810480994 ], [ 12.042626875067878, 44.179282025941973 ], [ 12.042627162095405, 44.179281114493492 ], [ 12.042717212206478, 44.178994501585095 ], [ 12.04271976895372, 44.178988633010022 ], [ 12.042775814901303, 44.178864972991718 ], [ 12.042883580200298, 44.178629525130198 ], [ 12.042894058596046, 44.17860550904927 ], [ 12.042912879079582, 44.178554810655143 ], [ 12.042992141973205, 44.178313234918122 ], [ 12.042994156342814, 44.178307001719368 ], [ 12.042998990824382, 44.178291126327473 ], [ 12.043102601216699, 44.177935543354707 ], [ 12.043200068275118, 44.177614055700566 ], [ 12.043204640900933, 44.177598296421408 ], [ 12.043252338311042, 44.17742624244201 ], [ 12.043368854318961, 44.177109228948609 ], [ 12.043440163349093, 44.17699757039297 ], [ 12.043445178312743, 44.176989617980865 ], [ 12.043457666174936, 44.176968856944733 ], [ 12.043545272969348, 44.176818037874824 ], [ 12.043641479080661, 44.176697549193946 ], [ 12.043662610177376, 44.176669978472908 ], [ 12.043698473268352, 44.176617066229866 ], [ 12.043729451568307, 44.176562578582072 ], [ 12.04375541119386, 44.176506750938159 ], [ 12.043776242061043, 44.176449820943326 ], [ 12.043791855486692, 44.176392031233128 ], [ 12.04380218179001, 44.176333632187323 ], [ 12.043807179884938, 44.176274870914163 ], [ 12.043806827622562, 44.176216000463 ], [ 12.043801125307716, 44.176157273439394 ], [ 12.043790098128907, 44.176098940152912 ], [ 12.043773794974888, 44.176041250444825 ], [ 12.043752282133065, 44.175984452008109 ], [ 12.043725654418935, 44.17592878746126 ], [ 12.043694026476405, 44.175874495422399 ], [ 12.043657531497688, 44.175821809632133 ], [ 12.043616326051726, 44.175770954347755 ], [ 12.043570587685787, 44.175722147096948 ], [ 12.043520512333867, 44.175675596022622 ], [ 12.043466313197907, 44.17563150351387 ], [ 12.043408222888313, 44.175590056239685 ], [ 12.043346491154473, 44.175551431509284 ], [ 12.04328138111045, 44.175515796444415 ], [ 12.043213172719501, 44.175483300693372 ], [ 12.043142155631791, 44.17545408559409 ], [ 12.043068637626686, 44.175428275888201 ], [ 12.042992930987916, 44.175405982696454 ], [ 12.042915359891699, 44.175387300666443 ], [ 12.042836256696999, 44.175372308948099 ], [ 12.042755962042344, 44.175361073898472 ], [ 12.042674817072031, 44.175353641115272 ], [ 12.042593168748009, 44.175350044354197 ], [ 12.042511370872194, 44.175350299193489 ], [ 12.042429769085912, 44.175354402427359 ], [ 12.04234871606433, 44.175362338082017 ], [ 12.042268557634497, 44.175374073178055 ], [ 12.042189636421357, 44.175389554952346 ], [ 12.042112292105386, 44.175408718070152 ], [ 12.042036853810103, 44.17543148116637 ], [ 12.041963646338973, 44.175457746722763 ], [ 12.041892981444109, 44.175487401239685 ], [ 12.041825162944727, 44.175520318743992 ], [ 12.041760480425951, 44.175556359108704 ], [ 12.041699212884588, 44.175595365274503 ], [ 12.041641619039661, 44.175637171560247 ], [ 12.041587949677824, 44.175681599810751 ], [ 12.041538430157335, 44.175728458839231 ], [ 12.041493276817574, 44.175777549517008 ], [ 12.041473811126835, 44.175801088511065 ], [ 12.041338437396375, 44.175970625460131 ], [ 12.04131730543358, 44.175998195725136 ], [ 12.04128144052113, 44.176051107175823 ], [ 12.041268952063831, 44.176071867966371 ], [ 12.041159423535431, 44.176260412341549 ], [ 12.041052137684799, 44.17642839313848 ], [ 12.041047122468893, 44.1764363463408 ], [ 12.041016141653591, 44.176490832300132 ], [ 12.040990180614317, 44.176546659244387 ], [ 12.040979465140389, 44.176574048583234 ], [ 12.04082547770682, 44.176992969962335 ], [ 12.040815358148464, 44.177022510967525 ], [ 12.040808073178905, 44.177047005264583 ], [ 12.04075501360121, 44.177238374741144 ], [ 12.040658835624017, 44.177555562758954 ], [ 12.040656712326568, 44.177562702946062 ], [ 12.040555276128014, 44.177910773166452 ], [ 12.040492027501594, 44.178103512255895 ], [ 12.040400572989148, 44.178303305150521 ], [ 12.040399433742246, 44.178305803171348 ], [ 12.040340609402453, 44.178435586472617 ], [ 12.040336267810305, 44.178445353275883 ], [ 12.040316321715487, 44.178491121264273 ], [ 12.040311323116258, 44.17850287226976 ], [ 12.040290488137778, 44.178559802397949 ], [ 12.040289820670493, 44.178561913112787 ], [ 12.040188658174914, 44.17888385371311 ], [ 12.04014979906102, 44.17900692031337 ], [ 12.040092247310406, 44.179150401397749 ], [ 12.040090135440579, 44.179155730661115 ], [ 12.04004382498095, 44.179273911542836 ], [ 12.040004048218243, 44.179347958992942 ], [ 12.039995897918915, 44.179361790205057 ], [ 12.039826912030765, 44.179152480484404 ], [ 12.039713249511895, 44.179009434577999 ], [ 12.039700179493069, 44.178993375037869 ], [ 12.039480403126493, 44.178729597612971 ], [ 12.039445153462044, 44.178687166321332 ], [ 12.039293074688251, 44.178504092116903 ], [ 12.03910623716459, 44.178271725443309 ], [ 12.03901833479161, 44.178158642019518 ], [ 12.038845136738679, 44.177919668603415 ], [ 12.038843032651569, 44.177916778821448 ], [ 12.038698995317532, 44.177719784489383 ], [ 12.038692680758826, 44.177711259527989 ], [ 12.038682595272585, 44.177698084042312 ], [ 12.038441532851104, 44.177389273956329 ], [ 12.03839778681305, 44.177326507378702 ], [ 12.038294283198969, 44.17717800385627 ], [ 12.037954622543017, 44.17667755295119 ], [ 12.037570913214777, 44.176109015157479 ], [ 12.037564905675616, 44.17610023327795 ], [ 12.037338578278222, 44.175773962142706 ], [ 12.037320096555863, 44.175748353548272 ], [ 12.037278895568379, 44.175697495742611 ], [ 12.037233162689217, 44.175648685669756 ], [ 12.037183091398424, 44.175602133336859 ], [ 12.037128898456766, 44.175558036564695 ], [ 12.037070812839822, 44.175516585716508 ], [ 12.037009084244778, 44.175477957215236 ], [ 12.036943978261563, 44.175442318149784 ], [ 12.036875772341507, 44.175409818234684 ], [ 12.036804759925133, 44.175380600555187 ], [ 12.036731243659332, 44.175354786363776 ], [ 12.036655538341947, 44.175332487652767 ], [ 12.036577969481851, 44.175313801769789 ], [ 12.036498868117002, 44.175298806106582 ], [ 12.036418573598601, 44.175287566164016 ], [ 12.036337429592081, 44.175280128413213 ], [ 12.036255783087274, 44.175276527532702 ], [ 12.036173984077275, 44.175276777392753 ], [ 12.036092383256983, 44.175280876513824 ], [ 12.036011328281017, 44.175288808140152 ], [ 12.035931168657493, 44.175300537436847 ], [ 12.035852245897605, 44.175316015292431 ], [ 12.035774898376934, 44.175335174614311 ], [ 12.035699457690027, 44.17535793310693 ], [ 12.035626246220115, 44.175384195123947 ], [ 12.035555579441347, 44.175413846209707 ], [ 12.035487757412128, 44.175446759581511 ], [ 12.035423069764647, 44.175482796031631 ], [ 12.035361798007504, 44.175521798468715 ], [ 12.035304199694387, 44.175563603054975 ], [ 12.035250524255408, 44.175608028068673 ], [ 12.03520100094029, 44.175654885869555 ], [ 12.035155840960053, 44.175703972932297 ], [ 12.035115239119195, 44.175755080640734 ], [ 12.035079368633809, 44.175807989976228 ], [ 12.035048383754164, 44.175862475075014 ], [ 12.035022415958192, 44.175918301498299 ], [ 12.035001576606701, 44.175975230691016 ], [ 12.034985955631136, 44.17603301820315 ], [ 12.034975619199111, 44.176091418246351 ], [ 12.034970612048427, 44.176150179137245 ], [ 12.034970956463729, 44.176209049632689 ], [ 12.034976649749522, 44.176267778077204 ], [ 12.034987667971921, 44.176326112329548 ], [ 12.03500396359161, 44.176383803417849 ], [ 12.035025466647056, 44.176440603712066 ], [ 12.035052087377165, 44.176496270481287 ], [ 12.035083708672282, 44.176550564237708 ], [ 12.035101714027544, 44.176577645898924 ], [ 12.035324996245141, 44.176899542664557 ], [ 12.03570632052395, 44.177464578637583 ], [ 12.035707527425357, 44.17746636109009 ], [ 12.036050672284238, 44.177971973987283 ], [ 12.036056524020081, 44.17798048293627 ], [ 12.036162980602219, 44.178133231197954 ], [ 12.036219876249248, 44.17821486915647 ], [ 12.036237309602777, 44.178238967508285 ], [ 12.036247394654417, 44.178252144130006 ], [ 12.036382223161143, 44.178424873589329 ], [ 12.036375328518121, 44.178428623232463 ], [ 12.03681559024022, 44.179010004127733 ], [ 12.036818415628861, 44.179013835176505 ], [ 12.036827387753606, 44.179025583813548 ], [ 12.036926078045838, 44.179732709120799 ], [ 12.036661464527993, 44.180414331442726 ], [ 12.036070920207472, 44.181091519095609 ], [ 12.033167375035351, 44.182256210621084 ], [ 12.033323744743191, 44.182495212472418 ], [ 12.033551899880457, 44.182853242215764 ], [ 12.033781198618016, 44.183228215288196 ], [ 12.034357395209897, 44.184156607325384 ], [ 12.034704211935319, 44.184700306221863 ], [ 12.035080550764455, 44.185288973064459 ], [ 12.035090065412911, 44.185304195352622 ], [ 12.0353332320982, 44.185693069935105 ], [ 12.03545558051902, 44.185898196718135 ], [ 12.035498866984982, 44.185980291488029 ], [ 12.035495732778262, 44.185981225458207 ], [ 12.035449493928374, 44.186052164167315 ], [ 12.035488348298616, 44.186286403040747 ], [ 12.035443618777299, 44.18663659735774 ], [ 12.035402374796835, 44.186840679119065 ], [ 12.035289202924272, 44.187208564044461 ], [ 12.035073878346466, 44.18766759422676 ], [ 12.034957460771308, 44.18796602978292 ], [ 12.034898322112028, 44.188063241913056 ], [ 12.03468569036564, 44.188299153013489 ], [ 12.034454407935746, 44.188497995912073 ], [ 12.033940207399443, 44.189131814088384 ], [ 12.033362543839528, 44.189779006925356 ], [ 12.03264992893445, 44.190587154351689 ], [ 12.032653206595043, 44.190589439314742 ], [ 12.032483856872448, 44.190769463760077 ], [ 12.032387667418524, 44.190917917873534 ], [ 12.032266842010278, 44.191125936364209 ], [ 12.032181893985809, 44.191316929951135 ], [ 12.032070639741317, 44.191630252113043 ], [ 12.032025262458056, 44.191756972994725 ], [ 12.031970200325361, 44.19191073683303 ], [ 12.031815154629122, 44.19226166617198 ], [ 12.031685308628063, 44.192650052688968 ], [ 12.031490983674351, 44.193129471433267 ], [ 12.031336740811016, 44.193535951187584 ], [ 12.031331883146267, 44.193548697516931 ], [ 12.03118789967295, 44.193926534027476 ], [ 12.031121855112021, 44.194098014416383 ], [ 12.031053410934698, 44.194288915826647 ], [ 12.030810972572882, 44.196055411662734 ], [ 12.030049409225555, 44.198628594047413 ], [ 12.028564227578583, 44.19920519508026 ], [ 12.028563705413312, 44.199200756728196 ], [ 12.028654595960106, 44.198977470173958 ], [ 12.028883470690424, 44.198562367913127 ], [ 12.029032856932401, 44.198149375125283 ], [ 12.029075809025811, 44.197878277983463 ], [ 12.029065086203891, 44.197862842564568 ], [ 12.029063661695165, 44.19764136719008 ], [ 12.029069705146568, 44.196872240071542 ], [ 12.029152795987956, 44.196534037616701 ], [ 12.029187114617796, 44.196500999559198 ], [ 12.029295219747828, 44.196391782165556 ], [ 12.029413839854982, 44.196265923974153 ], [ 12.029540882681969, 44.196082577917608 ], [ 12.029675927923044, 44.195833576729541 ], [ 12.029804687787845, 44.195462034352943 ], [ 12.029827439230576, 44.195240555968496 ], [ 12.029846421030042, 44.194945554354994 ], [ 12.029850651860507, 44.194806373490586 ], [ 12.029830918090605, 44.194643287226683 ], [ 12.029733377828745, 44.194514990480002 ], [ 12.029646772923407, 44.194378222831347 ], [ 12.029568590163462, 44.194183967316278 ], [ 12.02952614922479, 44.194021484411373 ], [ 12.029516094406846, 44.193825420061344 ], [ 12.029486027314134, 44.193463058455499 ], [ 12.029561792079752, 44.193327107387987 ], [ 12.029586447840323, 44.193258936620765 ], [ 12.029674113446214, 44.193006548527634 ], [ 12.029752981234033, 44.192760973482301 ], [ 12.029745902630006, 44.192622970204013 ], [ 12.029683688439908, 44.192479851592978 ], [ 12.02953423442292, 44.192336375523453 ], [ 12.02936335263734, 44.192177015747355 ], [ 12.029152695292526, 44.192059903635197 ], [ 12.029001321722596, 44.191990298814581 ], [ 12.028796109015531, 44.191979388303004 ], [ 12.028444130575812, 44.191988734144232 ], [ 12.028058925828605, 44.192015322628563 ], [ 12.027763716384525, 44.192023160017627 ], [ 12.027194332816331, 44.192005551166766 ], [ 12.027034957347016, 44.192001601105872 ], [ 12.026931513425465, 44.19197980537222 ], [ 12.026838587412872, 44.191941368113952 ], [ 12.026790241230986, 44.191885388623817 ], [ 12.026708778637971, 44.191404900626473 ], [ 12.026698317166296, 44.191200665567465 ], [ 12.026704649125938, 44.191102331584425 ], [ 12.026813585429094, 44.191009454525869 ], [ 12.02698138456271, 44.190955918077677 ], [ 12.027160954590544, 44.19091025077131 ], [ 12.027558879488151, 44.190899689051413 ], [ 12.027758726540817, 44.190968090354424 ], [ 12.028430472742075, 44.19122663856438 ], [ 12.028877296418401, 44.191379287001716 ], [ 12.02941410911521, 44.191503221681252 ], [ 12.029753729175972, 44.191527103292536 ], [ 12.030447025557651, 44.191492233198815 ], [ 12.03072813810037, 44.191445280124292 ], [ 12.031097211937601, 44.191330184543872 ], [ 12.03130357004766, 44.191252314312017 ], [ 12.031453780359472, 44.191149613253636 ], [ 12.031598931577673, 44.190948338940387 ], [ 12.031835443264622, 44.190566961759437 ], [ 12.031912949949707, 44.190295099292179 ], [ 12.031965754046196, 44.190076537797012 ], [ 12.031908792527776, 44.189857604278949 ], [ 12.031868689080273, 44.189711938410291 ], [ 12.031873329524107, 44.189686592032956 ], [ 12.031783994412224, 44.189397880461094 ], [ 12.031733226175518, 44.189238366862853 ], [ 12.03162949771543, 44.189084090249857 ], [ 12.031447622420583, 44.188859119431491 ], [ 12.03067956830434, 44.187998612527046 ], [ 12.030078066282515, 44.187271558541298 ], [ 12.029741133840993, 44.186721318785253 ], [ 12.029616349092253, 44.186571430149165 ], [ 12.029522674072213, 44.186405393924765 ], [ 12.02949199913035, 44.186222364570533 ], [ 12.029485333410859, 44.186092319630532 ], [ 12.029518053022151, 44.18589994618884 ], [ 12.029583447911222, 44.18572202607983 ], [ 12.029721690354522, 44.185511528734487 ], [ 12.029842200369567, 44.18537044535109 ], [ 12.030006801200781, 44.185258830033618 ], [ 12.0301801959699, 44.185148980010865 ], [ 12.030233751031304, 44.1851150509818 ], [ 12.030292132464336, 44.185083612988841 ], [ 12.030363169070863, 44.185042242152079 ], [ 12.030542446939087, 44.184971673262837 ], [ 12.030795457805626, 44.184912306607778 ], [ 12.030950371055289, 44.18490160916032 ], [ 12.03116328075464, 44.184951884855934 ], [ 12.031633751332604, 44.18503150867069 ], [ 12.031946275307586, 44.185062684703908 ], [ 12.032128585803621, 44.185051257889093 ], [ 12.032256100974566, 44.185041287965078 ], [ 12.032370438236601, 44.184952700108731 ], [ 12.032408345182846, 44.184800339798272 ], [ 12.032444564715368, 44.184615121954202 ], [ 12.032509193610149, 44.184448890639558 ], [ 12.03252748576193, 44.184270728422355 ], [ 12.032591074477365, 44.18426245764983 ], [ 12.03260293146532, 44.184137112278258 ], [ 12.032531925692721, 44.184000808777249 ], [ 12.032472747879153, 44.183916834866423 ], [ 12.032198473922303, 44.183739872066667 ], [ 12.032009908461315, 44.183634180415822 ], [ 12.032008982717564, 44.183616138817975 ], [ 12.031638523152248, 44.183449801937172 ], [ 12.031466476357652, 44.18341607495492 ], [ 12.03134640224668, 44.18335798411961 ], [ 12.031246414596051, 44.183276380233131 ], [ 12.030759886251831, 44.182714796995391 ], [ 12.030573720302375, 44.182405678170085 ], [ 12.030477695849306, 44.18219374417184 ], [ 12.030500958138775, 44.182024602098352 ], [ 12.030568699649754, 44.181892579892043 ], [ 12.030664411526844, 44.18168321257933 ], [ 12.030659004595767, 44.181669287894088 ], [ 12.030721010288019, 44.181498983113869 ], [ 12.030713429065955, 44.18135112237227 ], [ 12.030699916292779, 44.181265933911696 ], [ 12.030601522387474, 44.181130356951094 ], [ 12.030548829887207, 44.181088756314082 ], [ 12.030402350519589, 44.18093181876911 ], [ 12.030204735304398, 44.180814506985044 ], [ 12.030009476682963, 44.180743092927692 ], [ 12.029778406402453, 44.180596027907306 ], [ 12.029698505512155, 44.180490907972413 ], [ 12.029670973026279, 44.180369075988196 ], [ 12.029652501515111, 44.18021636359444 ], [ 12.029641914437216, 44.180009820784015 ], [ 12.029582100313654, 44.179881186245979 ], [ 12.029437248137496, 44.179754810961462 ], [ 12.029028658539362, 44.179466916024566 ], [ 12.028771194977011, 44.179427792407054 ], [ 12.028557425451377, 44.179410488034065 ], [ 12.028426733122497, 44.179352676588493 ], [ 12.028249212288314, 44.179211847583218 ], [ 12.027787485662, 44.178925358761745 ], [ 12.027579253238576, 44.178808323756869 ], [ 12.027343443902605, 44.178776281701957 ], [ 12.027074570629857, 44.178722137581659 ], [ 12.026698225314401, 44.178647863593675 ], [ 12.026551174944283, 44.17868623608139 ], [ 12.026412991276917, 44.178689902290664 ], [ 12.026285434745754, 44.178693287407469 ], [ 12.025997653610737, 44.178685602534948 ], [ 12.02579569227737, 44.178690960682076 ], [ 12.025529951977715, 44.17869801007091 ], [ 12.025274450500193, 44.178697126980275 ], [ 12.025060292893622, 44.178672166250024 ], [ 12.024868176071855, 44.178661941741346 ], [ 12.024464252109643, 44.178672653263597 ], [ 12.024091434467136, 44.178667218241557 ], [ 12.023856408854908, 44.178650469236203 ], [ 12.023564713327897, 44.178566280002855 ], [ 12.023228155132767, 44.178437318563702 ], [ 12.023171877475479, 44.178377529573304 ], [ 12.023147487303039, 44.178316894164169 ], [ 12.023144357494443, 44.178255694749232 ], [ 12.023214461852985, 44.178169575310882 ], [ 12.023419225314155, 44.178010944363763 ], [ 12.023957935241773, 44.177514071936258 ], [ 12.024158390617039, 44.177271291692932 ], [ 12.02428365678152, 44.177015185236264 ], [ 12.024292783643387, 44.176777477809097 ], [ 12.024266498897072, 44.176471767630154 ], [ 12.02416881000196, 44.176018577590014 ], [ 12.024185043890652, 44.175711740616471 ], [ 12.024123682124671, 44.175552504031678 ], [ 12.023952898990419, 44.17533488683555 ], [ 12.023685281393742, 44.17509685624217 ], [ 12.023464486616451, 44.174941845648078 ], [ 12.023179529272467, 44.174780875539554 ], [ 12.022846121091018, 44.174713111129272 ], [ 12.022021438914642, 44.174612401636928 ], [ 12.021271161681346, 44.174509715288011 ], [ 12.021100318545624, 44.174498920991269 ], [ 12.02091962681768, 44.174503706990571 ], [ 12.020709785260994, 44.174562885218201 ], [ 12.020445234995591, 44.174592871750846 ], [ 12.020412141305085, 44.174595588525435 ], [ 12.020327482546374, 44.174588729184734 ], [ 12.020130531162614, 44.174491945106695 ], [ 12.019742739494516, 44.174238991666549 ], [ 12.019639279419655, 44.174182504953613 ], [ 12.019509098909152, 44.174139887632741 ], [ 12.01927814393288, 44.174093357538936 ], [ 12.019130708549559, 44.174070938421423 ], [ 12.01826227592672, 44.174074180805079 ], [ 12.017211227152952, 44.1740822473663 ], [ 12.016998753069045, 44.174115392754743 ], [ 12.016950927466739, 44.174110841292539 ], [ 12.016437530676948, 44.174269963031925 ], [ 12.016036365140785, 44.174334194120355 ], [ 12.01572890753906, 44.174357643553314 ], [ 12.015465134502303, 44.17440291850081 ], [ 12.015446154721841, 44.174425831340422 ], [ 12.01496228239381, 44.174625388775198 ], [ 12.014799937195532, 44.174669163862958 ], [ 12.014653842399245, 44.174673025225736 ], [ 12.014327536803226, 44.174629170056193 ], [ 12.014294684774963, 44.174617700652007 ], [ 12.013882985767173, 44.174475377938109 ], [ 12.013730670454773, 44.17441046054018 ], [ 12.013662216455401, 44.174320348144612 ], [ 12.013626040731422, 44.174237041392935 ], [ 12.013619411853437, 44.174106994136082 ], [ 12.013652596114561, 44.174046041305559 ], [ 12.013731291330398, 44.173973544651339 ], [ 12.013952191740895, 44.173822935613664 ], [ 12.014126097226928, 44.173647245244013 ], [ 12.014257111309526, 44.173347657806886 ], [ 12.014325969319231, 44.173263582074448 ], [ 12.014391979990434, 44.173123645536279 ], [ 12.014528353420202, 44.172929205157772 ], [ 12.014705270035041, 44.172812659653296 ], [ 12.015062787192026, 44.172651856182533 ], [ 12.015437557334009, 44.17247085432107 ], [ 12.015777145241652, 44.172317103870931 ], [ 12.015874564615299, 44.172255302717929 ], [ 12.015916531361372, 44.172181807449569 ], [ 12.015949029559605, 44.172101981767717 ], [ 12.015944336791852, 44.172009976795863 ], [ 12.015929841768839, 44.171905071931285 ], [ 12.015849424549859, 44.171762426007099 ], [ 12.015709196276283, 44.17152265306958 ], [ 12.015531547039126, 44.171272763747133 ], [ 12.015502818471754, 44.171176987883001 ], [ 12.015343488591926, 44.170974376009283 ], [ 12.01520931674786, 44.170847699990588 ], [ 12.015098353293801, 44.170758711136543 ], [ 12.015082654383013, 44.170659543910766 ], [ 12.015164559080462, 44.17059609818444 ], [ 12.015213409971482, 44.170510544176572 ], [ 12.015178013134626, 44.170442537995442 ], [ 12.01505447228673, 44.170315580978716 ], [ 12.014972663248717, 44.170172199904727 ], [ 12.014956574218328, 44.170065382501171 ], [ 12.014909771423365, 44.169982357520595 ], [ 12.014821236431551, 44.169915756391568 ], [ 12.014733090890299, 44.169856805322524 ], [ 12.014731140970621, 44.169818555597423 ], [ 12.014740598795539, 44.169795325457549 ], [ 12.014820163397822, 44.169685979194902 ], [ 12.014888708039221, 44.169569265260229 ], [ 12.014883248557531, 44.169462167085278 ], [ 12.014822697064346, 44.169318224422412 ], [ 12.014642117905444, 44.1691161725347 ], [ 12.014421759186019, 44.168968792854677 ], [ 12.014199842507995, 44.168790813042563 ], [ 12.013958229387963, 44.168643994483119 ], [ 12.013817727267796, 44.168601746679634 ], [ 12.013658309223668, 44.168605958812975 ], [ 12.013476465946665, 44.168587783177863 ], [ 12.013239144730134, 44.168525110793553 ], [ 12.013228704004735, 44.168525386771293 ], [ 12.013120921514457, 44.168455424100145 ], [ 12.012910686608162, 44.168276721953347 ], [ 12.012626833596411, 44.167909127258653 ], [ 12.012471716177402, 44.167735549550081 ], [ 12.012309326263841, 44.167640226460023 ], [ 12.011716218049992, 44.167040961665514 ], [ 12.01132711432872, 44.16671419104685 ], [ 12.010634212454264, 44.166272877258258 ], [ 12.010384717295901, 44.166179880508807 ], [ 12.009997456221821, 44.166098180294526 ], [ 12.009673181889919, 44.16599949560436 ], [ 12.00940360163818, 44.165930008187686 ], [ 12.009195842316295, 44.165820588574739 ], [ 12.009018797791461, 44.165687376875347 ], [ 12.008917703426416, 44.165582802345263 ], [ 12.008859895140954, 44.165492406033721 ], [ 12.008811159452545, 44.16537113068668 ], [ 12.008789246446378, 44.165149565534904 ], [ 12.008790534817908, 44.164965689296928 ], [ 12.008835303780323, 44.164799815551667 ], [ 12.008902301420706, 44.164652507046931 ], [ 12.009012195302292, 44.164511726564811 ], [ 12.009165764496736, 44.164392773412743 ], [ 12.009499217604402, 44.164253753929671 ], [ 12.009563250637521, 44.164220523939981 ], [ 12.009640281235283, 44.164194316960661 ], [ 12.009747493132886, 44.164145423589162 ], [ 12.009753836425119, 44.164137631963278 ], [ 12.009759690967693, 44.164145949280758 ], [ 12.009815211561977, 44.164127550173234 ], [ 12.009879231490871, 44.164143554185038 ], [ 12.009952572500742, 44.164196389371256 ], [ 12.010020484815119, 44.164249367734719 ], [ 12.010110704043257, 44.16431349272046 ], [ 12.010160347248149, 44.164327831330141 ], [ 12.0102743254345, 44.16432482377995 ], [ 12.010392338456523, 44.164294324054943 ], [ 12.010546355089424, 44.164223752319515 ], [ 12.010860211722738, 44.164090279130441 ], [ 12.011063072796789, 44.164018417394374 ], [ 12.011231780194406, 44.163916159788364 ], [ 12.01140068424796, 44.163817809039337 ], [ 12.011412599419987, 44.163800283714572 ], [ 12.011417641522488, 44.163792868195941 ], [ 12.011528154354293, 44.163735515818196 ], [ 12.011768067962066, 44.16372918051718 ], [ 12.012383986353285, 44.163623467461051 ], [ 12.012677562374584, 44.163532228597333 ], [ 12.013157317696962, 44.163355567891635 ], [ 12.013299251815591, 44.163214664158744 ], [ 12.01349514968355, 44.162994813930915 ], [ 12.013631316904275, 44.162740761446841 ], [ 12.01381477979173, 44.162241386297438 ], [ 12.013820466280482, 44.162225910623157 ], [ 12.013810452501531, 44.162029389128989 ], [ 12.013757560157551, 44.161804185286513 ], [ 12.01366672255662, 44.161484572696054 ], [ 12.013571861380692, 44.161248550852619 ], [ 12.013377813429285, 44.160854142841579 ], [ 12.013249945883407, 44.160457986206495 ], [ 12.013103028276882, 44.16017563421854 ], [ 12.012802204928983, 44.159798953874379 ], [ 12.012627136165865, 44.159451748615112 ], [ 12.012564766800095, 44.159202941811522 ], [ 12.012501486446265, 44.158936269471724 ], [ 12.012484874395449, 44.158772719785219 ], [ 12.012432209023594, 44.158714478311502 ], [ 12.012388118862745, 44.158661973222884 ], [ 12.012208035621782, 44.158541502164773 ], [ 12.011990012434779, 44.158326621239979 ], [ 12.011860776395803, 44.158228659363061 ], [ 12.011690786477477, 44.158143699051692 ], [ 12.011486496139412, 44.158035792513715 ], [ 12.011359383159077, 44.157979516778269 ], [ 12.011117068078089, 44.157938207609604 ], [ 12.010923778471261, 44.157883679044929 ], [ 12.010838026318131, 44.157826310072707 ], [ 12.010793029858021, 44.157755939632139 ], [ 12.010697187872418, 44.157663057820081 ], [ 12.010559683626251, 44.157565312572999 ], [ 12.010280646047814, 44.157453413467366 ], [ 12.010162413010599, 44.157408827704138 ], [ 12.009906434028787, 44.157424526728278 ], [ 12.009764295034733, 44.157398462591949 ], [ 12.00967178768845, 44.157371087056582 ], [ 12.009546192758011, 44.157344585245525 ], [ 12.009403448686019, 44.157306608140608 ], [ 12.009234070620774, 44.157233556185275 ], [ 12.009020908514042, 44.157113951354816 ], [ 12.008494114379335, 44.156853539424617 ], [ 12.00829043991239, 44.156757537115503 ], [ 12.008155666243209, 44.156713386176172 ], [ 12.008055796607737, 44.156704093763565 ], [ 12.007931717773014, 44.156707365303163 ], [ 12.007879501854054, 44.156724022376153 ], [ 12.007777123556584, 44.156762128752774 ], [ 12.007712160059752, 44.156787694745873 ], [ 12.007564777993188, 44.15682139814205 ], [ 12.007417093195452, 44.156849143731655 ], [ 12.007381887210991, 44.156808329922413 ], [ 12.007386221927179, 44.156730693857305 ], [ 12.00744019137513, 44.156651749386029 ], [ 12.007720512081049, 44.156375654291971 ], [ 12.007740749930175, 44.156372497698655 ], [ 12.007834562420125, 44.156262687272431 ], [ 12.007926559355198, 44.156117143786332 ], [ 12.007913595363014, 44.156025055227488 ], [ 12.007800709111422, 44.155759688756241 ], [ 12.007707697153508, 44.155559391572623 ], [ 12.007599051297854, 44.155377396884838 ], [ 12.00742302207424, 44.155173326040803 ], [ 12.007239629860493, 44.154987338506189 ], [ 12.006411046921416, 44.154329374669935 ], [ 12.006295952666676, 44.154183327593898 ], [ 12.006213640035091, 44.154030453685088 ], [ 12.006194620743694, 44.15388986312356 ], [ 12.006273965571651, 44.153587585842281 ], [ 12.006301301793151, 44.153473564470005 ], [ 12.006464715774548, 44.153266508474914 ], [ 12.006580920789634, 44.153108401198651 ], [ 12.006654558029966, 44.152927565024356 ], [ 12.006633324391746, 44.152835694088701 ], [ 12.006476571538951, 44.152684783020923 ], [ 12.006275739875086, 44.152481363719161 ], [ 12.006092342643747, 44.152304797382854 ], [ 12.0059662, 44.153541300000022 ], [ 12.000111730252817, 44.155084914440238 ], [ 12.000130265834075, 44.155097029295774 ], [ 12.000368822444825, 44.155227908229136 ], [ 12.000589325579732, 44.155329446155228 ], [ 12.00094278237356, 44.155439411976019 ], [ 12.002671076323196, 44.155899192669814 ], [ 12.002672465255991, 44.155900764490134 ], [ 12.002744081115511, 44.156006217661002 ], [ 12.002748010657154, 44.156083635941208 ], [ 12.002709068918733, 44.156132366310921 ], [ 12.002604858807725, 44.156200704585217 ], [ 12.00255148958605, 44.156291558164554 ], [ 12.002549866052407, 44.156422791876565 ], [ 12.002557421501972, 44.156571673514776 ], [ 12.002580010820848, 44.15669034255091 ], [ 12.002625904714101, 44.156778582236605 ], [ 12.002720220846333, 44.156841695319009 ], [ 12.003013368058227, 44.156905535749203 ], [ 12.00306511603722, 44.156945916515802 ], [ 12.003067534729167, 44.15699355841933 ], [ 12.003045136468021, 44.157041853466268 ], [ 12.002373366751677, 44.157351735536444 ], [ 12.002362263027623, 44.157459365367387 ], [ 12.002376579134619, 44.157578252945541 ], [ 12.002467762794319, 44.15774282346581 ], [ 12.002607673127386, 44.157888219550095 ], [ 12.002821428650572, 44.158019747353592 ], [ 12.002947023113245, 44.158046256385909 ], [ 12.003096224474806, 44.158048291655177 ], [ 12.003328147548551, 44.158048148526497 ], [ 12.003583678403887, 44.158023530232377 ], [ 12.003881475588695, 44.158015688047946 ], [ 12.00413912233951, 44.158032755353481 ], [ 12.004256747582282, 44.158065436387332 ], [ 12.00440039778937, 44.158121284332239 ], [ 12.004671156221614, 44.158233417067088 ], [ 12.00489994958747, 44.158334727697707 ], [ 12.005025547003507, 44.158361235074338 ], [ 12.005306801604235, 44.158353824515977 ], [ 12.005464577018865, 44.15836159430016 ], [ 12.005540842038524, 44.158395364278299 ], [ 12.005576654772311, 44.158448088399091 ], [ 12.005580284854494, 44.158519551546838 ], [ 12.005583330692595, 44.15857922180092 ], [ 12.005586004434708, 44.158583017853921 ], [ 12.00556393911628, 44.158686952894861 ], [ 12.005570293624812, 44.158812012666623 ], [ 12.005618311274702, 44.158941936860067 ], [ 12.005726050921883, 44.15910606847126 ], [ 12.005889579070153, 44.159226986638792 ], [ 12.00631862830863, 44.159519803197028 ], [ 12.00654954788884, 44.159662796013031 ], [ 12.006802562355691, 44.159751537667766 ], [ 12.007145967904952, 44.159825969694062 ], [ 12.007469197180974, 44.159829373699694 ], [ 12.007686398166031, 44.159865389779362 ], [ 12.00804226242364, 44.159858986924867 ], [ 12.008183499049267, 44.159867188727809 ], [ 12.008429151278412, 44.159974010952375 ], [ 12.008665451315601, 44.16005822384173 ], [ 12.009048940379783, 44.160270729527952 ], [ 12.009488195266774, 44.160438037801462 ], [ 12.009850576585483, 44.160559665973686 ], [ 12.010169475439648, 44.16064069933968 ], [ 12.010607827923542, 44.160790135495539 ], [ 12.010710432047114, 44.160853022738344 ], [ 12.010745341371232, 44.160887880385523 ], [ 12.010750980844104, 44.160889550023576 ], [ 12.010766384489827, 44.160939668757898 ], [ 12.010820310072644, 44.161058834579137 ], [ 12.010929192922299, 44.161407789213733 ], [ 12.010952621922833, 44.161705331611628 ], [ 12.01094980495367, 44.161812742731378 ], [ 12.010912079165996, 44.161885297170706 ], [ 12.010848579127455, 44.161934487336062 ], [ 12.010776597828904, 44.161990248511366 ], [ 12.010649690171871, 44.16210093533364 ], [ 12.010548509713212, 44.162228833425274 ], [ 12.010477692598387, 44.162302260910444 ], [ 12.010356329684713, 44.162359132658857 ], [ 12.01020802642134, 44.162374973349621 ], [ 12.010083936652672, 44.162378247476994 ], [ 12.009975785382457, 44.162369175241125 ], [ 12.009808209293787, 44.162331855497548 ], [ 12.009410908621724, 44.162175368407695 ], [ 12.009217303570509, 44.162114882021378 ], [ 12.008982173364149, 44.162063369019535 ], [ 12.008901374142519, 44.162068572746094 ], [ 12.008792828188039, 44.162091177223516 ], [ 12.00869374561108, 44.162120112749669 ], [ 12.008631512670982, 44.162154656142796 ], [ 12.008570283713821, 44.162208915311368 ], [ 12.008519520841284, 44.162289219653644 ], [ 12.008525536222145, 44.162407510185488 ], [ 12.009162388827145, 44.163246174617719 ], [ 12.009220507144853, 44.163310445749559 ], [ 12.009243779839636, 44.163408538967765 ], [ 12.009227863995697, 44.163455022341367 ], [ 12.009163958270497, 44.16345670844197 ], [ 12.009060527263122, 44.163400212415361 ], [ 12.008901654118661, 44.163332018388544 ], [ 12.008726192817976, 44.163297163909675 ], [ 12.008423924678429, 44.163285395354521 ], [ 12.008213284528646, 44.163277789578345 ], [ 12.00807634531014, 44.163281401494018 ], [ 12.007959001605998, 44.163310818360053 ], [ 12.007807814963375, 44.163393770737265 ], [ 12.007681342729303, 44.163423427368357 ], [ 12.007407798895779, 44.163437220933311 ], [ 12.00728911926941, 44.163440349840684 ], [ 12.007188363085593, 44.163436426291319 ], [ 12.007032831794273, 44.163433946462028 ], [ 12.006866500719882, 44.163398847893703 ], [ 12.006771866205687, 44.163335538226292 ], [ 12.00662657682199, 44.163174855530308 ], [ 12.006529271924741, 44.163058972118378 ], [ 12.006389326960532, 44.163003436062418 ], [ 12.006315292821474, 44.162985646289037 ], [ 12.006214536233594, 44.162981720910309 ], [ 12.006114450164901, 44.162990939888239 ], [ 12.006051881992915, 44.163018909443103 ], [ 12.006009239887677, 44.163079258571329 ], [ 12.00598886652503, 44.163217985740403 ], [ 12.006081550630382, 44.163422827748271 ], [ 12.006355708532727, 44.163780819863298 ], [ 12.006572920897943, 44.164097537874397 ], [ 12.006729012418234, 44.164290839024439 ], [ 12.006873027031032, 44.164606195580696 ], [ 12.006917898876518, 44.164769524328754 ], [ 12.00690698969148, 44.164914582828644 ], [ 12.006825047740508, 44.16510099672454 ], [ 12.006684211001289, 44.165387670507954 ], [ 12.006581452164834, 44.165883916670403 ], [ 12.006500178452924, 44.166083473701384 ], [ 12.006319311542866, 44.166302106400011 ], [ 12.006054773126037, 44.166493332280744 ], [ 12.006028153261161, 44.166532169701867 ], [ 12.005674884952715, 44.166753401498148 ], [ 12.005527693497228, 44.166915211776349 ], [ 12.005403771531816, 44.167175116503678 ], [ 12.005339081138994, 44.167341333326348 ], [ 12.005316534997943, 44.167437345817845 ], [ 12.005430435502598, 44.167519891720488 ], [ 12.00558152327539, 44.167614618733268 ], [ 12.005942455256344, 44.167698733509731 ], [ 12.006144628541495, 44.167721519462425 ], [ 12.006346154620795, 44.167729368433697 ], [ 12.006512497985007, 44.167764466773086 ], [ 12.006708570536631, 44.167844845885611 ], [ 12.007363374563081, 44.168136868376742 ], [ 12.007704420573276, 44.168371356146018 ], [ 12.007955172510258, 44.168627965995377 ], [ 12.008329633231668, 44.168980021159356 ], [ 12.009258060226911, 44.169797840939545 ], [ 12.009389060932305, 44.169856899121299 ], [ 12.009529024531405, 44.169912431685781 ], [ 12.009686916042719, 44.169960910382571 ], [ 12.009862731680059, 44.170002334301607 ], [ 12.010037878575416, 44.170030614417733 ], [ 12.010259012428508, 44.170064263023754 ], [ 12.010389846890098, 44.170120033833449 ], [ 12.010777572342333, 44.170373022364231 ], [ 12.011009415573104, 44.170616963419398 ], [ 12.011216474817267, 44.170733237751541 ], [ 12.011641491285916, 44.170820724185759 ], [ 12.011911293153656, 44.170912307719824 ], [ 12.012135109510121, 44.170998525295353 ], [ 12.012332204271917, 44.171098608280836 ], [ 12.012344347837669, 44.171157512957265 ], [ 12.012338900980513, 44.171230042997735 ], [ 12.012305726185257, 44.171296724192977 ], [ 12.012218104773197, 44.171371425019586 ], [ 12.011488728928825, 44.171950032686695 ], [ 12.011203079102572, 44.172085894464338 ], [ 12.011006557588928, 44.172176630612427 ], [ 12.01089354847405, 44.172291482771456 ], [ 12.010500549984013, 44.173012556788599 ], [ 12.01021971698696, 44.173602347345138 ], [ 12.010084233764912, 44.173994176058258 ], [ 12.010072999411189, 44.174132664331559 ], [ 12.010094175213448, 44.174369005374011 ], [ 12.010158663922038, 44.174558139564127 ], [ 12.010342932413925, 44.174944818593552 ], [ 12.010420999654917, 44.175041465937717 ], [ 12.010535590932763, 44.175137150039426 ], [ 12.010751294475449, 44.175243326244114 ], [ 12.011606658967795, 44.175701124134932 ], [ 12.011738846774776, 44.175783180716401 ], [ 12.011807450221427, 44.175873497058525 ], [ 12.011971964406831, 44.176231083451334 ], [ 12.01203956565934, 44.176301683992527 ], [ 12.012149475087165, 44.176305362226067 ], [ 12.012286443959427, 44.176301743962654 ], [ 12.012396018565759, 44.176298849772216 ], [ 12.012504587454405, 44.176276241709743 ], [ 12.012605030590612, 44.176273588724413 ], [ 12.012714940005038, 44.176277266358227 ], [ 12.012797456412772, 44.176281667309688 ], [ 12.012878966934025, 44.17626635264007 ], [ 12.012959807636625, 44.176237894487443 ], [ 12.013069382123472, 44.176235000486905 ], [ 12.013243543798675, 44.176243560317417 ], [ 12.013325054148957, 44.176228245297104 ], [ 12.013639955247742, 44.176127797635807 ], [ 12.013700857779163, 44.176066963867136 ], [ 12.013906686551708, 44.175979268282326 ], [ 12.014004449068029, 44.175924040282936 ], [ 12.014104891527056, 44.17592138584552 ], [ 12.014188746425109, 44.175952073444314 ], [ 12.01429689605602, 44.176100567582495 ], [ 12.014329315898085, 44.176198419751849 ], [ 12.014395579787683, 44.176242731027401 ], [ 12.014422972773504, 44.176242007170707 ], [ 12.014458491995089, 44.176221327047394 ], [ 12.014455141402438, 44.176155610005317 ], [ 12.014462596259357, 44.176122510359612 ], [ 12.014497111435603, 44.176082114632557 ], [ 12.014559353290316, 44.176047567180134 ], [ 12.014659125781616, 44.176031768795859 ], [ 12.01474164074798, 44.176036168224769 ], [ 12.014796762874145, 44.176041292451949 ], [ 12.014935740434693, 44.176077101835659 ], [ 12.015083850827677, 44.176112670255428 ], [ 12.015204230819032, 44.176142390428318 ], [ 12.015280128875506, 44.17619631861492 ], [ 12.015358541418228, 44.176299534259122 ], [ 12.01548152551273, 44.176559504742229 ], [ 12.015553488983818, 44.176715535479055 ], [ 12.015631567570457, 44.176812179625202 ], [ 12.015815595726906, 44.176967412088565 ], [ 12.016115196467075, 44.177246985101505 ], [ 12.016364187415379, 44.177454852961112 ], [ 12.016516738637339, 44.177670631895474 ], [ 12.01665495980815, 44.177897512009274 ], [ 12.016831776317417, 44.178077800195943 ], [ 12.017089305229796, 44.178306885253946 ], [ 12.017251001969143, 44.178409834859018 ], [ 12.017436659794644, 44.178544316923976 ], [ 12.017673027774624, 44.178650650265922 ], [ 12.01791437443168, 44.17870860077592 ], [ 12.018281103287116, 44.17874178680394 ], [ 12.01848060733273, 44.178709700180292 ], [ 12.018737166354637, 44.178627852608678 ], [ 12.018958440055084, 44.178584466065111 ], [ 12.019052420234827, 44.178528365235124 ], [ 12.019263519845872, 44.178431635751998 ], [ 12.019323037043828, 44.178430059900641 ], [ 12.019405692802108, 44.178443955543308 ], [ 12.019494968659885, 44.178441592983233 ], [ 12.019591408627146, 44.178433678547954 ], [ 12.019766950362797, 44.178370056298526 ], [ 12.019945226509453, 44.178359974213635 ], [ 12.01996666466006, 44.178366600453622 ], [ 12.020134553980958, 44.178511616079895 ], [ 12.020227016802879, 44.178654711765823 ], [ 12.020332846420889, 44.178851072822617 ], [ 12.020416951167231, 44.179247175093344 ], [ 12.020545139268449, 44.179672749577676 ], [ 12.020652144836161, 44.17989206026715 ], [ 12.020833169117701, 44.180101750797512 ], [ 12.021144490246343, 44.180361610819013 ], [ 12.021386169635113, 44.180508412001771 ], [ 12.021394298843349, 44.180512008262404 ], [ 12.021404265867357, 44.180524828593882 ], [ 12.021580036025096, 44.180611313714749 ], [ 12.021764065166479, 44.180713665429806 ], [ 12.021942026180177, 44.180842982160584 ], [ 12.022047528377758, 44.180939371365234 ], [ 12.022191849653822, 44.18113927713673 ], [ 12.02233612380877, 44.181483938455536 ], [ 12.022530741207525, 44.182084607550443 ], [ 12.022592952244745, 44.182281326637032 ], [ 12.022666758563703, 44.182413404082524 ], [ 12.022789883635072, 44.182562937471424 ], [ 12.022939732851359, 44.18272516671972 ], [ 12.023151023581489, 44.18292329529875 ], [ 12.023422406027789, 44.1830581768249 ], [ 12.023710609350507, 44.183157762670149 ], [ 12.023980372918846, 44.183188139473195 ], [ 12.024188697606567, 44.183182616616442 ], [ 12.024439196963689, 44.183127722465315 ], [ 12.02500884048716, 44.182903524897469 ], [ 12.025639096759219, 44.182699161644514 ], [ 12.025920173380163, 44.182659538030066 ], [ 12.026544081193189, 44.182476783079572 ], [ 12.026697305623708, 44.182413742816749 ], [ 12.02682546748315, 44.182297754924036 ], [ 12.027072158685709, 44.182023142586829 ], [ 12.027236697435324, 44.181890104063136 ], [ 12.027339759144702, 44.181865923859782 ], [ 12.027466787031974, 44.181873274776002 ], [ 12.027613631953102, 44.181976601840773 ], [ 12.027806179675244, 44.182244917311728 ], [ 12.027958237879162, 44.182449971306546 ], [ 12.028138135732213, 44.182616757490301 ], [ 12.028283304579922, 44.182832716001812 ], [ 12.028447226783593, 44.182978479714428 ], [ 12.028891649152079, 44.183218659861957 ], [ 12.02919556622254, 44.183333897732965 ], [ 12.029620172254669, 44.183478097920379 ], [ 12.029781630346609, 44.183575673909338 ], [ 12.02997891792128, 44.183645491488328 ], [ 12.030018829771207, 44.183652072220177 ], [ 12.030702142086671, 44.183805965192263 ], [ 12.030859075660009, 44.183834697496351 ], [ 12.030999765152195, 44.183903344433162 ], [ 12.031131323659601, 44.183972234221145 ], [ 12.031198282697817, 44.184029679436961 ], [ 12.031246303794203, 44.184074466639196 ], [ 12.031258132869826, 44.184126797280655 ], [ 12.031242227014339, 44.184173283309136 ], [ 12.03116138539853, 44.184201754638167 ], [ 12.031024063993163, 44.184198823095301 ], [ 12.03075720587, 44.184166430910317 ], [ 12.030334427209374, 44.184125020402597 ], [ 12.030088530439905, 44.184144714237434 ], [ 12.029826389614019, 44.184204322146911 ], [ 12.029332029995544, 44.184372096796785 ], [ 12.029111470220606, 44.184529306708086 ], [ 12.028946038551416, 44.184691632812815 ], [ 12.028851645925821, 44.184812590580613 ], [ 12.028722030293018, 44.185138478304637 ], [ 12.028638076177597, 44.18546315427082 ], [ 12.028648517246394, 44.185666873553735 ], [ 12.028732782149053, 44.186240434165022 ], [ 12.028831479298322, 44.186560260003205 ], [ 12.028905035937496, 44.186782051650439 ], [ 12.028903636767122, 44.186789522873227 ], [ 12.029071248727544, 44.187359583369144 ], [ 12.029180653976107, 44.187624784472256 ], [ 12.029258558881379, 44.187898480059509 ], [ 12.029268362802117, 44.188089724466288 ], [ 12.029286837558656, 44.188242435991597 ], [ 12.029348229421778, 44.188401668760712 ], [ 12.029495848503649, 44.188581592036456 ], [ 12.029676932364564, 44.188791267331268 ], [ 12.029781634786609, 44.188964669039251 ], [ 12.029824119439361, 44.189170364656263 ], [ 12.029844949820996, 44.189368975624433 ], [ 12.029852905285336, 44.189389606720006 ], [ 12.029790310232801, 44.189565131386445 ], [ 12.029739891901382, 44.189652017354199 ], [ 12.029688631756272, 44.189722475004992 ], [ 12.029573944066817, 44.189804487606516 ], [ 12.029422050631359, 44.18987432766491 ], [ 12.029250542225943, 44.189918366090467 ], [ 12.029086481577821, 44.189929303905302 ], [ 12.028894684631775, 44.18993439713531 ], [ 12.028610546809453, 44.189922201466572 ], [ 12.028353470422998, 44.189902704548096 ], [ 12.028135285638264, 44.189928239110593 ], [ 12.027961754512289, 44.189932846820497 ], [ 12.027832542979208, 44.189909954913958 ], [ 12.027701311334363, 44.189847632420914 ], [ 12.027556569641925, 44.189700122319636 ], [ 12.027447351451212, 44.189531928515898 ], [ 12.027292467828428, 44.189364945530698 ], [ 12.027178157172735, 44.189275851429791 ], [ 12.026652735742942, 44.18901670341878 ], [ 12.026310100733513, 44.188933667663839 ], [ 12.025933964065171, 44.188910744220202 ], [ 12.025524995008491, 44.188961076880666 ], [ 12.025178275870015, 44.188976854378815 ], [ 12.024484114166324, 44.189172938860153 ], [ 12.024122154374318, 44.189248341749916 ], [ 12.023836620107719, 44.189387522775192 ], [ 12.023606892890198, 44.189544965646249 ], [ 12.023276476692653, 44.189879460635652 ], [ 12.023040976553949, 44.190102860567066 ], [ 12.022662309641296, 44.190566954482229 ], [ 12.022518472467654, 44.190794503763954 ], [ 12.022408085237567, 44.191139617417917 ], [ 12.022377209734593, 44.19142997923236 ], [ 12.022462153837591, 44.191839010872592 ], [ 12.022582851242333, 44.19205297073016 ], [ 12.022785078930578, 44.192251608075836 ], [ 12.02298327139188, 44.192371385034981 ], [ 12.023219681640688, 44.192523052303933 ], [ 12.023267274331198, 44.192544101737937 ], [ 12.023328893973046, 44.192561649330884 ], [ 12.023462287989306, 44.192597962535338 ], [ 12.023703374873197, 44.192681323610167 ], [ 12.023823793269978, 44.192711034167374 ], [ 12.023889745282816, 44.192748769429834 ], [ 12.023900898241287, 44.192787956489028 ], [ 12.023894454512291, 44.192840771619515 ], [ 12.023780426232745, 44.192935921723191 ], [ 12.023676539209488, 44.193050545413868 ], [ 12.023566156162998, 44.193395659680093 ], [ 12.023501494387604, 44.193561887093722 ], [ 12.023440247809901, 44.193616154719479 ], [ 12.023304250463504, 44.193639501170416 ], [ 12.02307758634419, 44.193678412459498 ], [ 12.022969823162205, 44.193715791716187 ], [ 12.022927387081983, 44.193718010315877 ], [ 12.022695628189611, 44.193855039697468 ], [ 12.02258175415786, 44.193986282818287 ], [ 12.022413545125353, 44.194262142442135 ], [ 12.022383461769707, 44.194534341030305 ], [ 12.02242571429772, 44.194745818670569 ], [ 12.022503522774093, 44.195037775634916 ], [ 12.022615536181013, 44.195260974895817 ], [ 12.022717805168654, 44.195416581805262 ], [ 12.022948419205479, 44.195623068164537 ], [ 12.023150223784938, 44.195757942288978 ], [ 12.023391087882972, 44.195918922625161 ], [ 12.023627096689619, 44.195985039805848 ], [ 12.023752173190328, 44.196094807887683 ], [ 12.023733994252009, 44.196230990154298 ], [ 12.023608845971289, 44.196365485560897 ], [ 12.023601606921133, 44.19646971509534 ], [ 12.023692247310541, 44.196643723047366 ], [ 12.023794751651433, 44.196803845872267 ], [ 12.02398119486779, 44.197006977487703 ], [ 12.024273684497995, 44.19719372737913 ], [ 12.024741022522861, 44.197479874962731 ], [ 12.025076080857751, 44.197638353424452 ], [ 12.025410375730331, 44.197746015980691 ], [ 12.025620567125056, 44.197876668864623 ], [ 12.025677642015049, 44.197911212285334 ], [ 12.025872673296538, 44.198092175160383 ], [ 12.02596398654163, 44.19840186424306 ], [ 12.026354711024773, 44.198919901349633 ], [ 12.027002134824658, 44.20001526787518 ], [ 12.027258556686148, 44.200581096390309 ], [ 12.027266356372211, 44.200640657100223 ], [ 12.026389308524262, 44.200610556667471 ], [ 12.02588614175599, 44.200604205572105 ], [ 12.024981854346725, 44.200634283888988 ], [ 12.024402564028813, 44.200728818509724 ], [ 12.023812948658934, 44.200787082469425 ], [ 12.023172606386154, 44.200846688723729 ], [ 12.022958712209364, 44.200968072646418 ], [ 12.022843414135576, 44.201196465150772 ], [ 12.022780036012696, 44.201612278638486 ], [ 12.022556698022656, 44.201880075400453 ], [ 12.02232987430185, 44.201934113946201 ], [ 12.022088221298347, 44.202136508443196 ], [ 12.02175884894306, 44.202488218616786 ], [ 12.021625772305084, 44.202682834669737 ], [ 12.021523435682241, 44.20287176819626 ], [ 12.021282189984758, 44.202870253636462 ], [ 12.021282396634872, 44.20287429579443 ], [ 12.021275756065187, 44.202873932715818 ], [ 12.021275564542274, 44.202870212334012 ], [ 12.021252302965973, 44.20287006512681 ], [ 12.021173446882194, 44.202901982222265 ], [ 12.021098023983413, 44.202922814229716 ], [ 12.020909074892689, 44.202957938781402 ], [ 12.020636981885225, 44.203035688895142 ], [ 12.020395575625294, 44.203121994324903 ], [ 12.020248538764742, 44.203231379277071 ], [ 12.020214886360673, 44.203300053523165 ], [ 12.020173556832399, 44.203349254515317 ], [ 12.020105049381739, 44.203381678162302 ], [ 12.01993429132559, 44.203457422425821 ], [ 12.01990861596504, 44.203458455968295 ], [ 12.019827713359591, 44.203441909093385 ], [ 12.019737243048706, 44.203360548016221 ], [ 12.019660148060925, 44.20331105303017 ], [ 12.019533437039343, 44.203216575960369 ], [ 12.019112625934454, 44.202923598413115 ], [ 12.018754684991391, 44.202468956376649 ], [ 12.018501711860582, 44.202166197182812 ], [ 12.018482771086985, 44.202175193404607 ], [ 12.01847762054507, 44.202168926265379 ], [ 12.018497051557333, 44.202160621475358 ], [ 12.018475356191999, 44.202134655810184 ], [ 12.018377576291634, 44.202038677446602 ], [ 12.018234121480639, 44.201877625166041 ], [ 12.018139255413161, 44.201749198678982 ], [ 12.018047232079908, 44.201631522823483 ], [ 12.017969766739215, 44.201520601191525 ], [ 12.017914991540701, 44.201398284608658 ], [ 12.017885856166131, 44.201358841046641 ], [ 12.017858118966362, 44.201321291856353 ], [ 12.017833416997467, 44.20129451129408 ], [ 12.01739167530183, 44.201475245324445 ], [ 12.017433067515389, 44.201543624493205 ], [ 12.017516508697897, 44.201694769366071 ], [ 12.017647524424566, 44.201847633185686 ], [ 12.01778027369347, 44.201975754732025 ], [ 12.017912164719723, 44.202097943973207 ], [ 12.018060110944882, 44.20224795158542 ], [ 12.018094520776192, 44.202278198613442 ], [ 12.018161483295616, 44.202337059800868 ], [ 12.018613447361629, 44.202809789689802 ], [ 12.018730398343431, 44.20293321881244 ], [ 12.018863181338544, 44.203088136931584 ], [ 12.019001310056685, 44.20318422468447 ], [ 12.019084209089293, 44.203237291508579 ], [ 12.019110561762975, 44.203272965563585 ], [ 12.019208880345403, 44.203366879390849 ], [ 12.019486671757969, 44.203590151100187 ], [ 12.019512827480851, 44.203594545617065 ], [ 12.019613175609081, 44.203549538426074 ], [ 12.019734101451672, 44.203634474115205 ], [ 12.019759983649125, 44.203656429917757 ], [ 12.019766614752768, 44.203653130512706 ], [ 12.019772708363664, 44.203658828890894 ], [ 12.019766423605271, 44.203661892398785 ], [ 12.019770448290364, 44.203665307131409 ], [ 12.019807582564599, 44.203688488914871 ], [ 12.019854990674242, 44.203693592386401 ], [ 12.019918553033571, 44.203691909834291 ], [ 12.019960407672073, 44.2036806264055 ], [ 12.020010916001876, 44.203643060407025 ], [ 12.020069333169257, 44.203606829707191 ], [ 12.020233023350283, 44.203539084411958 ], [ 12.020404725119048, 44.203471068106168 ], [ 12.02047527271025, 44.203459897260906 ], [ 12.020576612392139, 44.203414774159505 ], [ 12.020708585995981, 44.203364187477469 ], [ 12.020835270470874, 44.203305020457655 ], [ 12.021064902534551, 44.20321638508144 ], [ 12.021191005166454, 44.20315374481374 ], [ 12.021271755379059, 44.203073994345871 ], [ 12.021575651045511, 44.203079591721156 ], [ 12.021581086120761, 44.203185793537941 ], [ 12.021614245809264, 44.203389427347034 ], [ 12.021684404132966, 44.203649344223059 ], [ 12.021694017032942, 44.203837240756108 ], [ 12.021703631258182, 44.204025137237089 ], [ 12.02161605082787, 44.204313774528487 ], [ 12.021425006134168, 44.204580611622099 ], [ 12.021332409942579, 44.204771214919802 ], [ 12.02134982628443, 44.204889371122697 ], [ 12.021356722153181, 44.205024166201873 ], [ 12.021368424814082, 44.205252910335915 ], [ 12.021423466479515, 44.205439603154986 ], [ 12.021500384935599, 44.205609355260599 ], [ 12.021708081713525, 44.205890170769472 ], [ 12.022076437852705, 44.206263855830585 ], [ 12.02220214414556, 44.206433352955564 ], [ 12.02241966180609, 44.20667997304141 ], [ 12.022754512298869, 44.207042583112681 ], [ 12.023122390759301, 44.207325316357071 ], [ 12.023853775465216, 44.207889421738528 ], [ 12.024199531751336, 44.208320590986816 ], [ 12.024347425962617, 44.208684271750307 ], [ 12.024357441491466, 44.209030478203005 ], [ 12.024196960808711, 44.209295261931359 ], [ 12.023931094015067, 44.209508549268961 ], [ 12.023495143576255, 44.209677024354455 ], [ 12.023183545609641, 44.209720133744348 ], [ 12.022914618943679, 44.20966347904249 ], [ 12.022716537828236, 44.209604945951774 ], [ 12.022547356973948, 44.209418079857379 ], [ 12.022327654831363, 44.20928358054352 ], [ 12.022073833997794, 44.209175496576741 ], [ 12.021926279480255, 44.20906459765348 ], [ 12.021648230730257, 44.2088295890686 ], [ 12.02153577463096, 44.208711380512113 ], [ 12.021187537310487, 44.208490987663431 ], [ 12.020172284084698, 44.208058640059775 ], [ 12.019872784215407, 44.207967232340962 ], [ 12.019642022570249, 44.207987633818497 ], [ 12.019409512467952, 44.208103360888124 ], [ 12.018670146112367, 44.20828014335904 ], [ 12.018366627664866, 44.208302468577706 ], [ 12.018005575534769, 44.208235801187634 ], [ 12.017708718544672, 44.20812931763065 ], [ 12.017458649874243, 44.208031127290873 ], [ 12.017144890111203, 44.207813470986061 ], [ 12.016345594244207, 44.207094730664537 ], [ 12.015864958342588, 44.206711986837377 ], [ 12.015519356975686, 44.206542532699324 ], [ 12.01497862167011, 44.20637185675448 ], [ 12.014477535577598, 44.206283049461064 ], [ 12.013762630497364, 44.206174376854946 ], [ 12.013619649793261, 44.206152641198763 ], [ 12.013544907886365, 44.206078076586486 ], [ 12.013539058373546, 44.205963421533554 ], [ 12.013617855522838, 44.205769990452985 ], [ 12.013773502125018, 44.205344911699811 ], [ 12.013827437237063, 44.205011816025404 ], [ 12.013815734957566, 44.20478250671087 ], [ 12.013769914462399, 44.204579611400696 ], [ 12.013636196472987, 44.204391797267711 ], [ 12.013507028616669, 44.204293155799945 ], [ 12.013383061571767, 44.204296431789722 ], [ 12.013211167307226, 44.204403025252269 ], [ 12.012296672084403, 44.206013870716497 ], [ 12.012226566172096, 44.205959822215185 ], [ 12.012085942664454, 44.205871732953533 ], [ 12.012576058168474, 44.20481525544897 ], [ 12.01268183019725, 44.204455278145318 ], [ 12.012671432211722, 44.204251450038676 ], [ 12.012611155745224, 44.204112717560022 ], [ 12.011734465062268, 44.203612849663841 ], [ 12.011043323290641, 44.20327391350537 ], [ 12.010647875071928, 44.203169543842328 ], [ 12.010398648450218, 44.203150610899357 ], [ 12.010168427596746, 44.203156684637229 ], [ 12.009906685123235, 44.203240131862934 ], [ 12.009712531767141, 44.203258012673594 ], [ 12.009446243999665, 44.203252282029503 ], [ 12.009267203456051, 44.2032187374625 ], [ 12.008937078969387, 44.203004206438251 ], [ 12.008805327174963, 44.202854603113948 ], [ 12.008707045533052, 44.202665845996663 ], [ 12.008702502626628, 44.202576670098942 ], [ 12.00883379207588, 44.202369101339819 ], [ 12.009021451444752, 44.202223828038875 ], [ 12.009117969869182, 44.202029932901411 ], [ 12.009178420855251, 44.201824231998799 ], [ 12.009168684886328, 44.201633140707145 ], [ 12.009160896885605, 44.201480266737143 ], [ 12.009047505170612, 44.201342936996816 ], [ 12.008862630195557, 44.201194735926045 ], [ 12.008516432208284, 44.201012517238858 ], [ 12.008313202981949, 44.200852042460987 ], [ 12.008199164645951, 44.200701971398679 ], [ 12.008122492434612, 44.200589184169552 ], [ 12.008030705895116, 44.200527822243885 ], [ 12.00792315744161, 44.200505145220433 ], [ 12.007797900005816, 44.200482937448797 ], [ 12.007491667582308, 44.200388959813168 ], [ 12.007093651063723, 44.200233616684159 ], [ 12.006305402307104, 44.200075805613501 ], [ 12.005847253817072, 44.200132527392498 ], [ 12.005005675802456, 44.200320537929706 ], [ 12.004268399114137, 44.20046752613662 ], [ 12.003746861457332, 44.200672611602648 ], [ 12.003038297963821, 44.201035697795675 ], [ 12.002623002351546, 44.20123798072165 ], [ 12.002401855735178, 44.201422394252369 ], [ 12.002247655492447, 44.201528505945596 ], [ 12.002098635771331, 44.201736534044521 ], [ 12.001929964713735, 44.201906809118356 ], [ 12.001500187772752, 44.202173252216987 ], [ 12.000402400442551, 44.202903746970662 ], [ 12.000144526637303, 44.203063610955446 ], [ 11.999782850423792, 44.203186553600887 ], [ 11.999705997761735, 44.203158064077172 ], [ 11.999176251761945, 44.202853078505832 ], [ 11.998864196490789, 44.20264442388099 ], [ 11.998823603820011, 44.202543437336757 ], [ 11.998796839083786, 44.202365549656697 ], [ 11.998718887454393, 44.202227274811086 ], [ 11.998536621391628, 44.202130014228295 ], [ 11.998476380485601, 44.201991275896518 ], [ 11.998448324077984, 44.201787908149463 ], [ 11.99845115774106, 44.201494433809408 ], [ 11.998242779716414, 44.201232021482376 ], [ 11.99811906695696, 44.20089084492561 ], [ 11.998042660873686, 44.200433616734209 ], [ 11.998098622709247, 44.200138743527496 ], [ 11.998092729961783, 44.199673283081701 ], [ 11.998064676242823, 44.199469914866242 ], [ 11.997918440547007, 44.19930825634593 ], [ 11.997931019890535, 44.199282081356841 ], [ 11.997836659820052, 44.199169749503362 ], [ 11.997693700474812, 44.199147993523781 ], [ 11.997386195969618, 44.199028509559426 ], [ 11.996869426053076, 44.198978308009771 ], [ 11.99599526364816, 44.198873705678537 ], [ 11.995817535434272, 44.198865616797235 ], [ 11.995658807727629, 44.198882543024098 ], [ 11.995554496495279, 44.198923551739874 ], [ 11.995419290723195, 44.199054670725474 ], [ 11.995300502812132, 44.199159843182834 ], [ 11.995196190792374, 44.199200850630852 ], [ 11.995072232675579, 44.199204105619749 ], [ 11.994983044102552, 44.199193692932475 ], [ 11.994944399184854, 44.199130923193195 ], [ 11.994923460704314, 44.199067689929905 ], [ 11.994830398300966, 44.198980836201557 ], [ 11.994662952248024, 44.198825776537184 ], [ 11.993465158880518, 44.198283173676622 ], [ 11.993227853087445, 44.198149079090477 ], [ 11.99311385873847, 44.197998990074723 ], [ 11.993107404896383, 44.197871593462587 ], [ 11.992959931673434, 44.19776065573965 ], [ 11.992760626667792, 44.197676588276089 ], [ 11.991359769177715, 44.197675066334803 ], [ 11.991005611377162, 44.197684355108528 ], [ 11.99070135128089, 44.197628549979335 ], [ 11.990573525742851, 44.197555362063582 ], [ 11.990403192727319, 44.197342965786859 ], [ 11.990232859749053, 44.197130569215282 ], [ 11.989782705408922, 44.196294056265359 ], [ 11.989469729526164, 44.195715456197732 ], [ 11.989189939409281, 44.195442144140316 ], [ 11.988582398278886, 44.194998827461795 ], [ 11.987857028142878, 44.194328974811967 ], [ 11.987135538376341, 44.1937355555228 ], [ 11.986800070410174, 44.193412669090293 ], [ 11.986583082840216, 44.193329055146165 ], [ 11.986276918232029, 44.193235018668794 ], [ 11.985904112919902, 44.193225643896589 ], [ 11.985603100569906, 44.19323352363287 ], [ 11.985212910702419, 44.193230980409034 ], [ 11.984804369225822, 44.193216158787621 ], [ 11.984503355580161, 44.193224036255465 ], [ 11.984190426063604, 44.193347034356663 ], [ 11.983668232426147, 44.193539287560839 ], [ 11.983336306213186, 44.193637267133475 ], [ 11.982982171018248, 44.193646527548502 ], [ 11.982630607279173, 44.193706750016091 ], [ 11.982035646656401, 44.19386262802832 ], [ 11.981670875605449, 44.194012489054131 ], [ 11.981117750506112, 44.194294834278239 ], [ 11.980786460571649, 44.194405545307092 ], [ 11.980644803552858, 44.194409248682298 ], [ 11.980431033121047, 44.194389320381475 ], [ 11.980411397300379, 44.194351563288528 ], [ 11.980084958421566, 44.194207013598891 ], [ 11.979833205281551, 44.194137051783976 ], [ 11.979691547564597, 44.194140752075313 ], [ 11.979568243148071, 44.194156729978836 ], [ 11.979411449154345, 44.194211854097134 ], [ 11.979290068330965, 44.194266049933837 ], [ 11.979166120167742, 44.194269286774635 ], [ 11.979018275068139, 44.194209036820354 ], [ 11.978917621369588, 44.193912214505545 ], [ 11.978606048171846, 44.193359060556439 ], [ 11.978338732471833, 44.193020203309068 ], [ 11.978340493074374, 44.193015188894819 ], [ 11.978041774365364, 44.192716830891605 ], [ 11.977655810530633, 44.192446263426248 ], [ 11.9771337073275, 44.191936869408188 ], [ 11.976685648581645, 44.191489326851482 ], [ 11.976274291272356, 44.19106633559182 ], [ 11.975891553677126, 44.190859459950786 ], [ 11.975477899736449, 44.190742686099107 ], [ 11.974909379509922, 44.190719245569376 ], [ 11.974428750496783, 44.19068075382836 ], [ 11.9742864602193, 44.190671710540251 ], [ 11.973596565044971, 44.190702452726185 ], [ 11.973134924868862, 44.19068897463633 ], [ 11.972739621067726, 44.190584468940514 ], [ 11.972251944360758, 44.190405829497962 ], [ 11.971922343238603, 44.190197554596544 ], [ 11.971661646850247, 44.18994921553967 ], [ 11.971281494787926, 44.189793285427861 ], [ 11.970885560387323, 44.189676030040083 ], [ 11.970510535492435, 44.189622016397792 ], [ 11.970034400014361, 44.189672685573129 ], [ 11.969875046760043, 44.189676833516423 ], [ 11.969623965115906, 44.189619589986052 ], [ 11.969550835925608, 44.189559412229535 ], [ 11.969575428639933, 44.189359343584286 ], [ 11.96945638963359, 44.18910730967945 ], [ 11.969234959377799, 44.188934480311936 ], [ 11.968763092210736, 44.1887171455272 ], [ 11.968635500066032, 44.188652057506943 ], [ 11.968144464141117, 44.18840157256345 ], [ 11.967526482420613, 44.188098737457508 ], [ 11.966979968588923, 44.187806797952099 ], [ 11.966560915423528, 44.187581698073494 ], [ 11.966519749579165, 44.187467959468449 ], [ 11.96649097006868, 44.186894662274604 ], [ 11.966515307491044, 44.186319979720878 ], [ 11.966494472541246, 44.186256947095039 ], [ 11.966507303568164, 44.186262042566604 ], [ 11.966427950372365, 44.185745249591093 ], [ 11.966341315745415, 44.185260674409179 ], [ 11.966250386727996, 44.185045247553894 ], [ 11.966104833348112, 44.184805618253399 ], [ 11.965960561798104, 44.184669271872885 ], [ 11.96572, 44.1848584 ], [ 11.9651302, 44.185274100000036 ], [ 11.9646799, 44.185443 ], [ 11.9650572, 44.1855527 ], [ 11.9654881, 44.185734700000033 ], [ 11.9656173, 44.185886200000034 ], [ 11.9657118, 44.18611750000003 ], [ 11.9657253, 44.186479900000037 ], [ 11.9655886, 44.186806700000027 ], [ 11.9655375, 44.187260500000022 ], [ 11.9655902, 44.187604400000033 ], [ 11.9657363, 44.187924 ], [ 11.9663214, 44.188299400000041 ], [ 11.9677932, 44.188747600000056 ], [ 11.9686815, 44.188986800000038 ], [ 11.9688673, 44.189094100000055 ], [ 11.9690831, 44.189312700000038 ], [ 11.9691837, 44.189540100000038 ], [ 11.9691608, 44.1901115 ], [ 11.969095, 44.190573300000032 ], [ 11.9691144, 44.191021600000028 ], [ 11.969295, 44.191263600000049 ], [ 11.9694254, 44.191632500000026 ], [ 11.9695235, 44.1918209 ], [ 11.9701791, 44.192339500000031 ], [ 11.9706523, 44.192573200000012 ], [ 11.9709251, 44.192755 ], [ 11.9695588, 44.193958600000016 ], [ 11.9698296, 44.194378800000024 ], [ 11.969783016309627, 44.1944045700956 ], [ 11.969786734057603, 44.194408958547029 ], [ 11.970011772467739, 44.194690308163004 ], [ 11.970296718490445, 44.194964681413026 ], [ 11.970443546969767, 44.195188457467488 ], [ 11.970613390745818, 44.19527073956354 ], [ 11.970763834457431, 44.19526682060669 ], [ 11.970897058187274, 44.195219997739535 ], [ 11.971044236227215, 44.195151137643514 ], [ 11.971292914239775, 44.195003763846294 ], [ 11.973310541732188, 44.193488035692049 ], [ 11.973421906209337, 44.193306302419003 ], [ 11.97343204643083, 44.193208495261359 ], [ 11.973514683894191, 44.193054607174773 ], [ 11.973645176646908, 44.192953661783498 ], [ 11.97379016661451, 44.192841502371017 ], [ 11.973818934848737, 44.192825552854458 ], [ 11.974043806723552, 44.19281011360345 ], [ 11.974075453724668, 44.1928232235365 ], [ 11.974383412509633, 44.192956089427895 ], [ 11.974974153150612, 44.193320017953042 ], [ 11.975459047107158, 44.193675864789789 ], [ 11.976106384576667, 44.194265911253311 ], [ 11.976751777285052, 44.195116119760691 ], [ 11.977163886147776, 44.19582067978515 ], [ 11.977833046010129, 44.197141722587041 ], [ 11.977938047921342, 44.197431608599324 ], [ 11.97810213788412, 44.197698277493821 ], [ 11.978344184928231, 44.198017100964066 ], [ 11.978598002750772, 44.198270587147867 ], [ 11.978881368471946, 44.198512464375781 ], [ 11.979487784806022, 44.198886799682803 ], [ 11.979810559505992, 44.19901384178231 ], [ 11.980021739366778, 44.199019163771851 ], [ 11.980966861987035, 44.198940274059112 ], [ 11.981521896274357, 44.198893252136699 ], [ 11.981821161281289, 44.198852915387491 ], [ 11.981999518486749, 44.198804899570064 ], [ 11.98238195175017, 44.198621490476114 ], [ 11.982599976732104, 44.198464057674052 ], [ 11.982790644340543, 44.198361525981042 ], [ 11.983311209817016, 44.198228691342678 ], [ 11.983446614451024, 44.198225150141539 ], [ 11.984252211087599, 44.198068599507664 ], [ 11.984746507900043, 44.198012312083996 ], [ 11.985107040795224, 44.197992038143653 ], [ 11.985528298784565, 44.197981012274035 ], [ 11.985907157672823, 44.198025287272081 ], [ 11.986483243671518, 44.198096907882395 ], [ 11.987078206348651, 44.198243901100533 ], [ 11.987507129842351, 44.198384399550271 ], [ 11.987907607996744, 44.198558156686289 ], [ 11.988077209132809, 44.198634999513928 ], [ 11.988229851126755, 44.19867435539097 ], [ 11.988395894178037, 44.19868084104521 ], [ 11.988576434723992, 44.198676109643202 ], [ 11.9887892573385, 44.198713885986827 ], [ 11.988987581630424, 44.198762879665452 ], [ 11.989158007091136, 44.19885595634414 ], [ 11.989331172101616, 44.199003153661018 ], [ 11.989412970026722, 44.199131065359957 ], [ 11.989436232276745, 44.199293027447794 ], [ 11.989446091610137, 44.199487855163028 ], [ 11.989409172991941, 44.199651396391708 ], [ 11.989407275049656, 44.199911560016126 ], [ 11.989531217748077, 44.200276806934767 ], [ 11.989690986193054, 44.200456868185597 ], [ 11.990177122357904, 44.200834296097455 ], [ 11.990410203975413, 44.200974499556594 ], [ 11.990668720171525, 44.201021911924407 ], [ 11.99080467910855, 44.201029184532977 ], [ 11.990820620105442, 44.20101373027363 ], [ 11.990996890860476, 44.201014054873404 ], [ 11.99111373482109, 44.200972087527646 ], [ 11.99111844521458, 44.200977604826114 ], [ 11.991358627202381, 44.200960467637756 ], [ 11.99176376272079, 44.200928166851192 ], [ 11.992126502576967, 44.200951164961012 ], [ 11.992664615386639, 44.201164646987245 ], [ 11.993578091460536, 44.201650066894132 ], [ 11.99426040547054, 44.202033166832045 ], [ 11.99466641611591, 44.202315136724934 ], [ 11.995030036014958, 44.202652409270492 ], [ 11.995193121048509, 44.202897402937182 ], [ 11.995326113924815, 44.203143187635312 ], [ 11.995548837647478, 44.203375776414418 ], [ 11.995897422116331, 44.203713441762893 ], [ 11.996255566688127, 44.203942471250961 ], [ 11.996587464680905, 44.20424805750396 ], [ 11.997198169005799, 44.204703468240872 ], [ 11.997537431327867, 44.204857124106383 ], [ 11.997873949336523, 44.204956661093483 ], [ 11.998544240825696, 44.205101613159613 ], [ 11.99926682144074, 44.205386081654467 ], [ 12.000299141294141, 44.205835808594458 ], [ 12.000662738021928, 44.205875015738535 ], [ 12.001112488724171, 44.205830665415405 ], [ 12.001319842630396, 44.205760181465024 ], [ 12.001597479528993, 44.205590302888815 ], [ 12.001908507374036, 44.205484574902485 ], [ 12.002325960579045, 44.205397719170939 ], [ 12.002608543768096, 44.205325251519028 ], [ 12.00284598741802, 44.205253971973164 ], [ 12.002946910759373, 44.205164611190597 ], [ 12.003143802040251, 44.204888473017391 ], [ 12.0032600348815, 44.204777210322831 ], [ 12.003471821071392, 44.204679044757135 ], [ 12.003955982989778, 44.204411884591821 ], [ 12.004023465670878, 44.204410108044712 ], [ 12.004237417869692, 44.204469502719249 ], [ 12.004715969499248, 44.204695333409951 ], [ 12.004979468465045, 44.204840124329657 ], [ 12.00509415646018, 44.205021350834208 ], [ 12.005268479763435, 44.205190168214649 ], [ 12.006215898569506, 44.206043087907176 ], [ 12.006263793414112, 44.206096015883134 ], [ 12.00627481272376, 44.206312487395692 ], [ 12.006325463418367, 44.206419534541631 ], [ 12.006867916042076, 44.207012170178814 ], [ 12.007507553672157, 44.207737714191879 ], [ 12.007757679576498, 44.207915366280751 ], [ 12.008159381666051, 44.208110696446134 ], [ 12.008531543140975, 44.208317642540727 ], [ 12.008913792764044, 44.208426778811756 ], [ 12.009142811534298, 44.208485766846792 ], [ 12.009404683079017, 44.208598075317902 ], [ 12.009730607187588, 44.208784560394761 ], [ 12.009738034259621, 44.208792673805 ], [ 12.009916011108857, 44.208882466825798 ], [ 12.010018961018623, 44.208887525407093 ], [ 12.010121118601127, 44.208877054247779 ], [ 12.010216294565607, 44.20883566716585 ], [ 12.011535734554657, 44.207193556642103 ], [ 12.011617578036267, 44.207232427275592 ], [ 12.011976813786674, 44.2073163524894 ], [ 12.011820284145312, 44.207327661630117 ], [ 12.011719514839797, 44.207365313859789 ], [ 12.01160190843442, 44.2074967108545 ], [ 12.010479535601656, 44.208910360878605 ], [ 12.010424913271342, 44.209005105305536 ], [ 12.01040787507316, 44.209094972665426 ], [ 12.010453575257321, 44.209249271995773 ], [ 12.010521264153438, 44.209410770706199 ], [ 12.010659714466998, 44.209582060963101 ], [ 12.010655863758766, 44.209582415322821 ], [ 12.010986549179073, 44.20977561175544 ], [ 12.011586103086188, 44.210009059268238 ], [ 12.012625909227634, 44.210306744826951 ], [ 12.012776938769358, 44.210313591693023 ], [ 12.012912369329529, 44.210310015553624 ], [ 12.013212770061893, 44.210291242179636 ], [ 12.013499780142094, 44.210305334558676 ], [ 12.013743859229434, 44.210363913546701 ], [ 12.013855822360345, 44.210491011561167 ], [ 12.013951081414509, 44.210586037670161 ], [ 12.014090378455638, 44.210658223479747 ], [ 12.014288762854784, 44.210707172633974 ], [ 12.014517242396987, 44.210755322738805 ], [ 12.014863618963092, 44.210751585845564 ], [ 12.015108804592888, 44.210831809863976 ], [ 12.015340601403675, 44.210944901037941 ], [ 12.015591316500077, 44.21113335780138 ], [ 12.015748982900938, 44.211270084218519 ], [ 12.0160721758318, 44.21140243558137 ], [ 12.016695778730915, 44.211515998791704 ], [ 12.01708923657017, 44.211548944826106 ], [ 12.017668803712253, 44.211685345465767 ], [ 12.018050535433819, 44.211783628125303 ], [ 12.018791656709578, 44.212132507299337 ], [ 12.018992539572055, 44.212230152147171 ], [ 12.019327472192611, 44.212297155516495 ], [ 12.019600551668022, 44.212333276001402 ], [ 12.019877507864461, 44.212445162458181 ], [ 12.020188990226712, 44.212642838608168 ], [ 12.020563991267871, 44.212903860905065 ], [ 12.020812515508602, 44.213049013849862 ], [ 12.021058272280344, 44.213140047669171 ], [ 12.02136256239482, 44.213197013686077 ], [ 12.021860264733034, 44.213205504973402 ], [ 12.021901890418315, 44.21320440259985 ], [ 12.021644045629602, 44.213404034871118 ], [ 12.0220913378087, 44.213651537650748 ], [ 12.022246784431065, 44.213723380453821 ], [ 12.022320334164885, 44.213830590124097 ], [ 12.022439685925987, 44.214725456161496 ], [ 12.022855538040982, 44.215665917489275 ], [ 12.024118675070788, 44.215949219920908 ], [ 12.024952811023629, 44.216456013945873 ], [ 12.024469239353916, 44.217050080589253 ], [ 12.024265119360225, 44.217372278655347 ], [ 12.025240750880355, 44.217769536762049 ], [ 12.025251550273293, 44.217980253199094 ], [ 12.02549621679055, 44.218449222396117 ], [ 12.025816642487868, 44.220396014494781 ], [ 12.025353494856073, 44.222839053764524 ], [ 12.025293030073859, 44.22294433915603 ], [ 12.025284301763479, 44.22293956408523 ], [ 12.025216045257512, 44.222907058755958 ], [ 12.025144979317993, 44.222877835240894 ], [ 12.025071408069072, 44.222852014796935 ], [ 12.025040889841721, 44.222842529385098 ], [ 12.024473811413291, 44.222672649476721 ], [ 12.024451080544447, 44.222666026809172 ], [ 12.024295202736957, 44.222621887204717 ], [ 12.02427268821133, 44.222615692403068 ], [ 12.024195060217618, 44.222596999029115 ], [ 12.024115897754967, 44.222581996470026 ], [ 12.024035540441936, 44.222570750263799 ], [ 12.023954332186985, 44.222563306018422 ], [ 12.02387359368122, 44.222559739893399 ], [ 12.023836337344587, 44.222536439365811 ], [ 12.023771185323337, 44.222500792563324 ], [ 12.023702930279173, 44.222468288024771 ], [ 12.023631865639954, 44.222439062556191 ], [ 12.023558295684003, 44.222413241926624 ], [ 12.023528740109803, 44.22240404401542 ], [ 12.023393610771963, 44.222363465752011 ], [ 12.02334740489062, 44.222350358962075 ], [ 12.023269777567087, 44.222331664888976 ], [ 12.023190614473203, 44.222316661642353 ], [ 12.023110257689876, 44.222305413813011 ], [ 12.023029048690203, 44.222297968863835 ], [ 12.022947338454832, 44.222294360540886 ], [ 12.022865473484492, 44.222294601929356 ], [ 12.022823855170683, 44.222296205127478 ], [ 12.022604016026838, 44.222307312560815 ], [ 12.022563968194442, 44.222309801598023 ], [ 12.022482847460687, 44.22231772528616 ], [ 12.02247095947679, 44.22231921478371 ], [ 12.022464554783991, 44.222240404537096 ], [ 12.02245353811759, 44.222182069175538 ], [ 12.022437239752946, 44.222124376325631 ], [ 12.022415728471627, 44.222067574538343 ], [ 12.022389097767203, 44.222011904664697 ], [ 12.022357462386907, 44.221957608042622 ], [ 12.022320954171153, 44.221904914850256 ], [ 12.022279732359824, 44.221854052926481 ], [ 12.022233974502127, 44.221805238024814 ], [ 12.022183872870576, 44.221758678393996 ], [ 12.022147351923623, 44.221728978422185 ], [ 12.022119200058963, 44.221680825966658 ], [ 12.022063149232192, 44.221585097080244 ], [ 12.022033301479031, 44.221530005876836 ], [ 12.022005032350956, 44.221481993701808 ], [ 12.021968524806928, 44.221429301265587 ], [ 12.021965234960795, 44.221424945804721 ], [ 12.021912837803798, 44.221356047618144 ], [ 12.021876084972364, 44.221310891060838 ], [ 12.021776560473326, 44.221196385395054 ], [ 12.021775383222444, 44.221195031674924 ], [ 12.021741633619026, 44.221158375179094 ], [ 12.021616954571739, 44.221029893039372 ], [ 12.02160494734474, 44.221017734367187 ], [ 12.021588067861476, 44.221001335878 ], [ 12.021424463833775, 44.22084609428294 ], [ 12.0213789339908, 44.220792593299223 ], [ 12.021371542161351, 44.220784015452104 ], [ 12.021341888466853, 44.220751604763855 ], [ 12.021310203175505, 44.220718548945783 ], [ 12.021272187568373, 44.22067114878638 ], [ 12.021237179517767, 44.22062694131904 ], [ 12.021214839899853, 44.2205951178357 ], [ 12.021210567147827, 44.220586212131913 ], [ 12.02119698887908, 44.220559305048504 ], [ 12.021183873865477, 44.220535569003992 ], [ 12.021125764284939, 44.220434607553365 ], [ 12.021107245954521, 44.220404046532231 ], [ 12.021070741168531, 44.220351352805366 ], [ 12.021054003373102, 44.220329768622506 ], [ 12.020978204980214, 44.220235093459245 ], [ 12.020910575145873, 44.220146159961416 ], [ 12.020872640237666, 44.220099643080921 ], [ 12.02083970487954, 44.220063826547822 ], [ 12.020762315654629, 44.219983876422155 ], [ 12.020749493371891, 44.219970878297694 ], [ 12.020699395877893, 44.219924318751438 ], [ 12.020688299823947, 44.219914809863184 ], [ 12.020630925025451, 44.219866326204233 ], [ 12.020496606258401, 44.219749080073406 ], [ 12.020494882910711, 44.219747578202991 ], [ 12.020491036268837, 44.219744251168166 ], [ 12.020402202650095, 44.219667801314472 ], [ 12.02036108209129, 44.219623485318522 ], [ 12.02022566570731, 44.219452104239046 ], [ 12.020027661181414, 44.219185930416558 ], [ 12.020025473999164, 44.219183004061428 ], [ 12.020018980855097, 44.219174463634459 ], [ 12.019963328408243, 44.219102192461399 ], [ 12.019954093015453, 44.219055561704209 ], [ 12.019937796892627, 44.218997868336785 ], [ 12.019916289315667, 44.218941064981614 ], [ 12.019889662609437, 44.218885395221442 ], [ 12.019858028879742, 44.218831096840177 ], [ 12.019821526318781, 44.218778403504224 ], [ 12.019797982925249, 44.218748421880832 ], [ 12.01975019944134, 44.218690198001468 ], [ 12.019309203582099, 44.218117738707313 ], [ 12.019304262006621, 44.218111384591751 ], [ 12.018735634245013, 44.217387114057061 ], [ 12.018543843273557, 44.217121666943051 ], [ 12.018498317609881, 44.217058291424969 ], [ 12.018423283081585, 44.216953839064239 ], [ 12.018417162252227, 44.216945427506161 ], [ 12.018291948152054, 44.216775541153751 ], [ 12.018154492442362, 44.216584493050604 ], [ 12.018050376003004, 44.216436891960107 ], [ 12.018035628352001, 44.216416627159894 ], [ 12.017994415654048, 44.216365762366266 ], [ 12.017948664755751, 44.216316946266218 ], [ 12.017898571576335, 44.216270385241486 ], [ 12.017844351846108, 44.216226280777285 ], [ 12.017786238291462, 44.216184820495627 ], [ 12.017724478329207, 44.216146183613347 ], [ 12.017659337556825, 44.216110533656988 ], [ 12.017591092453694, 44.216078024017911 ], [ 12.017520039023825, 44.216048795077853 ], [ 12.017446478905473, 44.216022969968506 ], [ 12.017370728332336, 44.216000660712382 ], [ 12.01729311045289, 44.215981962959439 ], [ 12.017213957795535, 44.215966955037054 ], [ 12.017133611211385, 44.215955703383635 ], [ 12.017052410818453, 44.215948253703282 ], [ 12.016970708834746, 44.215944640639954 ], [ 12.016888853001035, 44.215944878176238 ], [ 12.016807193013385, 44.21594896492126 ], [ 12.016726080523451, 44.215956884110625 ], [ 12.016645861585809, 44.215968601948944 ], [ 12.016566879154354, 44.215984067561422 ], [ 12.016489473178536, 44.216003215698223 ], [ 12.016413972986433, 44.21602596327407 ], [ 12.016340703685531, 44.216052213754452 ], [ 12.016269976113168, 44.21608185554657 ], [ 12.016202097943935, 44.216114758174768 ], [ 12.016137356659275, 44.21615078524156 ], [ 12.016076028993112, 44.216189778907456 ], [ 12.01601837894431, 44.21623157436369 ], [ 12.015964652497283, 44.216275991815628 ], [ 12.015915082805996, 44.216322841794565 ], [ 12.015869877615494, 44.216371922695799 ], [ 12.015829231872122, 44.216423024141889 ], [ 12.015793320297107, 44.216475928931253 ], [ 12.015762298507548, 44.216530409407639 ], [ 12.015736295685342, 44.216586232113322 ], [ 12.015715424595175, 44.216643158496382 ], [ 12.01569977655924, 44.216700944106215 ], [ 12.015689416590998, 44.216759342296534 ], [ 12.01568438957255, 44.216818102301083 ], [ 12.015684716668781, 44.216876973813967 ], [ 12.015690396447727, 44.216935703359262 ], [ 12.015701405071221, 44.216994039700253 ], [ 12.015717696262795, 44.217051732937826 ], [ 12.015739197657751, 44.217108537288077 ], [ 12.015765820662047, 44.217164207281797 ], [ 12.015797449503692, 44.217218506097012 ], [ 12.015819200293505, 44.21725093762803 ], [ 12.015925583408148, 44.217401759799245 ], [ 12.015930161107091, 44.217408187005077 ], [ 12.016072768646206, 44.217606405379378 ], [ 12.016078520032687, 44.217614302809935 ], [ 12.016203543096532, 44.217783938258698 ], [ 12.016275546447028, 44.217884174883153 ], [ 12.016321746811981, 44.21794849085682 ], [ 12.016323099801406, 44.217950369880235 ], [ 12.016525592449677, 44.21823064245725 ], [ 12.016534777103264, 44.218243114634106 ], [ 12.01654631825618, 44.218258149084491 ], [ 12.017123135100228, 44.218992886203779 ], [ 12.017428445834081, 44.21938923131583 ], [ 12.017432987065824, 44.219410003314195 ], [ 12.017449280751915, 44.219467696165374 ], [ 12.017470784834533, 44.219524500043015 ], [ 12.017497409459812, 44.219580169504241 ], [ 12.017529040091766, 44.219634467705191 ], [ 12.017543793342831, 44.219656817293853 ], [ 12.017636222053186, 44.219792014197665 ], [ 12.017657969910376, 44.219822358701499 ], [ 12.017664462776308, 44.219830899273283 ], [ 12.017825816663366, 44.220040445672673 ], [ 12.018027055993668, 44.220310980072583 ], [ 12.018029241869343, 44.22031390649196 ], [ 12.018042457966112, 44.220331066099241 ], [ 12.018207913624856, 44.220540474290424 ], [ 12.018235914636486, 44.220574179225622 ], [ 12.018254979655666, 44.220595363995592 ], [ 12.018358413971491, 44.220706841414945 ], [ 12.018385102443501, 44.220734472442714 ], [ 12.018435200017413, 44.220781033059254 ], [ 12.018439046578385, 44.220784359266418 ], [ 12.018568304181471, 44.220895600753337 ], [ 12.018706196230459, 44.221015970580559 ], [ 12.018707919538075, 44.221017471577753 ], [ 12.018719015479226, 44.221026980670558 ], [ 12.018743523351699, 44.221047691291737 ], [ 12.018747715300989, 44.221052022971257 ], [ 12.018789590385792, 44.221107090186962 ], [ 12.018803043315184, 44.221124328981631 ], [ 12.018845073857849, 44.221176828342067 ], [ 12.018857637177241, 44.22119865743646 ], [ 12.018877257111045, 44.221239559437237 ], [ 12.018890835734434, 44.221266467691549 ], [ 12.018922468663575, 44.221320765389706 ], [ 12.018943078450434, 44.221351568410498 ], [ 12.019017749571574, 44.221457948808357 ], [ 12.019033644499538, 44.221479839298574 ], [ 12.01904743267168, 44.221497721978608 ], [ 12.019099674367872, 44.221563696212669 ], [ 12.019103091543661, 44.221567984326363 ], [ 12.019167947879312, 44.221648853584895 ], [ 12.019191962576876, 44.22167754687672 ], [ 12.019221615571816, 44.221709959061783 ], [ 12.019262544746452, 44.221752659824311 ], [ 12.019322787821356, 44.22182345434333 ], [ 12.019330179448367, 44.221832031428974 ], [ 12.019375934837948, 44.221880847620916 ], [ 12.019392813949299, 44.221897246460927 ], [ 12.01957914676659, 44.222074059835947 ], [ 12.01967163717314, 44.222169375123173 ], [ 12.019732162753645, 44.22223901636324 ], [ 12.019737921735773, 44.222249644228754 ], [ 12.019750600590511, 44.222272144859311 ], [ 12.019812947920947, 44.222378636629493 ], [ 12.019888695513725, 44.222508200407169 ], [ 12.019904533128738, 44.222534139804672 ], [ 12.019933903245102, 44.222577180967157 ], [ 12.019933744101376, 44.222613094911303 ], [ 12.019940268140532, 44.222707777082171 ], [ 12.019943622435113, 44.222725544459159 ], [ 12.019634460083434, 44.222862748463577 ], [ 12.018018374882336, 44.223451411888128 ], [ 12.017033586867802, 44.223979721513544 ], [ 12.015617555205532, 44.224730098513604 ], [ 12.015208740411801, 44.224731742920284 ], [ 12.014382764519924, 44.224949283977715 ], [ 12.013353712160681, 44.225314365122799 ], [ 12.011318923999418, 44.226082101325055 ], [ 12.009685116752756, 44.227028153835626 ], [ 12.009201382754252, 44.227189814646948 ], [ 12.007690112514824, 44.2275612455011 ], [ 12.006783891640023, 44.227946354075634 ], [ 12.006774457560153, 44.227932385703035 ], [ 12.006703210659348, 44.22782206347842 ], [ 12.006669341889024, 44.227773527982912 ], [ 12.006659481701876, 44.227760658532546 ], [ 12.006494964090505, 44.227550060478215 ], [ 12.006238092770522, 44.227214451588786 ], [ 12.006170947199067, 44.227126290973267 ], [ 12.006168429085706, 44.227123001777208 ], [ 12.006003709692958, 44.226908900185357 ], [ 12.005888190831184, 44.226750932122371 ], [ 12.005881405115327, 44.226741780375903 ], [ 12.005874540879557, 44.226732776294746 ], [ 12.005644844509563, 44.226435479965133 ], [ 12.00525768688861, 44.225933471884609 ], [ 12.005119760254567, 44.225752915456518 ], [ 12.00500916454596, 44.225608137873529 ], [ 12.00499678255847, 44.225592311089073 ], [ 12.00470520658568, 44.225228273445097 ], [ 12.004698245135637, 44.225219692461138 ], [ 12.004481908749003, 44.224956379467422 ], [ 12.004327681187014, 44.224768395801384 ], [ 12.004321634704372, 44.224761106110016 ], [ 12.004172744297017, 44.224583488376517 ], [ 12.00416047527365, 44.224569158662391 ], [ 12.004147812703668, 44.224554970973074 ], [ 12.004060641819191, 44.224459295047602 ], [ 12.004021645061748, 44.224410365181782 ], [ 12.004127023080112, 44.224218732442623 ], [ 12.004135896183913, 44.224202116690321 ], [ 12.004145409854283, 44.224183105998925 ], [ 12.004243917765818, 44.223979067929463 ], [ 12.004485005978353, 44.223508232526783 ], [ 12.004488050780626, 44.223502223130694 ], [ 12.004710407817592, 44.223057755176669 ], [ 12.004892573041509, 44.222707283085228 ], [ 12.004893264544567, 44.222705948976206 ], [ 12.004898072268871, 44.222696494470597 ], [ 12.005058606707705, 44.222375178013515 ], [ 12.005224158762918, 44.222056097099951 ], [ 12.00522459877055, 44.222055250498663 ], [ 12.005226721015479, 44.222051114623909 ], [ 12.005407984638071, 44.221695349589567 ], [ 12.005562332306138, 44.221400116296927 ], [ 12.005563311959655, 44.221398237125541 ], [ 12.005623933355059, 44.221281491671732 ], [ 12.00562449143214, 44.221280414541603 ], [ 12.005650504930655, 44.221224595448199 ], [ 12.005671386418747, 44.221167673069232 ], [ 12.00567590535843, 44.221152918590789 ], [ 12.00568158027839, 44.221133622007237 ], [ 12.005692719402195, 44.221090593463998 ], [ 12.005703090328673, 44.221032198223156 ], [ 12.00570812791233, 44.220973439749024 ], [ 12.005708556510292, 44.220958357531401 ], [ 12.005751770505375, 44.22085717059516 ], [ 12.005913068194024, 44.220491303996297 ], [ 12.006056540075781, 44.220180689174718 ], [ 12.006190239528971, 44.219921133314699 ], [ 12.00635452710204, 44.219614259550895 ], [ 12.006359581410202, 44.21960465493062 ], [ 12.006359970901013, 44.219603900416715 ], [ 12.006450845934577, 44.219427715520915 ], [ 12.006469711343126, 44.21938837141127 ], [ 12.006483145211341, 44.219358098841582 ], [ 12.006489902229866, 44.219342378994021 ], [ 12.00651078217415, 44.219285454568414 ], [ 12.006526440141316, 44.219227670419045 ], [ 12.006535426170801, 44.219179208259511 ], [ 12.00653790091137, 44.219162387672583 ], [ 12.006539283380995, 44.219152453553335 ], [ 12.006544319919714, 44.219093693156545 ], [ 12.006544002176417, 44.219034821676459 ], [ 12.006538330295816, 44.218976091711234 ], [ 12.006537557524906, 44.218970806562218 ], [ 12.006532526352382, 44.218937429823576 ], [ 12.006522300693501, 44.218884377684724 ], [ 12.00650601820041, 44.218826682146108 ], [ 12.006484524096019, 44.218769876846892 ], [ 12.006466666961305, 44.218731259680595 ], [ 12.006442567579315, 44.218682826185436 ], [ 12.006433808720512, 44.218665770129491 ], [ 12.006402189244991, 44.218611469362592 ], [ 12.006367729732739, 44.218561488893997 ], [ 12.006338044138413, 44.218521593132465 ], [ 12.006208673225043, 44.218333210779861 ], [ 12.006203230356501, 44.218325381733848 ], [ 12.006111222337815, 44.218194624309767 ], [ 12.006007793049164, 44.218043579308898 ], [ 12.005948606848856, 44.217956003867933 ], [ 12.005796150583395, 44.217729180626783 ], [ 12.005788459404735, 44.217717938934562 ], [ 12.005723824928038, 44.217625096484639 ], [ 12.005706190804267, 44.217600704408106 ], [ 12.005678548502511, 44.21756575146707 ], [ 12.005624522788457, 44.217500851575387 ], [ 12.005543624467066, 44.217400533614139 ], [ 12.005533813512677, 44.217388579617435 ], [ 12.00541154010887, 44.217242205370134 ], [ 12.005407826126735, 44.217237787230836 ], [ 12.004830088160011, 44.216557268532675 ], [ 12.002623235307967, 44.217408411742554 ], [ 12.00265437962442, 44.21744735747771 ], [ 12.003023503078097, 44.217881223931911 ], [ 12.003268728164091, 44.218171022619941 ], [ 12.003384179811773, 44.218309236741156 ], [ 12.003464595044445, 44.218408960277081 ], [ 12.003473422468716, 44.218419734512359 ], [ 12.003507722758568, 44.218460941111474 ], [ 12.003547372346524, 44.218517895912882 ], [ 12.003696616404417, 44.218739950611891 ], [ 12.00369778539069, 44.218741688103741 ], [ 12.003758972998783, 44.218832229295757 ], [ 12.003761821888894, 44.218836416118982 ], [ 12.00386968388282, 44.218993944236132 ], [ 12.003875761128514, 44.219002700267893 ], [ 12.00394686186414, 44.219103748266846 ], [ 12.003852475685097, 44.219280041165675 ], [ 12.003847421015454, 44.219289646569131 ], [ 12.003846839695509, 44.219290773758289 ], [ 12.003702960483405, 44.219570074599297 ], [ 12.003688843820658, 44.219598980597837 ], [ 12.003535942885964, 44.219929975136608 ], [ 12.003530654743791, 44.219941688830652 ], [ 12.00336504795915, 44.220317298695129 ], [ 12.00336167747488, 44.220325062721628 ], [ 12.003267996327036, 44.220544398765689 ], [ 12.003265336752616, 44.220550705620639 ], [ 12.003244453082569, 44.220607627549796 ], [ 12.003239941472495, 44.220622358321897 ], [ 12.003232845914711, 44.220646478915285 ], [ 12.003221697102569, 44.220689530824174 ], [ 12.003211323696156, 44.22074792584143 ], [ 12.003207012761012, 44.220792460460487 ], [ 12.003064137049842, 44.221065727821347 ], [ 12.00306259919647, 44.22106868408661 ], [ 12.003060475581695, 44.221072819944688 ], [ 12.002878661687779, 44.221429638863505 ], [ 12.002711720852592, 44.221751367167322 ], [ 12.002711283275271, 44.221752212808497 ], [ 12.002706475328974, 44.221761669023564 ], [ 12.002546051885433, 44.222082736085774 ], [ 12.002363915179025, 44.222433125891278 ], [ 12.002363223620176, 44.222434459983951 ], [ 12.002358494924691, 44.222443756770772 ], [ 12.002134933290575, 44.222890913241102 ], [ 12.001891225065862, 44.223367528639983 ], [ 12.001883392784894, 44.223383272484163 ], [ 12.001789717360658, 44.223577258951849 ], [ 12.001658951642073, 44.223815019673438 ], [ 12.001622699327532, 44.223873171518726 ], [ 12.001592114608222, 44.22392681779862 ], [ 12.001579313637015, 44.223952721819742 ], [ 12.001504257215162, 44.224112334147428 ], [ 12.001491045429026, 44.224142132506721 ], [ 12.001476233025233, 44.224180801841136 ], [ 12.001450094714063, 44.224255529158874 ], [ 12.001444030029655, 44.224273662886539 ], [ 12.001428376377007, 44.224331324078733 ], [ 12.001418012432419, 44.224389594042002 ], [ 12.001417265212487, 44.224395473283224 ], [ 12.001412571836489, 44.224433810139594 ], [ 12.001408289889797, 44.224486562478212 ], [ 12.001408382319799, 44.224503247590512 ], [ 12.001395969693386, 44.224497349031957 ], [ 12.001324894431329, 44.224468190757385 ], [ 12.001251312156388, 44.224442428669192 ], [ 12.001175537868667, 44.224420174862558 ], [ 12.00109789598555, 44.22440152501315 ], [ 12.001018717782038, 44.224386556622335 ], [ 12.000938346669148, 44.224375337034481 ], [ 12.000857120273226, 44.224367911153074 ], [ 12.000775392071109, 44.224364312751078 ], [ 12.000693509850446, 44.224364555865158 ], [ 12.000611824702064, 44.224368641839398 ], [ 12.000604580338702, 44.224369190295192 ], [ 12.000571772629469, 44.224371745802891 ], [ 12.00049787799402, 44.224379105890513 ], [ 12.000491363443224, 44.224379909996834 ], [ 12.000490266954081, 44.224378744838454 ], [ 12.000480854006016, 44.224368884731568 ], [ 12.000396388053003, 44.224281658100267 ], [ 12.000382883808197, 44.224267986890702 ], [ 12.000332776896146, 44.224221531703293 ], [ 12.000299897173912, 44.224194168119908 ], [ 12.000214031980294, 44.224125547919378 ], [ 12.000192674256073, 44.224108905885814 ], [ 12.000134541599191, 44.224067540142869 ], [ 12.000093000373463, 44.224041063493736 ], [ 11.999978848123398, 44.223971500247224 ], [ 11.999958609967623, 44.223959426661025 ], [ 11.999916923797317, 44.223936120153681 ], [ 11.999835582266877, 44.223892592031056 ], [ 11.999828522421907, 44.223888525131223 ], [ 11.99978767333095, 44.223848517333444 ], [ 11.999784234020368, 44.223845164557659 ], [ 11.99976288542881, 44.223824459017571 ], [ 11.999694962323838, 44.223753933421492 ], [ 11.999651939337063, 44.223704710630834 ], [ 11.999614989267016, 44.223656235849816 ], [ 11.999577044462713, 44.223609820882004 ], [ 11.999531277431794, 44.223561111053051 ], [ 11.999481168039511, 44.223514653693464 ], [ 11.999464840143938, 44.223500786022221 ], [ 11.999422387734004, 44.223465460435861 ], [ 11.999301967287604, 44.223355495860211 ], [ 11.999282034864063, 44.223337762529027 ], [ 11.999255503696363, 44.223315497782409 ], [ 11.99917417540396, 44.22324932063762 ], [ 11.999146479864113, 44.223227516755252 ], [ 11.999088365479174, 44.22318605354279 ], [ 11.99903470126649, 44.223152196148391 ], [ 11.999031718202339, 44.223150418710013 ], [ 11.998964884388515, 44.223110575994376 ], [ 11.998956249347241, 44.223105473976979 ], [ 11.998905624483619, 44.223077354172815 ], [ 11.9987547296555, 44.222997886078694 ], [ 11.998676574169057, 44.222955980828473 ], [ 11.998555233073079, 44.222881578391963 ], [ 11.998375798784345, 44.222771102088664 ], [ 11.998306550739173, 44.222724823601069 ], [ 11.998256246668694, 44.222685963623725 ], [ 11.998250358097922, 44.222681444622893 ], [ 11.998236935872695, 44.222671377408673 ], [ 11.99814074908225, 44.222600331895066 ], [ 11.998096055911191, 44.222568939885036 ], [ 11.998063178780496, 44.22254776964143 ], [ 11.997952398059288, 44.222478931275191 ], [ 11.997923473274822, 44.222461497271496 ], [ 11.997858285615097, 44.222425882937266 ], [ 11.997854117665494, 44.222423765636997 ], [ 11.997751068262266, 44.222371651725091 ], [ 11.997669005393835, 44.222328031162924 ], [ 11.997637527890136, 44.222308650729488 ], [ 11.997613058274426, 44.222293968934899 ], [ 11.997557584001507, 44.222263351865386 ], [ 11.997499988123757, 44.222233366544799 ], [ 11.997490281188549, 44.222228363543891 ], [ 11.997436045681454, 44.222202193555489 ], [ 11.997356186068812, 44.22216579795019 ], [ 11.997342134718156, 44.222159488431345 ], [ 11.997271036907311, 44.222130289046376 ], [ 11.997197427295866, 44.222104495769265 ], [ 11.997121624639661, 44.222082221537264 ], [ 11.997067013869612, 44.222068677738491 ], [ 11.996978212422995, 44.222048291175163 ], [ 11.996955148002725, 44.222043171020125 ], [ 11.996875936736256, 44.222028200143548 ], [ 11.996850311758726, 44.222024200124608 ], [ 11.996710292263645, 44.222003439364478 ], [ 11.996655508230758, 44.221996227208393 ], [ 11.996574242771272, 44.221988817716792 ], [ 11.996544092365347, 44.221987051867508 ], [ 11.996479810304677, 44.221983846701541 ], [ 11.996441302638024, 44.221941987313208 ], [ 11.996426298736283, 44.221922037596329 ], [ 11.996385841498162, 44.221872148781124 ], [ 11.996340100964593, 44.221823326070414 ], [ 11.996326216431619, 44.221809773519539 ], [ 11.996126848859385, 44.22153880913352 ], [ 11.996122246162331, 44.221532612531902 ], [ 11.996115375299823, 44.221523570040816 ], [ 11.995938229384617, 44.221293588423578 ], [ 11.995751103892601, 44.221050354878166 ], [ 11.995641363118866, 44.220904236425646 ], [ 11.995540456888452, 44.220767503288762 ], [ 11.99553677475963, 44.220762551036792 ], [ 11.995511398563181, 44.220730286313554 ], [ 11.995471385831234, 44.220681773354563 ], [ 11.995480136390137, 44.220647181903608 ], [ 11.995485797104955, 44.220619264426823 ], [ 11.995487221553306, 44.220611370332755 ], [ 11.995488508616175, 44.220605765812529 ], [ 11.99549894676689, 44.220547319014521 ], [ 11.995504049286351, 44.220488511210384 ], [ 11.995503796232997, 44.22042959358042 ], [ 11.995498186423045, 44.220370817845193 ], [ 11.995487246168567, 44.220312436097466 ], [ 11.995471020475708, 44.220254699167256 ], [ 11.995469409634106, 44.220250426953989 ], [ 11.995482051581133, 44.220066822330651 ], [ 11.995478798297441, 44.220058195514532 ], [ 11.995452237334778, 44.220002482534007 ], [ 11.995420668704853, 44.219948140655163 ], [ 11.995384226725863, 44.219895402747682 ], [ 11.995353874487853, 44.21985714067533 ], [ 11.995347165416927, 44.219849144204709 ], [ 11.995200500016717, 44.219636289893941 ], [ 11.995199233056006, 44.219634458569594 ], [ 11.994939172002617, 44.219259220874093 ], [ 11.99493826181704, 44.219257911336598 ], [ 11.994843209993055, 44.219121561850635 ], [ 11.994833688644919, 44.219108185852221 ], [ 11.994758860571739, 44.219005174650867 ], [ 11.994423239713887, 44.21852662172757 ], [ 11.994274858716318, 44.218302424787176 ], [ 11.994255289819797, 44.218274145547298 ], [ 11.994178917089837, 44.218168476125193 ], [ 11.9941368566601, 44.218106592535605 ], [ 11.994072634519311, 44.217997790722698 ], [ 11.993838378583526, 44.217597304276644 ], [ 11.993833560544266, 44.217589180216279 ], [ 11.993748737833066, 44.217448044607423 ], [ 11.993737909975918, 44.217430540157245 ], [ 11.993713947759588, 44.217394978391106 ], [ 11.993634846764538, 44.217283873260882 ], [ 11.993622321685457, 44.217266736131343 ], [ 11.993619044837754, 44.217262396685499 ], [ 11.993575232294358, 44.217204748725116 ], [ 11.993510085492741, 44.217111664311496 ], [ 11.993503607388705, 44.217102537397452 ], [ 11.993410425925395, 44.216973080789813 ], [ 11.993400490485621, 44.216959559246973 ], [ 11.993361074916285, 44.21691073892211 ], [ 11.993283052243791, 44.216820725643466 ], [ 11.993281265483054, 44.216818671534988 ], [ 11.993261058630003, 44.216796244837269 ], [ 11.99321444514735, 44.216746156406749 ], [ 11.993188910605701, 44.216719752633303 ], [ 11.993138827340712, 44.216673179775647 ], [ 11.99312006885185, 44.216657247704227 ], [ 11.993047763937264, 44.21659726584646 ], [ 11.993012311566687, 44.216569079710737 ], [ 11.99300518467639, 44.216563694699957 ], [ 11.992942197126618, 44.216504134471926 ], [ 11.992910526316361, 44.216475419119085 ], [ 11.992856315688446, 44.216431299007759 ], [ 11.992818805193766, 44.216403908366075 ], [ 11.992730511848118, 44.216342135242122 ], [ 11.992728181395918, 44.216340465062444 ], [ 11.992621340256557, 44.216216677737165 ], [ 11.9925266128584, 44.216090823410468 ], [ 11.992459514780967, 44.21599829273795 ], [ 11.992401783937394, 44.215915103220631 ], [ 11.992328550007576, 44.215791824416932 ], [ 11.992320528232378, 44.215778611509528 ], [ 11.992215443087233, 44.215609265985243 ], [ 11.992210717606069, 44.215601742697316 ], [ 11.992193203556109, 44.215575341511766 ], [ 11.992084538712247, 44.215418162390506 ], [ 11.992081673209599, 44.215414042329499 ], [ 11.992018352162045, 44.215323607523693 ], [ 11.992002217552228, 44.215301404539495 ], [ 11.991996084448727, 44.215293346252778 ], [ 11.991899179540368, 44.215167541271896 ], [ 11.991893682125522, 44.215160482068569 ], [ 11.991826170942, 44.215074670848701 ], [ 11.991813105941615, 44.215058462245366 ], [ 11.991757475262537, 44.214991065530619 ], [ 11.991740845431382, 44.214971491846299 ], [ 11.99169877823825, 44.214926430522652 ], [ 11.991633139770672, 44.214860498037581 ], [ 11.991629342597827, 44.214856703493822 ], [ 11.991618828579506, 44.214846412641464 ], [ 11.991563950084771, 44.21479348620533 ], [ 11.991550985823849, 44.214781202668796 ], [ 11.991534273747659, 44.214760376549016 ], [ 11.991509742502622, 44.214731100492209 ], [ 11.991471622197741, 44.214690033728587 ], [ 11.991456824688532, 44.214675002280536 ], [ 11.991454530737101, 44.214671939361025 ], [ 11.991443843118557, 44.214658027909458 ], [ 11.991395185409377, 44.214595995613834 ], [ 11.991364524452459, 44.214559000338163 ], [ 11.991359089699669, 44.214552839340001 ], [ 11.99134122369454, 44.214532768797746 ], [ 11.99131148522261, 44.214500879066684 ], [ 11.991288062465435, 44.214476879959733 ], [ 11.991254491232576, 44.214439096145242 ], [ 11.991248011729141, 44.214431880754368 ], [ 11.991231950835591, 44.214414177931538 ], [ 11.991197355133352, 44.21437799884491 ], [ 11.991147114590044, 44.2143313928377 ], [ 11.991092747709038, 44.214287241407831 ], [ 11.991034485934986, 44.214245734065109 ], [ 11.990972577808648, 44.214207049165232 ], [ 11.990966719550357, 44.214203644213669 ], [ 11.99089774613849, 44.214106875028889 ], [ 11.990857951655126, 44.214045124227503 ], [ 11.990854880060533, 44.2140304250239 ], [ 11.990849075280751, 44.213996291974105 ], [ 11.99084297139304, 44.213927908409431 ], [ 11.990841974036636, 44.213917639499066 ], [ 11.990838549705783, 44.213885109852107 ], [ 11.99083535742462, 44.21385959804666 ], [ 11.990824189972617, 44.213801221783903 ], [ 11.990821785571917, 44.21379143818374 ], [ 11.990813258728448, 44.213757832832734 ], [ 11.990799208119903, 44.213709879387153 ], [ 11.990798913922234, 44.213709000032367 ], [ 11.990788905828589, 44.213679055161244 ], [ 11.99077144847208, 44.213632376910269 ], [ 11.990752138406549, 44.213585760396427 ], [ 11.990748212331884, 44.213576469717978 ], [ 11.990739407400115, 44.213556820474317 ], [ 11.990716608770649, 44.213507875749031 ], [ 11.990708296809858, 44.213490615840136 ], [ 11.990676614103581, 44.213426917515399 ], [ 11.990651942374736, 44.213377052467877 ], [ 11.990641549571739, 44.213356819344519 ], [ 11.990609730545167, 44.21330246893919 ], [ 11.990604654800952, 44.213294632035591 ], [ 11.990568028793087, 44.21323879426479 ], [ 11.990553751631611, 44.213217742595091 ], [ 11.990515504285499, 44.213163155637908 ], [ 11.990498162779645, 44.213139295781396 ], [ 11.990458178142614, 44.213090017005911 ], [ 11.990409785521086, 44.213034483592978 ], [ 11.990408350582046, 44.213032841273041 ], [ 11.990375277844491, 44.212996990805649 ], [ 11.990327206642, 44.212947488340845 ], [ 11.990314317119379, 44.212934461644522 ], [ 11.990311841131714, 44.212932013847649 ], [ 11.99030715512608, 44.212927402735993 ], [ 11.990304646991055, 44.212924928491802 ], [ 11.990220120883857, 44.212841690987553 ], [ 11.990183684221952, 44.21280754965283 ], [ 11.989836922166271, 44.212498067427745 ], [ 11.989825580563377, 44.212488092687401 ], [ 11.989771162411888, 44.212443929802717 ], [ 11.989724730195505, 44.212410437553309 ], [ 11.989673460847188, 44.212375342993525 ], [ 11.989661582593092, 44.212367316345002 ], [ 11.989599627096775, 44.212328618895832 ], [ 11.989534292170758, 44.212292911026587 ], [ 11.989509055100179, 44.212280358471695 ], [ 11.98944741620236, 44.212250496788968 ], [ 11.989329859720918, 44.212192974818144 ], [ 11.989196130991434, 44.212127135826201 ], [ 11.989129966399741, 44.212093342642255 ], [ 11.989093214784948, 44.212075272382897 ], [ 11.988930788218065, 44.211998410076255 ], [ 11.988916132689438, 44.211991579648547 ], [ 11.988686930226912, 44.211886370760645 ], [ 11.988676514696845, 44.211881641249093 ], [ 11.988552649113318, 44.21182600674414 ], [ 11.988545860087635, 44.21182297856479 ], [ 11.988474608146145, 44.211793685931809 ], [ 11.988436978317148, 44.211779942742083 ], [ 11.988384436563145, 44.211761544518254 ], [ 11.988265983821789, 44.211714924740448 ], [ 11.988250394399671, 44.21170889068398 ], [ 11.988216639197008, 44.211696511119847 ], [ 11.988083342006968, 44.211649427969675 ], [ 11.988020589843485, 44.211626549560833 ], [ 11.987921840860619, 44.211583902564087 ], [ 11.98779672623332, 44.211526252267596 ], [ 11.987793851219239, 44.211524931625611 ], [ 11.987761609384293, 44.211510162880515 ], [ 11.987752053733182, 44.211499017866018 ], [ 11.987747739285505, 44.211494127065819 ], [ 11.987643888073139, 44.211377252529999 ], [ 11.987620509563746, 44.211351893101337 ], [ 11.987544677399196, 44.211272585164167 ], [ 11.98752636780273, 44.211253947847979 ], [ 11.987524811747797, 44.211252410654708 ], [ 11.987457470775578, 44.21118595871971 ], [ 11.987429852703485, 44.211159722451278 ], [ 11.987379213013913, 44.211113389284876 ], [ 11.987358026823502, 44.211094531031449 ], [ 11.98731162840704, 44.211056549782434 ], [ 11.987211168285089, 44.210978807145437 ], [ 11.987203035092559, 44.210972571354567 ], [ 11.987121597911022, 44.210910739575617 ], [ 11.987117671443379, 44.210907771904367 ], [ 11.987047511545068, 44.210854981712764 ], [ 11.987024409878204, 44.210837353647726 ], [ 11.987001292135806, 44.210813444240387 ], [ 11.986986604922016, 44.210798575122958 ], [ 11.986985509332554, 44.210797491896308 ], [ 11.986903839170887, 44.210716805040512 ], [ 11.98684409780428, 44.210657047110189 ], [ 11.98684084257056, 44.210653805842568 ], [ 11.986837690614838, 44.210650697015161 ], [ 11.986757923266103, 44.210572348922753 ], [ 11.986711584356478, 44.210522296444388 ], [ 11.986365166720816, 44.209998674165178 ], [ 11.98635369597573, 44.209981790171476 ], [ 11.986282994449919, 44.209880415694478 ], [ 11.986264108187189, 44.209854397909972 ], [ 11.986234267986951, 44.209817019077732 ], [ 11.986152302545342, 44.209719787381552 ], [ 11.986140641375714, 44.209706225107595 ], [ 11.986106687939136, 44.209669515954367 ], [ 11.98598933042113, 44.209548788304055 ], [ 11.985985416752216, 44.209544782874978 ], [ 11.985894524724991, 44.209452269714625 ], [ 11.985886403387095, 44.209444100290703 ], [ 11.985843545203352, 44.209403911558908 ], [ 11.985709255835998, 44.209285039803078 ], [ 11.985701948905607, 44.209278631993193 ], [ 11.98568214627622, 44.20926184888927 ], [ 11.985523532590722, 44.209130690094938 ], [ 11.985489061900381, 44.209103335985361 ], [ 11.985479349169537, 44.209096020671375 ], [ 11.985392568678515, 44.209031390362831 ], [ 11.985307968407202, 44.208957500986578 ], [ 11.985305874203702, 44.208955677259766 ], [ 11.985288000847445, 44.208940493624603 ], [ 11.985199396224598, 44.208866880226239 ], [ 11.9851375739239, 44.208810927605064 ], [ 11.9851217000551, 44.208796852278041 ], [ 11.985103829388841, 44.208781671265747 ], [ 11.985041080949461, 44.208729541579842 ], [ 11.984969618314455, 44.208655796379922 ], [ 11.984956779376271, 44.208642795105142 ], [ 11.984952054809217, 44.208638129456155 ], [ 11.984834327580591, 44.208522660759328 ], [ 11.98481991781104, 44.208508805441234 ], [ 11.984629848222497, 44.208329678668278 ], [ 11.984367081110303, 44.208077923863272 ], [ 11.984364037733998, 44.208075020374238 ], [ 11.984312870803345, 44.208026406126152 ], [ 11.984290600041049, 44.20799869447373 ], [ 11.9842840696419, 44.207986153332335 ], [ 11.984276858217967, 44.207972918845641 ], [ 11.984269969632582, 44.207960564989484 ], [ 11.984258218225671, 44.207935100387409 ], [ 11.984239065161864, 44.207896533040447 ], [ 11.984207267999773, 44.207842183778929 ], [ 11.984170619577297, 44.207789442074962 ], [ 11.984132246113658, 44.207741943280247 ], [ 11.984114026111857, 44.207720892190743 ], [ 11.984092509403657, 44.207693452942095 ], [ 11.984061804844318, 44.207656392227754 ], [ 11.984015943019699, 44.207607531037112 ], [ 11.984007054844442, 44.207598806885215 ], [ 11.983958698082821, 44.207551934844801 ], [ 11.983928457040918, 44.207523795579476 ], [ 11.983885127018571, 44.20748507833833 ], [ 11.983830928611532, 44.207425851260169 ], [ 11.983827040182671, 44.207421628749273 ], [ 11.983754014032654, 44.207342792922631 ], [ 11.983728464350023, 44.20731138284075 ], [ 11.983728245271973, 44.20731075643198 ], [ 11.983738182661984, 44.207275916552994 ], [ 11.983747233021825, 44.20724063716105 ], [ 11.983751451209679, 44.207220756088844 ], [ 11.983765326262036, 44.2071500760878 ], [ 11.983771709131982, 44.207111602714036 ], [ 11.983776990891808, 44.207052887262932 ], [ 11.983777614304081, 44.207019757473446 ], [ 11.983777431112678, 44.206992498061851 ], [ 11.983779400058602, 44.206958265354594 ], [ 11.983779829869443, 44.206949815727988 ], [ 11.983779769854406, 44.206890990497328 ], [ 11.983776686280548, 44.206851128549431 ], [ 11.983770007340734, 44.206789508833623 ], [ 11.983767691647595, 44.206770687426499 ], [ 11.983760533381695, 44.206728790626045 ], [ 11.983743251082586, 44.206644109229984 ], [ 11.98373969083085, 44.206627715864457 ], [ 11.983729503588595, 44.206588830660714 ], [ 11.983697795218237, 44.206480911736676 ], [ 11.983691992165445, 44.206462150749118 ], [ 11.983670797317446, 44.206405393529856 ], [ 11.983661160881139, 44.206383597097087 ], [ 11.983633599669741, 44.206323906126038 ], [ 11.983616927629008, 44.206290078855474 ], [ 11.983585621187421, 44.20623582642358 ], [ 11.983582314903972, 44.20623063377689 ], [ 11.983510371573068, 44.206118567118068 ], [ 11.9834774555528, 44.206071045709031 ], [ 11.983414429180794, 44.205986451084151 ], [ 11.983370426702731, 44.205920972502454 ], [ 11.983355898960209, 44.205900053597375 ], [ 11.983223454057748, 44.205715427090261 ], [ 11.983143888876711, 44.205602463102075 ], [ 11.983130741276392, 44.205584313516908 ], [ 11.983127477991237, 44.205579961736767 ], [ 11.983077711222894, 44.205514015028285 ], [ 11.982861699162132, 44.205215676818185 ], [ 11.9827210373266, 44.205021547501786 ], [ 11.982716536370242, 44.205015393432781 ], [ 11.98258447042104, 44.204836528948782 ], [ 11.982370995295176, 44.204546945195503 ], [ 11.982368393259236, 44.204543435078754 ], [ 11.982114090499566, 44.204202311440056 ], [ 11.982091923248742, 44.204173835881569 ], [ 11.982015095225734, 44.204079205335105 ], [ 11.981996639382706, 44.204057202076861 ], [ 11.981951231245102, 44.204008429571793 ], [ 11.981935214076314, 44.203992752456735 ], [ 11.981893323262765, 44.203952670739191 ], [ 11.98185958963653, 44.203921830727907 ], [ 11.981805692277268, 44.203877750171245 ], [ 11.981790320596632, 44.203862786020025 ], [ 11.981772868142546, 44.2038461962821 ], [ 11.981695175462717, 44.203774106899651 ], [ 11.981672595342779, 44.203753774729186 ], [ 11.981639943013677, 44.203726379129762 ], [ 11.98151121299203, 44.203622687826034 ], [ 11.98150750957006, 44.203619718380693 ], [ 11.981458237038263, 44.203580384750765 ], [ 11.981362075931123, 44.203494107321298 ], [ 11.981291979759671, 44.203425366444428 ], [ 11.981249447941188, 44.203386005805896 ], [ 11.981195563332539, 44.203341940022156 ], [ 11.981137751316735, 44.203300508677977 ], [ 11.981076247781244, 44.203261887688477 ], [ 11.981011359779819, 44.203226252510824 ], [ 11.980943361164996, 44.203193757585495 ], [ 11.980872548874306, 44.20316453886921 ], [ 11.980799223306054, 44.203138724133652 ], [ 11.980723699207653, 44.203116422833979 ], [ 11.980646302088202, 44.203097730688093 ], [ 11.980567361978682, 44.203082729796087 ], [ 11.980487219453385, 44.203071482210149 ], [ 11.980406218423557, 44.203064038191698 ], [ 11.980324707104337, 44.203060428073677 ], [ 11.980243034458663, 44.203060667741426 ], [ 11.980161552693554, 44.20306475858478 ], [ 11.980080609553665, 44.203072681330667 ], [ 11.980000553532472, 44.203084402258227 ], [ 11.979921728849169, 44.203099872392833 ], [ 11.979844475355407, 44.203119024801182 ], [ 11.9797691212035, 44.203141779242266 ], [ 11.979695990147512, 44.203168036614656 ], [ 11.979625399266133, 44.203197685315224 ], [ 11.979557648916163, 44.203230599626437 ], [ 11.979493030127125, 44.203266636868726 ], [ 11.979431818579869, 44.203305643830298 ], [ 11.979374181222232, 44.203347428779423 ], [ 11.9793204056582, 44.203391822038391 ], [ 11.979270765484983, 44.203438646077913 ], [ 11.979225469778514, 44.203487699340577 ], [ 11.979184717320662, 44.203538771444002 ], [ 11.979148677972155, 44.203591646242714 ], [ 11.979117509864066, 44.203646093380591 ], [ 11.979091342424493, 44.203701883049064 ], [ 11.979070290948881, 44.203758773980958 ], [ 11.979054444462866, 44.203816523605909 ], [ 11.979043869372415, 44.203874885273798 ], [ 11.979038611928226, 44.203933607305956 ], [ 11.979038695948011, 44.203992439353307 ], [ 11.979044117761523, 44.20405113068874 ], [ 11.979054856100802, 44.204109427311764 ], [ 11.979070866140534, 44.204167080181627 ], [ 11.979092075691332, 44.204223843485785 ], [ 11.979118396400423, 44.204279473523933 ], [ 11.979149715140071, 44.204333732480997 ], [ 11.979185896471932, 44.204386387478152 ], [ 11.979226786453646, 44.20443721230437 ], [ 11.979272209050404, 44.204485991995931 ], [ 11.97927943571117, 44.204493150577818 ], [ 11.979365337545385, 44.204577388439844 ], [ 11.979397842647561, 44.204607871085031 ], [ 11.979533131982494, 44.204729247155548 ], [ 11.979543160933433, 44.20473812853124 ], [ 11.979579520013814, 44.204768495113917 ], [ 11.979650917351472, 44.20482548970319 ], [ 11.979749036435436, 44.204904523064386 ], [ 11.97979140683726, 44.204943835936142 ], [ 11.979848706884921, 44.204999633660208 ], [ 11.979888742927965, 44.205036557985323 ], [ 11.979915981433702, 44.205059562114933 ], [ 11.979925829494634, 44.205071690132513 ], [ 11.980167894341497, 44.205396431389701 ], [ 11.980380167684054, 44.205684436511973 ], [ 11.980380550399808, 44.205684956956546 ], [ 11.980510512012012, 44.205861012577515 ], [ 11.980648727772611, 44.206051821004444 ], [ 11.98086942397758, 44.206356729140992 ], [ 11.98087618387166, 44.206365938089036 ], [ 11.980879445783009, 44.206370289961846 ], [ 11.980925859083335, 44.206431818069461 ], [ 11.980999496834588, 44.206536408615356 ], [ 11.981003699732009, 44.206542324867463 ], [ 11.981130746870743, 44.206719506207136 ], [ 11.981178951990508, 44.206791273604956 ], [ 11.981202456830262, 44.206824487085321 ], [ 11.981260254250294, 44.206902099249895 ], [ 11.981276303551958, 44.206927113960688 ], [ 11.981279958608571, 44.206939561395224 ], [ 11.981282532783558, 44.206952172931246 ], [ 11.981282463760538, 44.206953676326343 ], [ 11.981282183002289, 44.206960960219632 ], [ 11.981272542591825, 44.206994789180477 ], [ 11.981263502130957, 44.207030072661645 ], [ 11.98125603941951, 44.207067815911024 ], [ 11.981242612162136, 44.207147826004984 ], [ 11.981239486373459, 44.207168440278288 ], [ 11.981234598132339, 44.20721952488789 ], [ 11.981230431368392, 44.207293797131108 ], [ 11.981230047841352, 44.20730143121547 ], [ 11.981230525269973, 44.207360339528151 ], [ 11.981231311840995, 44.207372471907455 ], [ 11.98123886774864, 44.207474376581473 ], [ 11.981244012398356, 44.2075210338323 ], [ 11.981255255433494, 44.207579427829785 ], [ 11.981271760449095, 44.207637177251868 ], [ 11.981272065670655, 44.20763809160794 ], [ 11.981301751966015, 44.20772674292165 ], [ 11.981306809638619, 44.207741315159502 ], [ 11.981329341393675, 44.207804012219285 ], [ 11.981345675856373, 44.207845383696707 ], [ 11.981351955849348, 44.207859547350445 ], [ 11.981391005395826, 44.207945196833926 ], [ 11.981411524192596, 44.207986755349665 ], [ 11.981443308726281, 44.208041103860594 ], [ 11.981479942216918, 44.208093844061885 ], [ 11.981482403215653, 44.208097101581764 ], [ 11.981542020121783, 44.208175593537 ], [ 11.98156024170822, 44.208198766878169 ], [ 11.981621596968486, 44.208274185318835 ], [ 11.981642240625506, 44.208298662855469 ], [ 11.981660320608398, 44.208318758956167 ], [ 11.981751623615997, 44.208417363722845 ], [ 11.981836931141492, 44.208510616928756 ], [ 11.981868582430101, 44.208543601404621 ], [ 11.981907698404752, 44.208580462210499 ], [ 11.981940210396807, 44.208609523912521 ], [ 11.981961941050372, 44.208653738513064 ], [ 11.981993735261941, 44.208708087558961 ], [ 11.982015371774454, 44.208740259387461 ], [ 11.982037877404132, 44.208772101547709 ], [ 11.982064611514103, 44.208810696608829 ], [ 11.982084207408159, 44.20883783106239 ], [ 11.982101456641589, 44.208860000764432 ], [ 11.982173141677427, 44.208949188372529 ], [ 11.982197243534483, 44.208977929967901 ], [ 11.982211258698225, 44.208993602889457 ], [ 11.982257942755608, 44.209044648530835 ], [ 11.982289794062037, 44.209077838346211 ], [ 11.982319756641676, 44.209106410999802 ], [ 11.982328839165566, 44.209114725603669 ], [ 11.982376844758818, 44.209160332136832 ], [ 11.982641117676327, 44.209413517184295 ], [ 11.982647146758609, 44.209419246873452 ], [ 11.982832963943709, 44.209594359086402 ], [ 11.982934659584176, 44.209694096453717 ], [ 11.983031144766684, 44.209793653732042 ], [ 11.983035261563581, 44.209797903473245 ], [ 11.98304805888514, 44.209810862465226 ], [ 11.983098237189621, 44.209857462757071 ], [ 11.983116107694801, 44.209872645005134 ], [ 11.98320472128936, 44.209946262646469 ], [ 11.983266547966659, 44.210002217181263 ], [ 11.983282424245663, 44.210016293633871 ], [ 11.98330029740951, 44.210031477603316 ], [ 11.983396078929733, 44.210111051030623 ], [ 11.983502429645307, 44.210203932667923 ], [ 11.983504522620755, 44.210205757354942 ], [ 11.983558800428689, 44.210249897312664 ], [ 11.983568513111846, 44.210257212800435 ], [ 11.983667078981636, 44.210330620657359 ], [ 11.98379040701575, 44.210432600928144 ], [ 11.983884801819869, 44.210516154544322 ], [ 11.983949375776323, 44.210581875946382 ], [ 11.98404079829327, 44.210676001716067 ], [ 11.984074844860857, 44.210716529409815 ], [ 11.984116924609085, 44.21077707621312 ], [ 11.984489462744095, 44.211342179531854 ], [ 11.984494985171507, 44.211350572020301 ], [ 11.98452516172347, 44.211393437127278 ], [ 11.984566425137606, 44.211444332873036 ], [ 11.984583356864803, 44.211463207274512 ], [ 11.984694741222256, 44.211584042601416 ], [ 11.98472359842363, 44.211614015991131 ], [ 11.984726733966246, 44.211617121585334 ], [ 11.984819406056369, 44.211708515378255 ], [ 11.984877841341634, 44.211767200608463 ], [ 11.984881081393249, 44.211770437714229 ], [ 11.984882169441152, 44.211771520204316 ], [ 11.98495764666958, 44.211846381114427 ], [ 11.985003411195796, 44.211893899465409 ], [ 11.985018029026595, 44.211908755742371 ], [ 11.985056769987311, 44.211945300449273 ], [ 11.985104394452669, 44.211987927792975 ], [ 11.985115785033353, 44.211997973370984 ], [ 11.985167967516702, 44.212040533246956 ], [ 11.985232810499147, 44.212090176957112 ], [ 11.985234871176221, 44.212091751430748 ], [ 11.985238881362431, 44.212094792445193 ], [ 11.985309828328527, 44.212148347287311 ], [ 11.98538482268034, 44.212205470131963 ], [ 11.985445526650828, 44.212252596607073 ], [ 11.985449851413371, 44.212256566210513 ], [ 11.985493410722995, 44.212299695242073 ], [ 11.985547306320752, 44.212356239643213 ], [ 11.985604274458039, 44.212420540444732 ], [ 11.985632213195498, 44.212468338608495 ], [ 11.985668832239766, 44.212521076632754 ], [ 11.985710150345135, 44.212571982588869 ], [ 11.985755990084314, 44.212620838844799 ], [ 11.985806156834602, 44.212667436217039 ], [ 11.985860433847389, 44.212711575869164 ], [ 11.985918590923045, 44.212753067341744 ], [ 11.985931658039023, 44.212761675169219 ], [ 11.98593242428619, 44.21276223064536 ], [ 11.985968380999729, 44.212787239393158 ], [ 11.986014311834072, 44.21281646131284 ], [ 11.986042979260084, 44.212833821468756 ], [ 11.986058838437943, 44.212843266205262 ], [ 11.986078469282365, 44.21285452867177 ], [ 11.986154832834542, 44.212897378954793 ], [ 11.9862004977045, 44.21292181910799 ], [ 11.986206800447645, 44.212925015533258 ], [ 11.986294975029256, 44.212969436484883 ], [ 11.986340904973142, 44.212991509682674 ], [ 11.986451397468104, 44.21304212640468 ], [ 11.986590425814645, 44.213106196543926 ], [ 11.986609512927513, 44.213114819731487 ], [ 11.986621458374668, 44.213120045176026 ], [ 11.986774461904377, 44.213186131479077 ], [ 11.986833754125891, 44.213210196509422 ], [ 11.986853263811829, 44.213217463749231 ], [ 11.98696326952656, 44.213257576567997 ], [ 11.986977508078457, 44.213262686749815 ], [ 11.987092958343572, 44.213303471820645 ], [ 11.987213270239574, 44.213350830417895 ], [ 11.987228854947201, 44.213356862914225 ], [ 11.987266475418, 44.213370603108558 ], [ 11.98728642895184, 44.213377592017736 ], [ 11.987348902215993, 44.213405656327886 ], [ 11.987565504122024, 44.213505094201437 ], [ 11.98770192273224, 44.213569656756228 ], [ 11.987758680478775, 44.213598650462494 ], [ 11.987776292504284, 44.213607481248765 ], [ 11.987920432964174, 44.213678455847521 ], [ 11.987923423143945, 44.21367992403313 ], [ 11.987981582810757, 44.213708385533494 ], [ 11.988216346532468, 44.21391791882543 ], [ 11.988280632356306, 44.213981238809254 ], [ 11.988282466546311, 44.213983048515416 ], [ 11.988305069709133, 44.214006331466258 ], [ 11.988305824289268, 44.214007196584305 ], [ 11.988310452144358, 44.214013799929944 ], [ 11.988313648200361, 44.214018670653502 ], [ 11.988317873539756, 44.214027203286953 ], [ 11.98831858138352, 44.214028627728801 ], [ 11.988346370113717, 44.214084444484079 ], [ 11.988348586579072, 44.214089198673669 ], [ 11.988352562125105, 44.214133300436913 ], [ 11.988356785432384, 44.214169087793884 ], [ 11.988359293917465, 44.214184924639397 ], [ 11.988371628964083, 44.214257108592193 ], [ 11.988376301905054, 44.214281660134233 ], [ 11.988392186181944, 44.214357375559388 ], [ 11.988396221416268, 44.214375375328508 ], [ 11.988412721978147, 44.214433121743056 ], [ 11.988417156302148, 44.214446006816836 ], [ 11.988440965653608, 44.214513055778198 ], [ 11.988453682753462, 44.214546217347014 ], [ 11.988480783527402, 44.214611972637016 ], [ 11.988485340505855, 44.214622782226535 ], [ 11.98851216972696, 44.214678508165079 ], [ 11.988544000126506, 44.214732861627986 ], [ 11.98854758989504, 44.214738419441325 ], [ 11.988581418679445, 44.214790361016796 ], [ 11.988637301909669, 44.214877007197096 ], [ 11.988659181583483, 44.214909239678285 ], [ 11.988744393543625, 44.215028699794992 ], [ 11.988815066294576, 44.215127997990322 ], [ 11.988828781433947, 44.215146724096563 ], [ 11.98887018224084, 44.215197642515811 ], [ 11.988891171422491, 44.215220829091066 ], [ 11.988937530872526, 44.215270370402393 ], [ 11.98896247428571, 44.215296053109753 ], [ 11.989003953992087, 44.215335022868906 ], [ 11.98904086462916, 44.215367897885393 ], [ 11.989049550063463, 44.215375548315762 ], [ 11.989103740811855, 44.215419715880316 ], [ 11.989105170233485, 44.215420804405369 ], [ 11.989143574705901, 44.215450013278357 ], [ 11.989200238621583, 44.215490442667566 ], [ 11.989249357958121, 44.215521725618409 ], [ 11.989265255969588, 44.215544517238996 ], [ 11.989282207755345, 44.215567976069586 ], [ 11.989323382154438, 44.215618900451609 ], [ 11.989361370818949, 44.215659980412269 ], [ 11.989395135637016, 44.215694406912107 ], [ 11.989400237038469, 44.215700790917957 ], [ 11.989410310097133, 44.215713168986198 ], [ 11.989440695257587, 44.215749831786923 ], [ 11.98945505812347, 44.215766737480983 ], [ 11.989500781837359, 44.215815607812075 ], [ 11.989528143829952, 44.215841857422937 ], [ 11.989565367463833, 44.215876240942222 ], [ 11.989604540982889, 44.215914137862839 ], [ 11.98963176553772, 44.215941567380952 ], [ 11.989653252410827, 44.215967693353463 ], [ 11.989711385301227, 44.216041847066315 ], [ 11.98979375590527, 44.21614915481247 ], [ 11.989844938875938, 44.216222266348247 ], [ 11.989940571731202, 44.216360618373727 ], [ 11.990030944768707, 44.216506282102898 ], [ 11.990114777989373, 44.216647435174139 ], [ 11.990127522336483, 44.216668176178537 ], [ 11.990145830649718, 44.216695737025006 ], [ 11.990225028887147, 44.216809927309669 ], [ 11.99023513513418, 44.21682417930959 ], [ 11.990311812867811, 44.216929977460119 ], [ 11.990319860642563, 44.216940897662241 ], [ 11.990320858820271, 44.216942227202452 ], [ 11.990437817752618, 44.21709769522954 ], [ 11.990475056162653, 44.21714386372323 ], [ 11.990664984858405, 44.217364007889728 ], [ 11.990667927748015, 44.217367409294312 ], [ 11.99067120843806, 44.217371220100233 ], [ 11.990674156258923, 44.217374619605657 ], [ 11.990719883985024, 44.217423464941476 ], [ 11.99076995886001, 44.217470050810412 ], [ 11.990819162423508, 44.217510342897953 ], [ 11.990875946859411, 44.217554135841375 ], [ 11.990880949791347, 44.217557971303947 ], [ 11.990907978346275, 44.217577943517888 ], [ 11.990968957510692, 44.21762162518111 ], [ 11.990979438085747, 44.217629045205989 ], [ 11.991006107408863, 44.217647704458471 ], [ 11.991014837076857, 44.217655961013151 ], [ 11.9910514720526, 44.21769120691237 ], [ 11.991089325527973, 44.21772582225401 ], [ 11.991143534850117, 44.217769945073954 ], [ 11.991162649254241, 44.217784195372026 ], [ 11.99117699976444, 44.217794659755988 ], [ 11.991210188881217, 44.217832964189199 ], [ 11.991277130452087, 44.217926017284093 ], [ 11.991348580329133, 44.218028166645396 ], [ 11.991364990972805, 44.218050819071898 ], [ 11.991368267758205, 44.218055160390001 ], [ 11.991414128727801, 44.218115534941234 ], [ 11.991466911971136, 44.218189718209018 ], [ 11.991533080880062, 44.218299891492386 ], [ 11.991765669823968, 44.218697807569256 ], [ 11.991767288797929, 44.218700566791277 ], [ 11.99184534405995, 44.21883285303997 ], [ 11.991859366908063, 44.218855727175274 ], [ 11.991873022435314, 44.218876485625344 ], [ 11.991936522494711, 44.218969902086528 ], [ 11.99195043204622, 44.218989739970539 ], [ 11.992023813454249, 44.219091249081629 ], [ 11.992168935006827, 44.219310476786688 ], [ 11.992181526216763, 44.219328972323062 ], [ 11.992526983068332, 44.219822999630885 ], [ 11.992535120675539, 44.21983442943818 ], [ 11.992609128451234, 44.219936571096795 ], [ 11.992698896623427, 44.22006567519788 ], [ 11.992806295797322, 44.220220746763658 ], [ 11.992628585680047, 44.220185553561286 ], [ 11.992439695993641, 44.220165497230241 ], [ 11.992269544905628, 44.220167756692682 ], [ 11.99204731211309, 44.220186527124724 ], [ 11.991801041444518, 44.220211923228597 ], [ 11.991374601489378, 44.220316616263908 ], [ 11.990630102233991, 44.22052916200245 ], [ 11.990194082525615, 44.220665944541324 ], [ 11.989664038885305, 44.220832343568652 ], [ 11.988942437902907, 44.221080577187728 ], [ 11.988377513263858, 44.221250967524988 ], [ 11.987865743814234, 44.221408044793527 ], [ 11.987155973915147, 44.221624393559921 ], [ 11.986642851050059, 44.221804271399627 ], [ 11.986627636648832, 44.221808807497695 ], [ 11.986622082445006, 44.221804210173062 ], [ 11.986519584180407, 44.221717815962513 ], [ 11.986436461146081, 44.221642634791337 ], [ 11.9864219426403, 44.221629748951031 ], [ 11.986399399551741, 44.221610666699753 ], [ 11.986347316625157, 44.221567804377031 ], [ 11.986315684702355, 44.221542742750124 ], [ 11.986261372935759, 44.221503787849379 ], [ 11.986236020608736, 44.221486688155629 ], [ 11.986089263011701, 44.221362223148439 ], [ 11.986045610513777, 44.221327014405517 ], [ 11.985987608199602, 44.221285453411134 ], [ 11.985925950323873, 44.221246721148297 ], [ 11.985860898733968, 44.221210983099517 ], [ 11.985792737338798, 44.221178392597082 ], [ 11.98572175325736, 44.221149087575931 ], [ 11.985648253173578, 44.221123193868941 ], [ 11.985631823026985, 44.221117981138121 ], [ 11.985546468487348, 44.221091427595809 ], [ 11.985488973118155, 44.221074748438909 ], [ 11.985314417561446, 44.221027704010673 ], [ 11.985312639532859, 44.221027226545637 ], [ 11.985288550144082, 44.221020965996836 ], [ 11.985130026899441, 44.220981087578004 ], [ 11.985022707797189, 44.220947248099598 ], [ 11.98499660377704, 44.220939271396006 ], [ 11.984814828422531, 44.220885466610333 ], [ 11.984787264858827, 44.220877583652857 ], [ 11.984708396775808, 44.220855801158187 ], [ 11.98469741609409, 44.220851921968908 ], [ 11.984653368487022, 44.220796998546128 ], [ 11.98464530522949, 44.220787091342395 ], [ 11.984567382469786, 44.220692731594156 ], [ 11.98446058305143, 44.220562746932856 ], [ 11.984431495883836, 44.220526426943998 ], [ 11.984419549986747, 44.220494365327468 ], [ 11.98439301164151, 44.220402387771735 ], [ 11.984385943359955, 44.220379404839562 ], [ 11.984384170891515, 44.220374052091401 ], [ 11.984342298212415, 44.220249272135071 ], [ 11.984322724014925, 44.220197700694328 ], [ 11.984314111278158, 44.220178192585855 ], [ 11.984269744245701, 44.220081536714112 ], [ 11.984259361875919, 44.220059848619279 ], [ 11.984201226738698, 44.219943250101799 ], [ 11.984193750474947, 44.219928657640153 ], [ 11.984166145298271, 44.219880430731529 ], [ 11.984124475991278, 44.219813235750053 ], [ 11.984120600901047, 44.21980704906256 ], [ 11.984118563347613, 44.219803845767416 ], [ 11.984050678025985, 44.219697659504511 ], [ 11.984031153559874, 44.219668511530095 ], [ 11.983944051006272, 44.219544241489857 ], [ 11.98392925324992, 44.219523786275239 ], [ 11.983917521945267, 44.219508428107297 ], [ 11.983920994279146, 44.219491257089224 ], [ 11.983943077888828, 44.21937417968671 ], [ 11.983948692790479, 44.219339353382608 ], [ 11.983953874360918, 44.219280468079802 ], [ 11.983953697938826, 44.219221470598576 ], [ 11.983951971495541, 44.21919611110178 ], [ 11.983941641015035, 44.219078215950979 ], [ 11.983937835632013, 44.219044719237026 ], [ 11.983926973418454, 44.218986256417189 ], [ 11.983924626795826, 44.218976490548819 ], [ 11.983887313004336, 44.21882601942675 ], [ 11.983873512041582, 44.218777966693438 ], [ 11.983861941165724, 44.218745316826613 ], [ 11.983767729123672, 44.218498784726407 ], [ 11.98372407009856, 44.218373887010159 ], [ 11.983707304039388, 44.218315335933859 ], [ 11.98370207979826, 44.218297956021317 ], [ 11.983695321592737, 44.218258848535356 ], [ 11.983683709223026, 44.218179381943195 ], [ 11.983665767052898, 44.218036628598909 ], [ 11.983664581103984, 44.21802769303352 ], [ 11.983653725628537, 44.217969230019122 ], [ 11.98364330081143, 44.217929752433704 ], [ 11.983615704001465, 44.217836610282575 ], [ 11.983609991724048, 44.217818268092564 ], [ 11.983588641644364, 44.217761340130103 ], [ 11.983562562736871, 44.217706296997768 ], [ 11.983506606318439, 44.217599591537677 ], [ 11.983506211796175, 44.217598842189716 ], [ 11.9834933620375, 44.217575396915336 ], [ 11.983435345110863, 44.217473738618317 ], [ 11.983416717677779, 44.217442763639269 ], [ 11.983384533896574, 44.217395584839473 ], [ 11.983307913700862, 44.217291086988887 ], [ 11.983303747008616, 44.217285452539379 ], [ 11.983283920630855, 44.21725987813452 ], [ 11.983188135941063, 44.217140906596207 ], [ 11.98316689900723, 44.21711550168974 ], [ 11.983150998126417, 44.217097643056533 ], [ 11.983039476063588, 44.216975581272422 ], [ 11.982757079025014, 44.21662884986376 ], [ 11.982702659027137, 44.216559680612484 ], [ 11.982698348255489, 44.216554246461868 ], [ 11.98251791108207, 44.216328564988324 ], [ 11.982516622297634, 44.2163268106112 ], [ 11.982359025122676, 44.216045275296594 ], [ 11.982347360429774, 44.216025143324899 ], [ 11.982190737461035, 44.215763752861726 ], [ 11.982179600611511, 44.215744862046925 ], [ 11.982166743564715, 44.215723806503775 ], [ 11.982157246800305, 44.215709127100737 ], [ 11.982012884029732, 44.215491218816204 ], [ 11.980719494722019, 44.215916090159411 ], [ 11.980088085864901, 44.215186297693414 ], [ 11.97955561596949, 44.214506765728927 ], [ 11.979091394869444, 44.213974239260438 ], [ 11.978670143633932, 44.213591114344773 ], [ 11.978272332112697, 44.213062647243063 ], [ 11.977906570662366, 44.212463474999439 ], [ 11.977502492220216, 44.211924988721357 ], [ 11.977479182344988, 44.211883982606153 ], [ 11.977445628095214, 44.21182887112866 ], [ 11.977437346036847, 44.211815562821215 ], [ 11.977421817309379, 44.211792047869615 ], [ 11.977302623039167, 44.211618083275788 ], [ 11.977294783520835, 44.211606841444649 ], [ 11.977097975848105, 44.21132943771029 ], [ 11.977086166399214, 44.2113132331069 ], [ 11.976618641656316, 44.210688595030732 ], [ 11.97650223656483, 44.21053222310104 ], [ 11.976499685533449, 44.210528812921581 ], [ 11.976497959029668, 44.210526527330799 ], [ 11.976142739244949, 44.210057279776798 ], [ 11.976019162166581, 44.209892589099006 ], [ 11.97601876804098, 44.209892063444762 ], [ 11.976011023036474, 44.209881914911143 ], [ 11.975836633051054, 44.20965676650674 ], [ 11.975701412977113, 44.209479093566429 ], [ 11.97550460273896, 44.20921103196288 ], [ 11.975339461540624, 44.208983202053972 ], [ 11.975330640094374, 44.208970919657595 ], [ 11.975324156532251, 44.208956499733269 ], [ 11.975302574527603, 44.208912428044712 ], [ 11.975287936333723, 44.20888608198824 ], [ 11.975199306553552, 44.208733560927172 ], [ 11.975182578986271, 44.208699881436097 ], [ 11.975147406752452, 44.208618868721011 ], [ 11.975104670275726, 44.208501486702232 ], [ 11.975091612492824, 44.208460585963401 ], [ 11.975089296934881, 44.208453467954278 ], [ 11.975067731333048, 44.208396634148428 ], [ 11.975044596049502, 44.20834768432038 ], [ 11.97500044242164, 44.208262355398574 ], [ 11.974996906905758, 44.208255606152427 ], [ 11.974965250395629, 44.208201280390433 ], [ 11.974956643568895, 44.20818804661652 ], [ 11.974931137764885, 44.208149643796631 ], [ 11.97490323650837, 44.208110157123087 ], [ 11.974862032064509, 44.208059269079271 ], [ 11.974816309883973, 44.208010431058746 ], [ 11.974804087376199, 44.207998461498164 ], [ 11.974786966791651, 44.207981983407464 ], [ 11.974749145199775, 44.207947373232443 ], [ 11.974694989657767, 44.207903251654564 ], [ 11.974636959022403, 44.207861777689153 ], [ 11.974592506483312, 44.20783340761448 ], [ 11.974551472787912, 44.2078084474592 ], [ 11.97453426804331, 44.207798168668582 ], [ 11.974469244639403, 44.207762510427877 ], [ 11.974463266950588, 44.207759467685655 ], [ 11.974348281530624, 44.207701311579875 ], [ 11.974286156085501, 44.207671839971638 ], [ 11.974226899593393, 44.207647105881058 ], [ 11.973968521997007, 44.207545993855298 ], [ 11.973630657310594, 44.207411817248591 ], [ 11.973612174304687, 44.207404622722102 ], [ 11.973592861368941, 44.207397409712627 ], [ 11.973433581465738, 44.20733918027878 ], [ 11.973169924023118, 44.207238365273831 ], [ 11.973030912076949, 44.207181997553143 ], [ 11.972828586797821, 44.20709841981099 ], [ 11.972706753144385, 44.207047291849847 ], [ 11.97266819453208, 44.207031760889357 ], [ 11.972627336088138, 44.206998991281104 ], [ 11.972569335227647, 44.206957511991888 ], [ 11.972507691308522, 44.206918854442208 ], [ 11.972442667382808, 44.206883185929954 ], [ 11.972374545878543, 44.206850656243809 ], [ 11.972303615244048, 44.206821408743359 ], [ 11.972230180652284, 44.206795564818904 ], [ 11.972215484587741, 44.206790897975218 ], [ 11.972134676716125, 44.206765677823526 ], [ 11.972073746694399, 44.206748018306868 ], [ 11.971996255709414, 44.20672930166026 ], [ 11.971917232379104, 44.206714277720415 ], [ 11.971837014887068, 44.206703011319981 ], [ 11.971755949530369, 44.206695549095151 ], [ 11.971701014153004, 44.206692683282739 ], [ 11.971659369236388, 44.206691175869842 ], [ 11.971632737223402, 44.206690416736357 ], [ 11.971551019277511, 44.206690644924798 ], [ 11.971484241441717, 44.206692407617446 ], [ 11.971402723817322, 44.206696487648323 ], [ 11.971358514449989, 44.206700326285613 ], [ 11.971234459302741, 44.206712721929065 ], [ 11.971197699215839, 44.206716798634623 ], [ 11.971138995498192, 44.206725002240638 ], [ 11.971071986888008, 44.206735573091379 ], [ 11.971047011483369, 44.206724183902651 ], [ 11.970976045124708, 44.206694925357368 ], [ 11.970902577355893, 44.206669073915336 ], [ 11.970841184998365, 44.206650632192002 ], [ 11.970815508191439, 44.206643491856369 ], [ 11.970801247307428, 44.206639596895435 ], [ 11.970723730496761, 44.206620874382835 ], [ 11.970644685036936, 44.206605845389113 ], [ 11.970564451512296, 44.206594571998977 ], [ 11.970483371412266, 44.206587106357141 ], [ 11.970401794185051, 44.206583477904502 ], [ 11.970391836249959, 44.206583505714022 ], [ 11.970314873508654, 44.206504197822923 ], [ 11.970317365582305, 44.206466973947244 ], [ 11.970316937777861, 44.206408054849419 ], [ 11.970311165741231, 44.206349277029652 ], [ 11.970300073076212, 44.20629088993298 ], [ 11.97028370472794, 44.206233146206507 ], [ 11.97026213285014, 44.206176290762201 ], [ 11.970250670138848, 44.206150891323183 ], [ 11.970221505667942, 44.206089383480204 ], [ 11.970206281351413, 44.206059059452798 ], [ 11.970187399622207, 44.206025493164496 ], [ 11.969609983046203, 44.205055355307906 ], [ 11.969514187713544, 44.204892766670248 ], [ 11.969489904005037, 44.204849339579695 ], [ 11.969466600877483, 44.204810338725146 ], [ 11.969430089782088, 44.204757607361188 ], [ 11.96938887866931, 44.204706708230866 ], [ 11.969343142430349, 44.204657859933967 ], [ 11.969308421576276, 44.204624892110843 ], [ 11.9692661208439, 44.204586582334258 ], [ 11.969250777396676, 44.204572961844455 ], [ 11.969196604256954, 44.204528833219939 ], [ 11.969138549724635, 44.204487351226106 ], [ 11.969069953376708, 44.20444144235563 ], [ 11.969035474024931, 44.204419209002658 ], [ 11.968870826911079, 44.204316923541448 ], [ 11.968843625294131, 44.204300502440091 ], [ 11.968778579538787, 44.204264841075997 ], [ 11.968754542443733, 44.204252838098085 ], [ 11.96837075203792, 44.204065937432269 ], [ 11.968368385781162, 44.204064787024535 ], [ 11.968108671080323, 44.203938922901145 ], [ 11.968066956804995, 44.203919562814512 ], [ 11.96804306699063, 44.203909216826027 ], [ 11.967925119541531, 44.203859419557979 ], [ 11.967784306649444, 44.203797027457696 ], [ 11.967726726602949, 44.203766734915881 ], [ 11.967713750111843, 44.203759999553434 ], [ 11.967652405043234, 44.203730510989509 ], [ 11.967507788761004, 44.203665361587632 ], [ 11.967150191870692, 44.203477280812137 ], [ 11.967137410094555, 44.203470647233772 ], [ 11.967069344409795, 44.203438149112699 ], [ 11.966998476973723, 44.20340893380201 ], [ 11.966925110526409, 44.203383125460107 ], [ 11.966849562316908, 44.203360834438612 ], [ 11.966779312445105, 44.203343715871654 ], [ 11.966709831198701, 44.203328427562809 ], [ 11.9667026716285, 44.20332686918163 ], [ 11.966623711843303, 44.203311876141065 ], [ 11.966543550002527, 44.20330063712548 ], [ 11.966462548819763, 44.203293204792125 ], [ 11.966381055379854, 44.203289613150766 ], [ 11.966299416146869, 44.203289878181003 ], [ 11.966217983173333, 44.203293996812398 ], [ 11.966137104271871, 44.203301951621732 ], [ 11.966057023017324, 44.203313708218978 ], [ 11.965978086920751, 44.203329204081058 ], [ 11.965900703368977, 44.203348374648222 ], [ 11.965855489828149, 44.203361510407028 ], [ 11.965810638594645, 44.203370693286317 ], [ 11.965784709087961, 44.203376221743504 ], [ 11.965740414209723, 44.203386694033036 ], [ 11.96557954171246, 44.203427130244826 ], [ 11.964593900348312, 44.204882129082662 ], [ 11.964607230045743, 44.204896367186393 ], [ 11.964657267051786, 44.204942921221438 ], [ 11.964711432241241, 44.204987020733029 ], [ 11.964769494299931, 44.205028476138381 ], [ 11.964831202376013, 44.205067110855303 ], [ 11.964896294692409, 44.205102757530199 ], [ 11.964964490089313, 44.205135266317981 ], [ 11.965035498947103, 44.205164495653641 ], [ 11.965109017286959, 44.205190322287784 ], [ 11.965184727740146, 44.205212633149152 ], [ 11.965262307346714, 44.205231334218226 ], [ 11.96534142362542, 44.205246345188982 ], [ 11.965421738380456, 44.205257601201083 ], [ 11.96550290651553, 44.205265054666853 ], [ 11.965584582150418, 44.205268671546548 ], [ 11.965666413877447, 44.205268438655693 ], [ 11.965748051970792, 44.205264355408964 ], [ 11.965829146077008, 44.205256439276958 ], [ 11.965909348897625, 44.205244723911996 ], [ 11.965988318747307, 44.205229260903842 ], [ 11.966032620396614, 44.205218800143129 ], [ 11.966168505325912, 44.205184665608797 ], [ 11.966290553539112, 44.205239639341961 ], [ 11.966351899007853, 44.205271908194092 ], [ 11.966364883266019, 44.2052786462813 ], [ 11.966433013910066, 44.2053111652666 ], [ 11.966434124876121, 44.205311657510578 ], [ 11.966628553969137, 44.205397792618314 ], [ 11.966651347036391, 44.205407650024021 ], [ 11.966747377018489, 44.205448188180135 ], [ 11.966973860684734, 44.205557928901811 ], [ 11.967280407576343, 44.205707189988892 ], [ 11.967310855463499, 44.205758951849724 ], [ 11.967312551576324, 44.205761820956361 ], [ 11.96766689698671, 44.206358239286665 ], [ 11.967662930111413, 44.206369075372251 ], [ 11.967647311946294, 44.206426879966735 ], [ 11.967636976556168, 44.206485297871069 ], [ 11.967631970306012, 44.206544079214936 ], [ 11.96763231578524, 44.206602972774377 ], [ 11.967633059966651, 44.206617476860188 ], [ 11.967638754743131, 44.206676230080369 ], [ 11.96764579932613, 44.206716584600393 ], [ 11.967649633558574, 44.206735157338272 ], [ 11.967653613235676, 44.206753166181016 ], [ 11.967669913344949, 44.206810887199858 ], [ 11.96769142585995, 44.206867718988065 ], [ 11.967718056355906, 44.206923421560511 ], [ 11.967749692871084, 44.206977753460066 ], [ 11.96778619882118, 44.207030483620038 ], [ 11.967827419022573, 44.207081384934895 ], [ 11.96787246221322, 44.207129527970466 ], [ 11.967885176078349, 44.207142214326801 ], [ 11.968452318980487, 44.207726842742325 ], [ 11.968582207871552, 44.207862686442347 ], [ 11.968598572531038, 44.207879390989397 ], [ 11.968599299355368, 44.207880114237405 ], [ 11.968886880529492, 44.208166108744877 ], [ 11.96890760537199, 44.208187087777901 ], [ 11.968928450985439, 44.208211897721633 ], [ 11.968974155707349, 44.208260735882838 ], [ 11.969024202874053, 44.208307319173976 ], [ 11.969078379556912, 44.20835144865152 ], [ 11.969136453165195, 44.208392934766835 ], [ 11.969198174004521, 44.20843159912193 ], [ 11.969263277866274, 44.208467277126935 ], [ 11.969331489740942, 44.208499817027381 ], [ 11.96940251246081, 44.208529076511631 ], [ 11.969476043298716, 44.208554933221421 ], [ 11.969551768664974, 44.208577275831161 ], [ 11.969629362952613, 44.208596006776489 ], [ 11.969708496213013, 44.20861104752138 ], [ 11.969720312246086, 44.208612955658943 ], [ 11.969730853366743, 44.208614618280485 ], [ 11.969799366357114, 44.208623995929479 ], [ 11.969880552260031, 44.208631479071769 ], [ 11.969962244177081, 44.208635126542553 ], [ 11.970044091833525, 44.208634922443927 ], [ 11.970125717899263, 44.208630863121073 ], [ 11.970206717927059, 44.208622955359438 ], [ 11.970286828785776, 44.208611247464539 ], [ 11.970350441707524, 44.208599095305409 ], [ 11.970391131326831, 44.208606472726707 ], [ 11.970431238746325, 44.208613228796352 ], [ 11.970436710710363, 44.208614141495374 ], [ 11.970516932981242, 44.208625405300403 ], [ 11.970598008307617, 44.20863286562647 ], [ 11.970679589599925, 44.20863649027789 ], [ 11.970761325366158, 44.208636264284429 ], [ 11.970822703722321, 44.208634647155222 ], [ 11.97087065491888, 44.2086327178367 ], [ 11.97091752354488, 44.208630181187516 ], [ 11.970951115328848, 44.208628033188795 ], [ 11.97103211146737, 44.20862012395223 ], [ 11.971112217133809, 44.208608414613494 ], [ 11.971187459966487, 44.208593755656018 ], [ 11.971248242181945, 44.208580434367171 ], [ 11.971251866600557, 44.208579635607066 ], [ 11.97130862680835, 44.208565979390961 ], [ 11.971332805982266, 44.208559693512449 ], [ 11.971375000492582, 44.208576549626613 ], [ 11.971394758773052, 44.208583925080212 ], [ 11.971482109095252, 44.20861582444536 ], [ 11.97157634847737, 44.208655352048751 ], [ 11.971583766460562, 44.208658439731387 ], [ 11.971794282408121, 44.208745348138486 ], [ 11.971802956533145, 44.208748896362366 ], [ 11.971959868001559, 44.208812479743138 ], [ 11.971986903221234, 44.208823120439611 ], [ 11.972274475880717, 44.208933010028566 ], [ 11.972275333984248, 44.208933337418522 ], [ 11.972294657353837, 44.208940553178444 ], [ 11.972445094324815, 44.208995534386176 ], [ 11.972746862392338, 44.209115343180414 ], [ 11.972753400213836, 44.209131136187445 ], [ 11.972754709199387, 44.209134176761296 ], [ 11.972806030544398, 44.209252643907185 ], [ 11.972822098112918, 44.209287248377706 ], [ 11.972858433050737, 44.209360528142064 ], [ 11.972867685395327, 44.209378576258345 ], [ 11.972882298700528, 44.209404917692723 ], [ 11.972962954191381, 44.209543893302694 ], [ 11.972967088279299, 44.209554164913968 ], [ 11.972973119128932, 44.209568691921582 ], [ 11.972999757097543, 44.209624385763043 ], [ 11.973031396202945, 44.209678708773943 ], [ 11.973041155479557, 44.209693674521482 ], [ 11.97307448610702, 44.209743593532622 ], [ 11.973090547052347, 44.209766784156919 ], [ 11.97312174014394, 44.209810247501231 ], [ 11.973123873214057, 44.209813207428859 ], [ 11.973291436234726, 44.210044553482476 ], [ 11.973294437462997, 44.210048673275068 ], [ 11.973496934700258, 44.210324701098905 ], [ 11.973502488988876, 44.210332185990282 ], [ 11.973505774161207, 44.2103365340257 ], [ 11.973647566381461, 44.210522985961312 ], [ 11.97365201584249, 44.210528785926506 ], [ 11.973824371666588, 44.210751482978118 ], [ 11.973944858074013, 44.210912201470343 ], [ 11.973945252156621, 44.210912726230553 ], [ 11.9739469735461, 44.210915011057082 ], [ 11.974300524650562, 44.211382715064154 ], [ 11.97441490737998, 44.211536966286651 ], [ 11.974416137393357, 44.211538620844706 ], [ 11.974875972091604, 44.212155602146012 ], [ 11.975061643689815, 44.212417352392357 ], [ 11.975030613102753, 44.212643108411712 ], [ 11.974973543899987, 44.213046202859516 ], [ 11.97488896639976, 44.213630870201413 ], [ 11.974863817757871, 44.213778281087379 ], [ 11.974860105575699, 44.213802820588846 ], [ 11.974855039403913, 44.213861582456602 ], [ 11.974854894664821, 44.213865453596327 ], [ 11.974854246081954, 44.21388419982047 ], [ 11.974832566090202, 44.21400816108671 ], [ 11.974830978860199, 44.21401763944943 ], [ 11.974825995620879, 44.214048807734862 ], [ 11.974761419656298, 44.214045968325721 ], [ 11.974743064370301, 44.214045680166414 ], [ 11.974739195050363, 44.214045401136438 ], [ 11.974732653926621, 44.214044941151457 ], [ 11.974717837001158, 44.214043993780507 ], [ 11.974651038045868, 44.214040008528251 ], [ 11.974625937916866, 44.21403763046046 ], [ 11.974577021833571, 44.214026191141805 ], [ 11.974530553356413, 44.213988710882617 ], [ 11.974472476245435, 44.213947226980437 ], [ 11.974417220501939, 44.213912382295973 ], [ 11.974383218063032, 44.213892179613843 ], [ 11.974376749521275, 44.21388836135656 ], [ 11.97431164118748, 44.213852686649567 ], [ 11.974243429984158, 44.21382015000264 ], [ 11.974242335290958, 44.213819665651279 ], [ 11.974191725132112, 44.213797255900388 ], [ 11.974121795511497, 44.213768484058079 ], [ 11.974048250889126, 44.213742633578796 ], [ 11.973972508240085, 44.213720298146313 ], [ 11.973894894371051, 44.213701573475049 ], [ 11.97381574429528, 44.213686539787588 ], [ 11.973788116524323, 44.213682217718336 ], [ 11.973712398907372, 44.213671014946435 ], [ 11.973659678611833, 44.213664058197651 ], [ 11.973592169259101, 44.213657571527413 ], [ 11.973516466953457, 44.213651800114164 ], [ 11.973442038530543, 44.213644865893116 ], [ 11.973260306139913, 44.213620873167464 ], [ 11.973233800855336, 44.213617585090098 ], [ 11.973152598784379, 44.213610108403564 ], [ 11.973093007946877, 44.213607072036545 ], [ 11.973054299002698, 44.213605767245525 ], [ 11.973003470110866, 44.213599936123558 ], [ 11.972980923927453, 44.213597501835551 ], [ 11.97289923963034, 44.213589224908688 ], [ 11.972891875132246, 44.213588032603454 ], [ 11.972854829675537, 44.213565448851824 ], [ 11.972789712747065, 44.213529775168404 ], [ 11.972721489138134, 44.213497239571701 ], [ 11.972688783914029, 44.213483217483706 ], [ 11.972643035923998, 44.213464276113477 ], [ 11.972615848321562, 44.213453341684904 ], [ 11.972573960516524, 44.213436983635376 ], [ 11.972562816468093, 44.213432683178247 ], [ 11.972489272963003, 44.213406830680519 ], [ 11.972413532627421, 44.213384494075541 ], [ 11.972363967654166, 44.213372065594235 ], [ 11.972296299966986, 44.213356236720905 ], [ 11.972232307717714, 44.213340426287942 ], [ 11.972184778637482, 44.213329440304328 ], [ 11.972146491190278, 44.213321667827984 ], [ 11.972140571613645, 44.213320539097516 ], [ 11.972116930321409, 44.213296143886154 ], [ 11.972066877350578, 44.2132495604626 ], [ 11.972012694870513, 44.213205432712492 ], [ 11.971954614164391, 44.213163947483963 ], [ 11.971892885018928, 44.213125284958238 ], [ 11.971827771636999, 44.213089608803962 ], [ 11.971782514826105, 44.213067509241895 ], [ 11.971763403083306, 44.21305861047837 ], [ 11.971740442337358, 44.21304817279497 ], [ 11.971669410214623, 44.21301891418409 ], [ 11.971595870120082, 44.212993060091854 ], [ 11.971520135620933, 44.212970720925696 ], [ 11.971442529739544, 44.212951991577484 ], [ 11.971363386264127, 44.212936953203048 ], [ 11.97128304466286, 44.212925670612599 ], [ 11.971201847556534, 44.212918191416627 ], [ 11.971151559726456, 44.212915492167255 ], [ 11.971130987422098, 44.212914687104842 ], [ 11.97109957097403, 44.212913742713006 ], [ 11.971017709792044, 44.21291395051496 ], [ 11.970936040102728, 44.212918007656135 ], [ 11.970869112989298, 44.212924235563868 ], [ 11.970822712447234, 44.212929472360209 ], [ 11.970818302359422, 44.212929989230872 ], [ 11.970818245558865, 44.212917841176861 ], [ 11.970812623450708, 44.212859103202362 ], [ 11.970801671343217, 44.212800755241659 ], [ 11.970785436655005, 44.212743048991435 ], [ 11.97076398908545, 44.212686230311085 ], [ 11.970737420770016, 44.212630543730768 ], [ 11.970717669578208, 44.212595419056235 ], [ 11.970637423701401, 44.212460937735578 ], [ 11.970625601489376, 44.212441744784691 ], [ 11.970592156608305, 44.2123930604943 ], [ 11.97054262561347, 44.212322292630702 ], [ 11.970526551887993, 44.212300098769788 ], [ 11.970524145931241, 44.212296903110378 ], [ 11.970412331729019, 44.21214906644903 ], [ 11.97028113316059, 44.211973668692849 ], [ 11.970168513717175, 44.211821495125747 ], [ 11.970046570624902, 44.211654679137602 ], [ 11.9699433338226, 44.211508009586723 ], [ 11.969928558386714, 44.21148766560524 ], [ 11.969910460082852, 44.211464337331741 ], [ 11.969803898645718, 44.211331640034636 ], [ 11.969788849938476, 44.211313402313323 ], [ 11.969676490693226, 44.211180873688853 ], [ 11.969670007298962, 44.211173308826233 ], [ 11.969482318612311, 44.210956768521577 ], [ 11.96948078914094, 44.2109550095348 ], [ 11.969458435648903, 44.210930263565793 ], [ 11.969354864624719, 44.210819619572199 ], [ 11.969349789236146, 44.210814237285447 ], [ 11.969345104247303, 44.210809310380561 ], [ 11.969021981173286, 44.210469296609077 ], [ 11.968923928034508, 44.210360481553352 ], [ 11.968711874002761, 44.210106913169447 ], [ 11.968699922029897, 44.210092910668337 ], [ 11.968617517367965, 44.20999833704338 ], [ 11.968588140087443, 44.20996434018376 ], [ 11.968585731370986, 44.2099615658299 ], [ 11.968540026837987, 44.209912727540164 ], [ 11.96848997613643, 44.209866144122756 ], [ 11.968435799696502, 44.209822014368015 ], [ 11.968377828742055, 44.20978059901433 ], [ 11.968363858959265, 44.209771249248824 ], [ 11.968302084803772, 44.209732549348892 ], [ 11.968236978839368, 44.209696870801054 ], [ 11.968168766180179, 44.20966433111434 ], [ 11.968097742674168, 44.209635070812709 ], [ 11.968024211066194, 44.20960921314915 ], [ 11.967948484959738, 44.209586870345319 ], [ 11.967870888631191, 44.209568138182448 ], [ 11.967791754533449, 44.209553096048737 ], [ 11.967711422110426, 44.209541808766389 ], [ 11.967630235238698, 44.209534324835737 ], [ 11.967571257853326, 44.209531303480894 ], [ 11.967293662905737, 44.20920851435168 ], [ 11.967289855649367, 44.209204113784466 ], [ 11.967244151599536, 44.209155274912654 ], [ 11.967194103883614, 44.209108690812755 ], [ 11.967139929179842, 44.209064560349027 ], [ 11.967081856335271, 44.209023073133196 ], [ 11.967020136288733, 44.208984407532128 ], [ 11.966955033240808, 44.208948728129094 ], [ 11.96688682346775, 44.20891618755055 ], [ 11.966815801531254, 44.208886925446485 ], [ 11.966742271448464, 44.208861065951588 ], [ 11.96666654687836, 44.208838723094516 ], [ 11.966588951966694, 44.208819989054426 ], [ 11.966509820501489, 44.208804945904689 ], [ 11.966429489393303, 44.208793657617541 ], [ 11.96634830500939, 44.208786172650264 ], [ 11.966266613126765, 44.208782522331724 ], [ 11.966184764018193, 44.208782723472183 ], [ 11.966103107335853, 44.208786774851987 ], [ 11.966021976320006, 44.208794670150866 ], [ 11.965941734112384, 44.208806364592519 ], [ 11.965862726164353, 44.208821807422261 ], [ 11.965785289943254, 44.208840933603483 ], [ 11.96570975605672, 44.208863660187752 ], [ 11.965636448377071, 44.208889889920968 ], [ 11.965565682824465, 44.208919512168499 ], [ 11.965497759722981, 44.208952398549222 ], [ 11.965432971507031, 44.208988409104407 ], [ 11.965371592580889, 44.209027387979106 ], [ 11.965313889521447, 44.209069169543561 ], [ 11.965260107255144, 44.209113575948699 ], [ 11.965210477764318, 44.209160416058921 ], [ 11.965165212691153, 44.209209488298519 ], [ 11.965124504678721, 44.209260583332579 ], [ 11.965088528587996, 44.209313483141614 ], [ 11.965057441466801, 44.209367960119991 ], [ 11.965031372688053, 44.209423780871177 ], [ 11.965010435214197, 44.209480706896443 ], [ 11.964994720604304, 44.209538494689291 ], [ 11.964984294020805, 44.209596895830089 ], [ 11.96497920184253, 44.209655660450281 ], [ 11.964979466671432, 44.209714537326988 ], [ 11.964985084805006, 44.209773273028702 ], [ 11.964996033942004, 44.209831618084344 ], [ 11.965012268034316, 44.209889322570014 ], [ 11.965033716038471, 44.209946136132736 ], [ 11.965060287280075, 44.210001818714574 ], [ 11.965091869864244, 44.210056130659176 ], [ 11.965128323403357, 44.210108839164697 ], [ 11.965165688147854, 44.210155319137115 ], [ 11.965812605001288, 44.210907167720521 ], [ 11.965884785867891, 44.210991838782057 ], [ 11.965898628670121, 44.211010062033949 ], [ 11.965936531957031, 44.211056584728787 ], [ 11.965982262250932, 44.211105411888475 ], [ 11.966032339065013, 44.211151984235904 ], [ 11.966086548160078, 44.211196101042447 ], [ 11.966144633568927, 44.211237583120003 ], [ 11.966206356765696, 44.211276250047668 ], [ 11.966271464491802, 44.211311928901232 ], [ 11.966339633703276, 44.211344487774653 ], [ 11.966410609229689, 44.211373770921377 ], [ 11.966484103034409, 44.211399647576599 ], [ 11.966559796494092, 44.211422005599054 ], [ 11.966637367828271, 44.211440750048872 ], [ 11.966643816507766, 44.211442127967011 ], [ 11.966655467248046, 44.211444590801271 ], [ 11.966728134077673, 44.211458265277734 ], [ 11.966808456676297, 44.211469558040882 ], [ 11.966889640042618, 44.211477045417219 ], [ 11.966951960608169, 44.211480177862747 ], [ 11.967279151307684, 44.211825161699352 ], [ 11.967281423430361, 44.211827559773006 ], [ 11.967370093503749, 44.211922453869448 ], [ 11.967542676607085, 44.212121916462237 ], [ 11.967644025211607, 44.212241650993434 ], [ 11.967725876528181, 44.212343682934105 ], [ 11.967817770661116, 44.212474407102434 ], [ 11.96782658941876, 44.212486715400686 ], [ 11.967954398967921, 44.212661746507422 ], [ 11.967957394716834, 44.212665823244016 ], [ 11.968072745771387, 44.212821817376017 ], [ 11.968075353400947, 44.212825323205429 ], [ 11.968140588839187, 44.212912595485406 ], [ 11.968131517831397, 44.212928467655111 ], [ 11.968105393891021, 44.212984313555097 ], [ 11.96808440163713, 44.213041264572567 ], [ 11.968068632652125, 44.213099078100505 ], [ 11.968058153274956, 44.213157503891303 ], [ 11.968053011121819, 44.213216292052039 ], [ 11.968053226316778, 44.213275192308821 ], [ 11.968058798887951, 44.213333951159917 ], [ 11.968069706425718, 44.213392316430991 ], [ 11.968085901679183, 44.213450040027006 ], [ 11.968107314803904, 44.213506870672624 ], [ 11.968133856385768, 44.213562569191176 ], [ 11.968165413230508, 44.213616895052439 ], [ 11.968168367763573, 44.213621513847535 ], [ 11.968261204156137, 44.213765502763337 ], [ 11.96816514913286, 44.213797127774875 ], [ 11.967434239365287, 44.21403084266948 ], [ 11.967032982331633, 44.21415297929078 ], [ 11.967010624546605, 44.214159969291536 ], [ 11.965956761991329, 44.214498287416511 ], [ 11.965923514184622, 44.214478155205306 ], [ 11.96585829098427, 44.214442523462758 ], [ 11.965789948410253, 44.214410036146106 ], [ 11.965718782298337, 44.214380832884082 ], [ 11.965645095444541, 44.214355037837542 ], [ 11.965569203939411, 44.214332762285977 ], [ 11.965491430802993, 44.214314101139699 ], [ 11.965412108605713, 44.214299136498809 ], [ 11.965331576692808, 44.214287929586675 ], [ 11.965250180308704, 44.214280531592252 ], [ 11.965168266449266, 44.214276972020983 ], [ 11.965086186699859, 44.214277268564565 ], [ 11.965004289435914, 44.214281418227372 ], [ 11.964922926374784, 44.214289406223777 ], [ 11.964842443466049, 44.214301195325 ], [ 11.964763186288105, 44.214316737484729 ], [ 11.964685494776285, 44.214335965819615 ], [ 11.964609698354057, 44.214358798310236 ], [ 11.964536122174778, 44.214385137682505 ], [ 11.964465080818474, 44.21441486972288 ], [ 11.964396879757407, 44.214447869565554 ], [ 11.964331808835809, 44.214483993696383 ], [ 11.964270146386864, 44.214523090700688 ], [ 11.964212157581514, 44.21456498956649 ], [ 11.964158091148699, 44.214609513278639 ], [ 11.96410817781703, 44.21465646982675 ], [ 11.964062630562699, 44.214705659417646 ], [ 11.964021645702754, 44.214756869943649 ], [ 11.963985398118833, 44.214809883388 ], [ 11.96395404734321, 44.214864471198773 ], [ 11.96392772276541, 44.214920399981807 ], [ 11.963906539797414, 44.214977429390096 ], [ 11.963890591290584, 44.215035316797099 ], [ 11.963879944852644, 44.215093811934395 ], [ 11.963874645653824, 44.215152665860245 ], [ 11.963874718706281, 44.215211624601025 ], [ 11.963880164149508, 44.215270437360026 ], [ 11.963890964429659, 44.215328847359963 ], [ 11.963907259419242, 44.215386526277932 ], [ 11.963928782413575, 44.215443309562303 ], [ 11.963955443982005, 44.215498957131565 ], [ 11.963967528596076, 44.215520852216976 ], [ 11.964244389351968, 44.21600398438607 ], [ 11.964263985818048, 44.216036361574773 ], [ 11.964300550953984, 44.216089026570124 ], [ 11.964341844737969, 44.216139857218529 ], [ 11.964387693588986, 44.216188636682276 ], [ 11.964437899236456, 44.216235156710447 ], [ 11.964492246179052, 44.216279216595538 ], [ 11.96455050187042, 44.216320628582857 ], [ 11.964612417874704, 44.216359215142397 ], [ 11.964677727431665, 44.216394810819281 ], [ 11.964746154257213, 44.216427263871601 ], [ 11.964817401215392, 44.216456433778589 ], [ 11.964891165515457, 44.21648219726783 ], [ 11.964967131036282, 44.216504443047953 ], [ 11.965044972164273, 44.21652307444247 ], [ 11.965124358973183, 44.216538014704398 ], [ 11.965204946896552, 44.216549197288728 ], [ 11.965286394576767, 44.216556576339798 ], [ 11.965368351072016, 44.216560117912344 ], [ 11.965450467339638, 44.216559806971084 ], [ 11.965532391212124, 44.216555646583785 ], [ 11.96561377345307, 44.216547652393622 ], [ 11.965694263012342, 44.216535859926303 ], [ 11.96577351932349, 44.216520318943957 ], [ 11.9658511986656, 44.216501096410155 ], [ 11.965916373799361, 44.216481719411355 ], [ 11.968018280428296, 44.21580700698447 ], [ 11.968418828208597, 44.215685070662673 ], [ 11.968439562983217, 44.215678600149282 ], [ 11.969187377078203, 44.215439426245382 ], [ 11.969199747317411, 44.215435411307439 ], [ 11.969742238720373, 44.215256761420918 ], [ 11.969774421373087, 44.215245764499848 ], [ 11.969916474788999, 44.215195435011744 ], [ 11.969934590884829, 44.215188885848782 ], [ 11.970343525389335, 44.215038070143734 ], [ 11.970651431467754, 44.214929111947086 ], [ 11.97065703547876, 44.214927280526751 ], [ 11.970685339099843, 44.214940214137457 ], [ 11.970699400103385, 44.214946546894161 ], [ 11.970770440259804, 44.214975802395166 ], [ 11.970843989975709, 44.21500165508057 ], [ 11.97091973556091, 44.21502399182652 ], [ 11.970941316483934, 44.215029607820888 ], [ 11.970994256902239, 44.215042992225662 ], [ 11.971050291875187, 44.215056101252557 ], [ 11.97112944682728, 44.215071136058796 ], [ 11.971198660800907, 44.215081084116925 ], [ 11.971243739662455, 44.215086618607103 ], [ 11.971254880117462, 44.215087948526325 ], [ 11.971336091430333, 44.21509542383685 ], [ 11.971379013373946, 44.215097816535412 ], [ 11.971437011197764, 44.215100329384796 ], [ 11.971441952326929, 44.215100536734042 ], [ 11.971485298227035, 44.215123794134144 ], [ 11.971509354499196, 44.215136128984675 ], [ 11.971510511597289, 44.215136720434408 ], [ 11.971578740171886, 44.21516925490878 ], [ 11.97164978231031, 44.215198509775782 ], [ 11.971723335151577, 44.215224359979757 ], [ 11.971799083847532, 44.215246695127966 ], [ 11.971876702811318, 44.215265419466853 ], [ 11.971883292888545, 44.215266824144706 ], [ 11.971932490243606, 44.215277206584268 ], [ 11.971991396722697, 44.215288522964848 ], [ 11.972082333167071, 44.215304296423596 ], [ 11.972095993294642, 44.215306607662527 ], [ 11.972136371084066, 44.215312766166264 ], [ 11.972251066390221, 44.215328847998592 ], [ 11.972398718641831, 44.21535278909456 ], [ 11.972474254077007, 44.215363289932597 ], [ 11.972499126198239, 44.215365996733013 ], [ 11.97262010414307, 44.215378261649654 ], [ 11.972728508577953, 44.215390707955379 ], [ 11.972807385707561, 44.215397922518065 ], [ 11.972866979708819, 44.215400960817433 ], [ 11.972891024467613, 44.215401772537241 ], [ 11.97294061958457, 44.215408327271753 ], [ 11.97294419262459, 44.215410731135108 ], [ 11.973005885196034, 44.215449434309825 ], [ 11.973070964650624, 44.215485148249158 ], [ 11.973139154655049, 44.215517720332024 ], [ 11.973169492132797, 44.215530781456792 ], [ 11.973287933528677, 44.215580148373938 ], [ 11.973328599584992, 44.215596378734602 ], [ 11.97340211747561, 44.215622263608033 ], [ 11.973409377837328, 44.215624591851537 ], [ 11.973478761249234, 44.215646644598046 ], [ 11.973542834459492, 44.215667316173878 ], [ 11.97359671263877, 44.215683619679005 ], [ 11.973687211897147, 44.215709231585414 ], [ 11.973708063373218, 44.215714977272732 ], [ 11.973757797704971, 44.215727466854716 ], [ 11.973900119003074, 44.215760802075124 ], [ 11.973927969862711, 44.215767068497648 ], [ 11.97398076681014, 44.215777560058036 ], [ 11.97406076740292, 44.215792106528184 ], [ 11.974087099468026, 44.215796676937764 ], [ 11.974166109668932, 44.215807828489055 ], [ 11.974222632890887, 44.2158144536645 ], [ 11.974221724455754, 44.215823083694559 ], [ 11.974220044224277, 44.215844840124156 ], [ 11.974218691930313, 44.215867483426777 ], [ 11.974218880592245, 44.215926441893352 ], [ 11.974224423183028, 44.215985260509427 ], [ 11.974235293550878, 44.216043688075452 ], [ 11.974251446912202, 44.216101476452238 ], [ 11.974266811315623, 44.216143807250809 ], [ 11.974273051195006, 44.216159436169733 ], [ 11.974279050777989, 44.216174003335205 ], [ 11.974305538417731, 44.21622977076543 ], [ 11.974337031482627, 44.2162841672355 ], [ 11.974373399549055, 44.216336960668883 ], [ 11.974398707495137, 44.21636925070343 ], [ 11.974416180636778, 44.2163905097322 ], [ 11.974431958069006, 44.216409183946567 ], [ 11.974477582092433, 44.216458100479805 ], [ 11.974518871047255, 44.216497095733985 ], [ 11.974561837082314, 44.216535460007854 ], [ 11.97457051741066, 44.21654312344269 ], [ 11.974586811990967, 44.216557060571574 ], [ 11.974604628601321, 44.216571989929513 ], [ 11.974639711194103, 44.216610094755957 ], [ 11.974653744991585, 44.216625011357095 ], [ 11.974697950346858, 44.216671000306341 ], [ 11.974714044621996, 44.216693306769791 ], [ 11.974755123222449, 44.2167442755213 ], [ 11.974799970442081, 44.21679242184441 ], [ 11.97482724356515, 44.21681975587147 ], [ 11.974873554763871, 44.216871619957018 ], [ 11.974904286249972, 44.216904429022804 ], [ 11.975017979989213, 44.217020234064869 ], [ 11.975198607208204, 44.217205974101191 ], [ 11.975366732263092, 44.217381005478451 ], [ 11.975723981736264, 44.217753143089922 ], [ 11.975954627628514, 44.21799831771235 ], [ 11.975974934065022, 44.218019260846866 ], [ 11.976016369564858, 44.218058420496774 ], [ 11.976026222840426, 44.218069465220744 ], [ 11.976064232468438, 44.2181097600863 ], [ 11.976114180390132, 44.218156442763529 ], [ 11.976115585629621, 44.218157668146596 ], [ 11.976283619050614, 44.218303994591729 ], [ 11.976305693014606, 44.218325073568188 ], [ 11.976287524870367, 44.218352875597681 ], [ 11.976256371207251, 44.218407427290096 ], [ 11.97625384429201, 44.21841234339994 ], [ 11.976226322150065, 44.218466359448279 ], [ 11.97621456384125, 44.218490488457199 ], [ 11.976135159089818, 44.218661141301979 ], [ 11.976131708049069, 44.218668665964394 ], [ 11.976064588080369, 44.218817238378421 ], [ 11.976014499216083, 44.21891192706682 ], [ 11.975913826821511, 44.219086439317373 ], [ 11.975739636270287, 44.219385535853938 ], [ 11.975728561985733, 44.219405217741723 ], [ 11.975608408899255, 44.219626250607845 ], [ 11.975535170262553, 44.219757372708514 ], [ 11.975527652173339, 44.219771161700635 ], [ 11.975504026034422, 44.219815562236377 ], [ 11.975500025893087, 44.219823179426569 ], [ 11.97548954784566, 44.219844213048546 ], [ 11.975414667936402, 44.220000607211801 ], [ 11.975274192085831, 44.22025070662653 ], [ 11.975250679050497, 44.220289357411751 ], [ 11.975224407600162, 44.220336061798058 ], [ 11.975223009750636, 44.220338772287988 ], [ 11.97514606861461, 44.220370271192024 ], [ 11.975101075324414, 44.220389601423769 ], [ 11.975098468924077, 44.220390778749234 ], [ 11.975021078132883, 44.220425824305011 ], [ 11.974955832427026, 44.220457479160657 ], [ 11.974891108939479, 44.220493437142665 ], [ 11.974829797370532, 44.220532368488435 ], [ 11.974815805606491, 44.220542004599366 ], [ 11.97476401094292, 44.220578236760403 ], [ 11.974720363236276, 44.220610336196501 ], [ 11.974699888259664, 44.220626558685247 ], [ 11.974650826498621, 44.220666396896533 ], [ 11.974617583971876, 44.220694534388748 ], [ 11.974568015569872, 44.220741330463703 ], [ 11.974522808041822, 44.220790363754247 ], [ 11.974500645999948, 44.220817233772216 ], [ 11.974469436126489, 44.220856620033125 ], [ 11.974450946570261, 44.220880809313904 ], [ 11.974415023263424, 44.220933676635276 ], [ 11.974383984070586, 44.220988124392562 ], [ 11.974361011875354, 44.221036701674819 ], [ 11.974326733328708, 44.221116595412646 ], [ 11.974323682356021, 44.221123814671671 ], [ 11.97430278558576, 44.221180720628958 ], [ 11.974289159024853, 44.221229628722533 ], [ 11.974270175201964, 44.221309137349905 ], [ 11.974268124229926, 44.221318001102681 ], [ 11.974257727333498, 44.221376391384354 ], [ 11.97425265748509, 44.221435151137719 ], [ 11.974252938466703, 44.221494028214948 ], [ 11.974256489596225, 44.221536665011293 ], [ 11.97427197159513, 44.22166967794265 ], [ 11.974275324702909, 44.221736439816354 ], [ 11.974278754593131, 44.221772242527088 ], [ 11.97422985401314, 44.221782804007404 ], [ 11.973979441132135, 44.221835698321819 ], [ 11.973965850571508, 44.221838629206424 ], [ 11.973911928036868, 44.221851472927085 ], [ 11.973707549622885, 44.221903894271918 ], [ 11.973684112972741, 44.221910096058259 ], [ 11.973644516854554, 44.22192145894811 ], [ 11.972972697486107, 44.222123893590982 ], [ 11.972936834920219, 44.222135177938426 ], [ 11.972929488315224, 44.222137610066277 ], [ 11.972259036252122, 44.22236144146958 ], [ 11.97188481194571, 44.222484942241188 ], [ 11.97178027652067, 44.222518625076162 ], [ 11.971723802235719, 44.222516459534226 ], [ 11.971642011855327, 44.222516584178109 ], [ 11.971560414367094, 44.222520559911466 ], [ 11.971479361413113, 44.22252836832017 ], [ 11.971399197895801, 44.222539976685141 ], [ 11.971320268096145, 44.222555334257379 ], [ 11.971242909587245, 44.222574376884459 ], [ 11.971167454327492, 44.222597022478965 ], [ 11.971094226195202, 44.222623171967392 ], [ 11.971023536243804, 44.222652716597359 ], [ 11.970955689881638, 44.22268552877965 ], [ 11.970922397813437, 44.222703408671606 ], [ 11.970778291158501, 44.222783523193506 ], [ 11.970707045123888, 44.222818396251327 ], [ 11.970679284174393, 44.22283238647298 ], [ 11.970614569716439, 44.222868323426049 ], [ 11.970553265818587, 44.222907233000839 ], [ 11.970545555426069, 44.222912814003351 ], [ 11.97053588242561, 44.222902461823146 ], [ 11.970485865518242, 44.222855831166861 ], [ 11.970431721907753, 44.2228116506258 ], [ 11.970373685470999, 44.22277010880584 ], [ 11.970312003504224, 44.222731385036504 ], [ 11.970246939033576, 44.222695643914385 ], [ 11.970178773467415, 44.222663039763539 ], [ 11.970107797639685, 44.222633710490911 ], [ 11.970034195974247, 44.222607860077488 ], [ 11.969958384688518, 44.222585531128836 ], [ 11.969880702900223, 44.222566812823125 ], [ 11.969801481923797, 44.222551785466401 ], [ 11.969721061251933, 44.222540512971655 ], [ 11.969639787338172, 44.222533043784473 ], [ 11.969558004827508, 44.222529410147231 ], [ 11.969476067761223, 44.222529626984425 ], [ 11.969394324658229, 44.222533693990187 ], [ 11.969313127130272, 44.222541591856135 ], [ 11.969232822608964, 44.222553288724505 ], [ 11.969153755377221, 44.222568733853585 ], [ 11.969076262886318, 44.22258785949176 ], [ 11.969000679656856, 44.222610585314229 ], [ 11.968927329601927, 44.222636813155859 ], [ 11.96890243336426, 44.222646721369074 ], [ 11.968824051518926, 44.222678758808208 ], [ 11.96862731542222, 44.222755979696551 ], [ 11.968601165970853, 44.222766537711585 ], [ 11.968598923638877, 44.222764837364984 ], [ 11.968550321025107, 44.222728055504824 ], [ 11.968494744680028, 44.222688544459551 ], [ 11.968432936823277, 44.222649896858094 ], [ 11.968415609848375, 44.222639939692783 ], [ 11.968332199716221, 44.222592881097768 ], [ 11.968284332663057, 44.22256717598394 ], [ 11.968216028915224, 44.222534656178645 ], [ 11.96814986736077, 44.222507309997695 ], [ 11.968073589286391, 44.222477969038955 ], [ 11.96806863182996, 44.222476073035921 ], [ 11.967995003022423, 44.222450234334154 ], [ 11.967921620433142, 44.22242856688549 ], [ 11.967845794385291, 44.22240816995879 ], [ 11.967843353223996, 44.222407514432426 ], [ 11.967765657618994, 44.222388801131117 ], [ 11.967686423942492, 44.222373778724616 ], [ 11.967605994118349, 44.222362509282533 ], [ 11.967524712162563, 44.222355043107875 ], [ 11.967485737599308, 44.222352830043903 ], [ 11.967360805305272, 44.222347145632114 ], [ 11.967317991586633, 44.222345725258378 ], [ 11.967314193771816, 44.222345651176937 ], [ 11.967024120540795, 44.222340232823441 ], [ 11.966643038884678, 44.222329018018648 ], [ 11.966335872022114, 44.222315682797394 ], [ 11.965997757865637, 44.222300111636102 ], [ 11.96599096911349, 44.222299813658218 ], [ 11.965733308185342, 44.22228901381331 ], [ 11.965584142843523, 44.222272793319966 ], [ 11.965523881712887, 44.222262032110493 ], [ 11.96549638278311, 44.222253276789964 ], [ 11.965360415108703, 44.222200067293031 ], [ 11.965324964826763, 44.222184707479833 ], [ 11.965263472858819, 44.222159735589145 ], [ 11.965189797078509, 44.222133932792651 ], [ 11.965113927348325, 44.222111642938422 ], [ 11.965065837965616, 44.222099609699214 ], [ 11.965013802291422, 44.222087433818011 ], [ 11.964376239299291, 44.221897526129553 ], [ 11.964210616432128, 44.221846171572423 ], [ 11.964149957805846, 44.221828697110013 ], [ 11.964072204473668, 44.221810023655159 ], [ 11.963992918995656, 44.221795038219803 ], [ 11.963912438356303, 44.221783804783492 ], [ 11.963831109030663, 44.221776372712689 ], [ 11.963749279369905, 44.221772773296721 ], [ 11.963667300881164, 44.221773020625726 ], [ 11.963609187188961, 44.221775532227241 ], [ 11.963539164983414, 44.221779732591308 ], [ 11.96351550233541, 44.221781313812578 ], [ 11.963434277340509, 44.221789235569638 ], [ 11.963353954780731, 44.221800951686546 ], [ 11.96327487650453, 44.221816413291393 ], [ 11.963197383679981, 44.221835551679312 ], [ 11.963121805775742, 44.221858284835854 ], [ 11.963048468052088, 44.221884517295138 ], [ 11.962977683884608, 44.221914134872293 ], [ 11.962909758757634, 44.221947011804808 ], [ 11.96284498261875, 44.221983006386566 ], [ 11.962783632530835, 44.222021965428105 ], [ 11.962725970051254, 44.222063720697548 ], [ 11.962672245194151, 44.222108095160564 ], [ 11.962622683729135, 44.222154896905572 ], [ 11.962577502472255, 44.222203927875505 ], [ 11.962536891498088, 44.222254975183276 ], [ 11.962501025778105, 44.222307822618731 ], [ 11.962470058690599, 44.222362243554642 ], [ 11.962444120895865, 44.222418004576276 ], [ 11.962423326671058, 44.222474868067707 ], [ 11.962407761301542, 44.222532588842078 ], [ 11.962397493844007, 44.222590922018966 ], [ 11.962392564393518, 44.222649616048393 ], [ 11.962392996877712, 44.222708421489848 ], [ 11.962398787603512, 44.222767084914146 ], [ 11.962409914274541, 44.222825356852042 ], [ 11.962426323320578, 44.222882986621109 ], [ 11.962447948871723, 44.222939729183814 ], [ 11.962474695093892, 44.222995340069097 ], [ 11.962506450169304, 44.223049582324819 ], [ 11.962543074936251, 44.223102223124371 ], [ 11.962584413031335, 44.223153038085471 ], [ 11.962630289547919, 44.223201808589266 ], [ 11.962680503668958, 44.223248325528289 ], [ 11.962734845021094, 44.223292392605764 ], [ 11.962793072202496, 44.223333819524967 ], [ 11.96285492822933, 44.22337243522901 ], [ 11.962920164761575, 44.223408065791155 ], [ 11.962988501740066, 44.223440559536535 ], [ 11.963059648269708, 44.223469776723718 ], [ 11.963133300246763, 44.223495593197995 ], [ 11.963209139017417, 44.223517897710686 ], [ 11.963286841458869, 44.223536594434691 ], [ 11.963366076265162, 44.223551603937089 ], [ 11.963426061083048, 44.223560369806002 ], [ 11.964099988746842, 44.223761393444569 ], [ 11.964143880685715, 44.223773797138691 ], [ 11.964163272192176, 44.223778846182491 ], [ 11.964343381633697, 44.223849392571367 ], [ 11.964357104919507, 44.223854689702364 ], [ 11.96443074562845, 44.223880509086072 ], [ 11.964435145408334, 44.223881918752497 ], [ 11.96460905481873, 44.223937342436741 ], [ 11.964680483920775, 44.22395824182459 ], [ 11.964758176372149, 44.223976942156241 ], [ 11.964814413102015, 44.223988006522177 ], [ 11.965037225140263, 44.22402786836092 ], [ 11.965060213143781, 44.224031816133667 ], [ 11.965140630703752, 44.224043076971256 ], [ 11.965151978243682, 44.224044352215046 ], [ 11.96541597258202, 44.224073136639255 ], [ 11.965473515607709, 44.224078226325076 ], [ 11.96546441824368, 44.224082656847195 ], [ 11.965347659101816, 44.224121593262971 ], [ 11.96517193574612, 44.224178010040916 ], [ 11.965031215236467, 44.224219979447675 ], [ 11.964895272763147, 44.224267603788213 ], [ 11.964762424564917, 44.224317333523565 ], [ 11.964537711173628, 44.224389591593493 ], [ 11.964306493539587, 44.224462327830558 ], [ 11.964171437339987, 44.224507057506756 ], [ 11.964013536271004, 44.224557679449106 ], [ 11.963887196075451, 44.224594996817089 ], [ 11.963789485691876, 44.224621616473343 ], [ 11.963717082758043, 44.224641556370422 ], [ 11.96367955624928, 44.224655338092155 ], [ 11.964020634695828, 44.225141124799215 ], [ 11.964225730252322, 44.225433755645362 ], [ 11.964575964303512, 44.225947136329673 ], [ 11.964753576160804, 44.226194473887681 ], [ 11.961362876521321, 44.227172149319678 ], [ 11.958332752884839, 44.227521323003536 ], [ 11.958316456901397, 44.227507428579663 ], [ 11.958292664535882, 44.227487553892544 ], [ 11.958254774944832, 44.227457313863439 ], [ 11.958196689627187, 44.227415823191613 ], [ 11.958134954268402, 44.227377153812654 ], [ 11.958069834378051, 44.227341470306349 ], [ 11.958007218773973, 44.227311449038972 ], [ 11.957991675542072, 44.227257300010329 ], [ 11.957970084724192, 44.227200543456853 ], [ 11.957945792491682, 44.227149498765257 ], [ 11.957944305720368, 44.227146655365686 ], [ 11.957968162361219, 44.227095344668292 ], [ 11.957988951512091, 44.227038486964311 ], [ 11.958004515039207, 44.226980768971501 ], [ 11.958013437415062, 44.226932248191609 ], [ 11.958016160122115, 44.226913527223594 ], [ 11.958017511624055, 44.226903715410117 ], [ 11.958022450709096, 44.226845018057197 ], [ 11.958022034929359, 44.226786208019682 ], [ 11.958019296609002, 44.226751741579164 ], [ 11.95801562487998, 44.226717198040916 ], [ 11.958012593677248, 44.226692992529436 ], [ 11.958001496533775, 44.226634709862552 ], [ 11.957985119078822, 44.226577066378759 ], [ 11.957963532254224, 44.226520308821655 ], [ 11.957957332027515, 44.226506286839118 ], [ 11.957998571736494, 44.226466889736933 ], [ 11.9580265752426, 44.226437315967644 ], [ 11.958040945349557, 44.226421466632672 ], [ 11.958058073729937, 44.226402037881861 ], [ 11.95809864101898, 44.226351012360155 ], [ 11.958134481227139, 44.226298179817597 ], [ 11.958148485956064, 44.226274809098172 ], [ 11.95816126328303, 44.226252625303246 ], [ 11.958178207169263, 44.226221586904757 ], [ 11.958198352393707, 44.226179377418816 ], [ 11.958215328957845, 44.226140693751979 ], [ 11.958221108840819, 44.226127150985114 ], [ 11.958241899875345, 44.22607029224271 ], [ 11.958257466650567, 44.226012574101212 ], [ 11.958267768845625, 44.225954022584318 ], [ 11.958275004407742, 44.225898072987782 ], [ 11.958278706180154, 44.225861234082814 ], [ 11.958287479325332, 44.225738994933806 ], [ 11.95828795498114, 44.22573180680358 ], [ 11.958295414980187, 44.225608691215697 ], [ 11.958296120126699, 44.225594459433104 ], [ 11.958295704071864, 44.225535648440975 ], [ 11.958293617571259, 44.225507624400578 ], [ 11.958290820768459, 44.225478560087787 ], [ 11.958287135122371, 44.225447912184045 ], [ 11.958285156559484, 44.225435096911923 ], [ 11.958281428481998, 44.225412430047875 ], [ 11.958272306245213, 44.225366965402415 ], [ 11.958255922758521, 44.225309324728762 ], [ 11.958234327524442, 44.225252570042898 ], [ 11.958207611428566, 44.225196946809042 ], [ 11.958201000160134, 44.225184780153583 ], [ 11.958209390589426, 44.225135185873874 ], [ 11.958213746276474, 44.225088669180252 ], [ 11.958218373480502, 44.225008057670188 ], [ 11.958218957815676, 44.224995876900842 ], [ 11.958218540640603, 44.224937066806774 ], [ 11.958216289606574, 44.224894330315692 ], [ 11.95821051889647, 44.224835659217085 ], [ 11.958199417021396, 44.224777378386925 ], [ 11.958196261369931, 44.224764627738615 ], [ 11.958186700861443, 44.224727545817871 ], [ 11.958173472081162, 44.224682656677167 ], [ 11.958171206921792, 44.224675947013353 ], [ 11.958155112889941, 44.224629072266531 ], [ 11.958129595387222, 44.224550531192179 ], [ 11.958107050950987, 44.224477810436234 ], [ 11.958108931595799, 44.224447503936652 ], [ 11.958108514550435, 44.224388693817474 ], [ 11.958102741547505, 44.224330023638686 ], [ 11.958095649079208, 44.224289750262194 ], [ 11.958090564413748, 44.224265297516425 ], [ 11.958088882243123, 44.224257444665284 ], [ 11.95810510210303, 44.224245132790031 ], [ 11.958158784483565, 44.224200782398903 ], [ 11.958208305721296, 44.224154000840883 ], [ 11.958253456538971, 44.224104987836753 ], [ 11.958269962061397, 44.224085159398456 ], [ 11.95829240326151, 44.224057395569623 ], [ 11.958316484129021, 44.224026188005006 ], [ 11.958352332620462, 44.223973352407945 ], [ 11.958383287198588, 44.223918939390558 ], [ 11.958409218516824, 44.223863184150034 ], [ 11.958430013522346, 44.223806323379684 ], [ 11.958445581945552, 44.223748602363138 ], [ 11.958455008020636, 44.223696577947941 ], [ 11.958459347875987, 44.223665566412812 ], [ 11.958460200900769, 44.223659256132279 ], [ 11.958465141790246, 44.223600557669414 ], [ 11.958464726869677, 44.223541746566944 ], [ 11.958460497541203, 44.223494475403719 ], [ 11.958500137039939, 44.223393214793063 ], [ 11.95850148366104, 44.223389750431807 ], [ 11.958527772232845, 44.22332154348652 ], [ 11.958541801045014, 44.223281557643787 ], [ 11.958557347091695, 44.223223846930203 ], [ 11.95856760133556, 44.22316552168855 ], [ 11.958569957845967, 44.223144729055306 ], [ 11.958575109586354, 44.223091673921417 ], [ 11.958577670468706, 44.223053779330534 ], [ 11.958577230819451, 44.222994978593526 ], [ 11.958576646330007, 44.222985328709761 ], [ 11.958575151786421, 44.222963383727972 ], [ 11.958578385281285, 44.222949622877252 ], [ 11.958586437818566, 44.2229136552385 ], [ 11.958586648995214, 44.22291270942398 ], [ 11.958590596324981, 44.222893644086319 ], [ 11.958593819534336, 44.222888509609753 ], [ 11.958597211435624, 44.222883011995876 ], [ 11.958626538692036, 44.222835048256613 ], [ 11.95865408079907, 44.222786140320146 ], [ 11.958679990418203, 44.22273039348233 ], [ 11.958700762635056, 44.222673542953501 ], [ 11.958716308338504, 44.222615831289446 ], [ 11.958726562355729, 44.222557506908004 ], [ 11.9587313567342, 44.222501868471284 ], [ 11.958733134693208, 44.222460344938938 ], [ 11.958733258758988, 44.222457296095968 ], [ 11.958732818936848, 44.222398494432319 ], [ 11.958730771940603, 44.222359929981053 ], [ 11.958724976386467, 44.222301269189224 ], [ 11.958724869701385, 44.22230052604381 ], [ 11.958715472954241, 44.222236120847782 ], [ 11.958709182773458, 44.222200048855711 ], [ 11.958701091936312, 44.222160210198616 ], [ 11.958696364849363, 44.222138754786911 ], [ 11.958685980368561, 44.222100153881534 ], [ 11.95867872574278, 44.222076029898872 ], [ 11.958672701434075, 44.222057000467515 ], [ 11.958651081270512, 44.222000257942206 ], [ 11.958624339233141, 44.221944645111556 ], [ 11.958592590954758, 44.221890400656733 ], [ 11.958555975539733, 44.221837755597996 ], [ 11.958514644482097, 44.221786938014581 ], [ 11.958503286872217, 44.221774201554133 ], [ 11.958484244357146, 44.22175324388747 ], [ 11.958449738779386, 44.221717204175278 ], [ 11.958399533142847, 44.221670682340125 ], [ 11.958392590193929, 44.22166471687791 ], [ 11.958393830824033, 44.221655647763242 ], [ 11.958398748273558, 44.221596959580715 ], [ 11.958398308883686, 44.221538159679412 ], [ 11.958394855186713, 44.221497435905682 ], [ 11.958391199930668, 44.221466063833745 ], [ 11.958388857271155, 44.221448126782306 ], [ 11.958377731350785, 44.221389857111411 ], [ 11.958361321892069, 44.221332227615704 ], [ 11.958339701048988, 44.221275484114358 ], [ 11.958315404515295, 44.221224501645871 ], [ 11.958295523046885, 44.221186534741243 ], [ 11.95832263209164, 44.221160135995696 ], [ 11.958367765737687, 44.221111129434803 ], [ 11.958408334030477, 44.221060101707188 ], [ 11.958444162126755, 44.22100727263269 ], [ 11.958463600338558, 44.220974303269877 ], [ 11.958478151367073, 44.220948178686363 ], [ 11.958489650170701, 44.220926744209663 ], [ 11.958515557898421, 44.220870997361303 ], [ 11.95851752936295, 44.220866193249215 ], [ 11.958528097566333, 44.220840170958049 ], [ 11.958546899046738, 44.220788123568823 ], [ 11.958562445682904, 44.220730411823901 ], [ 11.958567993686712, 44.220702690922487 ], [ 11.958572597181258, 44.220676825507887 ], [ 11.958577303051493, 44.22064622196045 ], [ 11.958582221497084, 44.220587533702208 ], [ 11.958581781949054, 44.220528733757803 ], [ 11.958575986775172, 44.220470072875649 ], [ 11.958572327966181, 44.220447560701984 ], [ 11.958563857734013, 44.220400580651749 ], [ 11.958556390687139, 44.220364824031471 ], [ 11.958548006643342, 44.220332999990958 ], [ 11.958533374510873, 44.220282461951484 ], [ 11.958525349246976, 44.220256656477595 ], [ 11.958503728702276, 44.220199913865244 ], [ 11.958476986441426, 44.220144300941215 ], [ 11.958445240620669, 44.220090057241563 ], [ 11.958408622848685, 44.220037413928537 ], [ 11.958386563982737, 44.220009346657235 ], [ 11.958356741415493, 44.21997293786 ], [ 11.958337470717391, 44.219950187408713 ], [ 11.958291604264579, 44.219901413890199 ], [ 11.958241400385418, 44.219854891908447 ], [ 11.958217660386415, 44.219834918719954 ], [ 11.95817185092428, 44.21979749561595 ], [ 11.958141260135005, 44.219773398245842 ], [ 11.958103216319838, 44.219745720331744 ], [ 11.95805773975485, 44.219713995981714 ], [ 11.958037585618344, 44.219700233876011 ], [ 11.957975796016884, 44.21966159059194 ], [ 11.95794532669828, 44.219644312803311 ], [ 11.957918414527079, 44.21962953259375 ], [ 11.957921576048163, 44.219622018558454 ], [ 11.95793462755714, 44.219588082802005 ], [ 11.957948477058602, 44.219549110696875 ], [ 11.957956172819859, 44.219526206332098 ], [ 11.957971698761497, 44.219468502233319 ], [ 11.957981940745894, 44.219410183431989 ], [ 11.957986852326753, 44.219351497991681 ], [ 11.957987188152661, 44.219339975010413 ], [ 11.957987747621765, 44.2193127813511 ], [ 11.957981238797815, 44.219206816955001 ], [ 11.957970156886491, 44.219148529184409 ], [ 11.957964550128912, 44.219126503925537 ], [ 11.95794976473462, 44.21907223473314 ], [ 11.95793901116574, 44.219036609574104 ], [ 11.95791744584864, 44.218979843207393 ], [ 11.957890766310348, 44.218924203654602 ], [ 11.957859085770149, 44.218869932350131 ], [ 11.9578341022141, 44.218833012509052 ], [ 11.957802709755905, 44.218789185163502 ], [ 11.957797907821059, 44.218774129014434 ], [ 11.957776343966639, 44.218717361681136 ], [ 11.957749664725034, 44.218661722981629 ], [ 11.957717985656798, 44.218607449795634 ], [ 11.957681443419403, 44.218554774995361 ], [ 11.957640191929356, 44.218503924811742 ], [ 11.957595168840973, 44.218455869371233 ], [ 11.957564855462323, 44.218425658232491 ], [ 11.957532365522365, 44.218392660893585 ], [ 11.957525099903236, 44.218385357278699 ], [ 11.957474984221522, 44.218338798956438 ], [ 11.957420746566942, 44.2182946892448 ], [ 11.957386124144293, 44.218269338918581 ], [ 11.957356477101754, 44.218248470269721 ], [ 11.957338091623615, 44.218232021453758 ], [ 11.957337286778822, 44.218231317648232 ], [ 11.957335150361693, 44.218227224404501 ], [ 11.957332716056282, 44.218222603623474 ], [ 11.957301040134308, 44.218168330242584 ], [ 11.957264499789506, 44.218115654350321 ], [ 11.957223252680558, 44.218064802107619 ], [ 11.957177473663087, 44.218015991231042 ], [ 11.957127359813793, 44.217969431800419 ], [ 11.957073125282434, 44.217925321845186 ], [ 11.957015002632666, 44.217883850025849 ], [ 11.957011373501381, 44.217881434054704 ], [ 11.957008453363231, 44.217867589090375 ], [ 11.957005419190828, 44.217853915879715 ], [ 11.956984884214577, 44.217765741873905 ], [ 11.956984345975528, 44.217763448884661 ], [ 11.956967992014452, 44.217705797253174 ], [ 11.956946433126408, 44.217649028724772 ], [ 11.956925240981644, 44.217603913357422 ], [ 11.956917619959547, 44.217589000586493 ], [ 11.956912906136724, 44.2175753762168 ], [ 11.956894299230754, 44.217527327015446 ], [ 11.956867625083149, 44.217471685258488 ], [ 11.956835953749998, 44.217417410729361 ], [ 11.956799416796303, 44.217364733691333 ], [ 11.956758170628405, 44.217313880329684 ], [ 11.956712396370401, 44.217265069145739 ], [ 11.956662285977693, 44.217218506708292 ], [ 11.956608056246592, 44.217174395508565 ], [ 11.956549938395254, 44.217132921527124 ], [ 11.956488182179049, 44.217094264981867 ], [ 11.956423049309372, 44.217058590529035 ], [ 11.956354822253688, 44.217026048901296 ], [ 11.956283791937642, 44.216996782553004 ], [ 11.956210261119647, 44.216970914770862 ], [ 11.956134545886318, 44.216948556862995 ], [ 11.956056970566816, 44.216929805548467 ], [ 11.955977866361385, 44.21691473937495 ], [ 11.955897572805778, 44.216903425005889 ], [ 11.955816433718164, 44.216895908275859 ], [ 11.95573479501132, 44.216892223253112 ], [ 11.955653009470236, 44.216892385834676 ], [ 11.955571423020888, 44.216896394005225 ], [ 11.955490388616434, 44.216904232086023 ], [ 11.955410251072561, 44.216915865608037 ], [ 11.955331353432806, 44.216931244800413 ], [ 11.955254035720625, 44.216950304613889 ], [ 11.95517862607792, 44.216972961279517 ], [ 11.955105447315447, 44.21699912120615 ], [ 11.955034816542966, 44.217028670161895 ], [ 11.954967032963626, 44.217061481623418 ], [ 11.95490238786093, 44.217097416587336 ], [ 11.954841156954606, 44.217136319203682 ], [ 11.954783604392397, 44.217178023917626 ], [ 11.954729975136795, 44.217222352004285 ], [ 11.954680500020046, 44.21726911327756 ], [ 11.954635388346505, 44.217318108935963 ], [ 11.95459483650775, 44.217369127791414 ], [ 11.954559015653029, 44.217421951012334 ], [ 11.954528081737715, 44.217476353738277 ], [ 11.954502164195318, 44.217532102587143 ], [ 11.954481376047411, 44.217588959072785 ], [ 11.954465807630788, 44.217646678821268 ], [ 11.954455522944672, 44.217705014345945 ], [ 11.954450567202, 44.217763716709321 ], [ 11.954450961805184, 44.217822534715701 ], [ 11.954456704376204, 44.217881215812554 ], [ 11.95446777262493, 44.217939509626362 ], [ 11.954484116766096, 44.217997165398863 ], [ 11.954487068299841, 44.218005884810054 ], [ 11.954508159390331, 44.218066865660319 ], [ 11.954526758323304, 44.218114918099758 ], [ 11.954538339296581, 44.218140547698383 ], [ 11.95459238884866, 44.218396975066725 ], [ 11.95459595815869, 44.218412942293988 ], [ 11.954612303792823, 44.218470597099703 ], [ 11.954633855754761, 44.218527367983341 ], [ 11.954635502590801, 44.21853117731618 ], [ 11.954656331990352, 44.21857898649094 ], [ 11.954671436969191, 44.218618231381505 ], [ 11.95468170034723, 44.218643462698672 ], [ 11.954708367941043, 44.218699105069263 ], [ 11.954740035581887, 44.218753382952798 ], [ 11.954749801089992, 44.218768333916117 ], [ 11.954786490441156, 44.218823193699791 ], [ 11.954813258484217, 44.218860921386586 ], [ 11.954854500348638, 44.218911776437416 ], [ 11.954900275674149, 44.218960590161878 ], [ 11.954950384874099, 44.219007151610136 ], [ 11.955003649204739, 44.219050525840878 ], [ 11.955014355908084, 44.219058700247537 ], [ 11.955058591453286, 44.219094233766135 ], [ 11.955116713926049, 44.219135706645311 ], [ 11.955151203493061, 44.219157919885717 ], [ 11.955208778375296, 44.219193645626405 ], [ 11.955230825522007, 44.219207009915557 ], [ 11.955249652130348, 44.219225552739509 ], [ 11.955254337363453, 44.21923013742731 ], [ 11.955308835042819, 44.219283108587639 ], [ 11.955348718734244, 44.219319845409899 ], [ 11.95536299663104, 44.219332316043499 ], [ 11.955348601365628, 44.219386414218633 ], [ 11.955344964822077, 44.219403891267014 ], [ 11.955337155864408, 44.219444138360274 ], [ 11.955330551415305, 44.219484977988863 ], [ 11.955325643278906, 44.219543661387036 ], [ 11.955326084377988, 44.219602459504188 ], [ 11.955331876106486, 44.219661120619222 ], [ 11.955342991145173, 44.219719393551628 ], [ 11.955347313863795, 44.219736596888211 ], [ 11.955356318428874, 44.219770546622748 ], [ 11.95537370464781, 44.219848420989948 ], [ 11.955382824737612, 44.219913407319126 ], [ 11.955383209505259, 44.219916108264528 ], [ 11.955394069179997, 44.219973304341188 ], [ 11.95540947565463, 44.220038701648157 ], [ 11.955409729909368, 44.220039779411827 ], [ 11.955426122440695, 44.220097415111667 ], [ 11.95544772018693, 44.220154166872639 ], [ 11.955474432373366, 44.22020979102389 ], [ 11.95549162482649, 44.22024043154336 ], [ 11.955526597284708, 44.220299606738479 ], [ 11.955541115990938, 44.220323226766418 ], [ 11.955577690661011, 44.220375888095262 ], [ 11.955607265563939, 44.22041306372877 ], [ 11.955681596643776, 44.220501555500306 ], [ 11.955693303623306, 44.220515218483115 ], [ 11.955738344629218, 44.220563249078467 ], [ 11.955790039647123, 44.220614726573665 ], [ 11.955755753572751, 44.220652600747741 ], [ 11.955715237358179, 44.220703603886001 ], [ 11.955682295425399, 44.220751879520407 ], [ 11.955663940356246, 44.220780954157092 ], [ 11.955661101115155, 44.220785485898389 ], [ 11.955630205890314, 44.2208398718372 ], [ 11.955604331045397, 44.220895601967257 ], [ 11.955583587168611, 44.22095243965201 ], [ 11.955581769240268, 44.220958269238707 ], [ 11.955571593807674, 44.220991425075333 ], [ 11.955557886620165, 44.221043295496727 ], [ 11.955547646839298, 44.221101612100263 ], [ 11.95554439981389, 44.221132438750878 ], [ 11.955540788948213, 44.22117686739108 ], [ 11.955539126737701, 44.221204725001428 ], [ 11.955539569355398, 44.221263523019914 ], [ 11.955540781461549, 44.221286376416238 ], [ 11.955546572370901, 44.221345037467131 ], [ 11.955557686776602, 44.221403311225821 ], [ 11.955574077412814, 44.221460947789815 ], [ 11.955595675882346, 44.22151770036087 ], [ 11.955616492403108, 44.221562011041371 ], [ 11.955596913148213, 44.221616018393789 ], [ 11.955596070493716, 44.221618699184994 ], [ 11.955580767793835, 44.221667720074279 ], [ 11.955566086419111, 44.221722739240029 ], [ 11.955555846540086, 44.221781055815057 ], [ 11.955552599642917, 44.221811886958093 ], [ 11.955545377918588, 44.22190074599547 ], [ 11.955543715480985, 44.221928597279998 ], [ 11.955543280450399, 44.221946833952146 ], [ 11.955542352548783, 44.222041826939837 ], [ 11.955543230195232, 44.222082387349722 ], [ 11.95554701930668, 44.222153802566289 ], [ 11.955552809143301, 44.22221246540488 ], [ 11.955563923743565, 44.222270739124298 ], [ 11.955580315902688, 44.222328375625253 ], [ 11.955601912197555, 44.222385127302303 ], [ 11.955628623220962, 44.222440754067854 ], [ 11.955631326674675, 44.222445791093456 ], [ 11.955651178978053, 44.222482470760269 ], [ 11.955680186842431, 44.222531693259761 ], [ 11.955716759415981, 44.222584356320077 ], [ 11.955758040559115, 44.222635195748254 ], [ 11.95580384918161, 44.222683993932961 ], [ 11.955853994542775, 44.222730543368108 ], [ 11.955898572602976, 44.22276718685869 ], [ 11.955923473529893, 44.222786574807849 ], [ 11.955933159583228, 44.222794031323176 ], [ 11.955991290739123, 44.222835480947175 ], [ 11.956011925900134, 44.222849263220908 ], [ 11.95606858736007, 44.222884892916461 ], [ 11.956069456307938, 44.222926245537245 ], [ 11.956070040342089, 44.222935894535631 ], [ 11.956071514240174, 44.222957556659928 ], [ 11.956041908087524, 44.223033336690314 ], [ 11.95603897296802, 44.223040980788831 ], [ 11.956008457166876, 44.223121828995041 ], [ 11.955990308771868, 44.223165273378235 ], [ 11.955989466235168, 44.223167301024631 ], [ 11.955972662776976, 44.223212080442678 ], [ 11.955948684048986, 44.223239001322611 ], [ 11.955908169937395, 44.223290003471341 ], [ 11.955892474624946, 44.223312094131799 ], [ 11.955889686695077, 44.223315610004342 ], [ 11.955843319034109, 44.223369623799833 ], [ 11.95584268590823, 44.223370361056155 ], [ 11.955802122351875, 44.223421383935246 ], [ 11.955766287888242, 44.223474212964611 ], [ 11.9557602253191, 44.223484106418802 ], [ 11.955734578977324, 44.223526654727166 ], [ 11.955709692073473, 44.22357117068244 ], [ 11.955708400199065, 44.223573684930557 ], [ 11.955681961954962, 44.223625361479577 ], [ 11.955657321241159, 44.223678602688324 ], [ 11.955650344394135, 44.223696056090255 ], [ 11.955621342158306, 44.223771476331336 ], [ 11.955612267188107, 44.22379646690753 ], [ 11.95559028541339, 44.223860781203236 ], [ 11.955585530787868, 44.223875199415424 ], [ 11.955569945929167, 44.223932926577987 ], [ 11.955559644147586, 44.223991269478859 ], [ 11.955555291184613, 44.224037343070435 ], [ 11.955552606170984, 44.224083128995744 ], [ 11.95555198813816, 44.224095765059012 ], [ 11.955551595441607, 44.224132388115144 ], [ 11.955552895670683, 44.224206124437387 ], [ 11.955553668279462, 44.224228325714925 ], [ 11.955556786190186, 44.224266519918949 ], [ 11.955561541960471, 44.22430920290013 ], [ 11.955564152532174, 44.224329696059002 ], [ 11.95557050185924, 44.224366487844442 ], [ 11.955572685159993, 44.224377311013221 ], [ 11.955510380297337, 44.224326125632501 ], [ 11.955460381469349, 44.224283670779378 ], [ 11.955427643560874, 44.224256959099435 ], [ 11.955392311873167, 44.22422925436689 ], [ 11.95539008216419, 44.224225723082085 ], [ 11.955388324556237, 44.224222954214646 ], [ 11.955379071217571, 44.224208765017309 ], [ 11.955334897163736, 44.224142526559035 ], [ 11.955268622536614, 44.224033862716496 ], [ 11.955223946890516, 44.223950700686402 ], [ 11.955181233728233, 44.223868588692675 ], [ 11.955123198878875, 44.223728430264053 ], [ 11.955119732930655, 44.223720205948581 ], [ 11.955110738010001, 44.22370005779257 ], [ 11.955049842517937, 44.223568983576868 ], [ 11.95504955520726, 44.22356836381833 ], [ 11.955009587591752, 44.223482538220608 ], [ 11.954972223842541, 44.223400187226737 ], [ 11.95495255926401, 44.223360083039005 ], [ 11.954945283651872, 44.223346291333122 ], [ 11.954946833418493, 44.223338645425308 ], [ 11.954955349634826, 44.223295132974492 ], [ 11.954960633990812, 44.223276149942087 ], [ 11.954969297666118, 44.223241508963859 ], [ 11.954979535906251, 44.22318319345608 ], [ 11.954984443410687, 44.223124511157245 ], [ 11.954984001307679, 44.223065713216442 ], [ 11.954983914368762, 44.223064085608094 ], [ 11.954984035764744, 44.223062303415574 ], [ 11.954984701680813, 44.223050989870295 ], [ 11.954987855592181, 44.22303966008365 ], [ 11.955008861100787, 44.222974660628715 ], [ 11.955010103500754, 44.222970773376503 ], [ 11.955025628403607, 44.22291307355367 ], [ 11.955035865286343, 44.222854758049955 ], [ 11.955037559666293, 44.22284042462254 ], [ 11.955042491045319, 44.222794341011728 ], [ 11.955045482134166, 44.22275526023985 ], [ 11.95504766026961, 44.222708122530392 ], [ 11.955061607315269, 44.222601479369466 ], [ 11.955061716949686, 44.222600631103397 ], [ 11.955064133587175, 44.222579186087678 ], [ 11.955075211761176, 44.222463658698707 ], [ 11.95507770499316, 44.222426421336024 ], [ 11.955077262815401, 44.222367623365137 ], [ 11.955072309611486, 44.222314958342814 ], [ 11.955060167751412, 44.222225123950984 ], [ 11.955059329124703, 44.222219127061294 ], [ 11.955048213802213, 44.222160853307088 ], [ 11.955047863600246, 44.222159381317873 ], [ 11.95503522991832, 44.22210667617896 ], [ 11.955026230039916, 44.222072978981217 ], [ 11.955011235449479, 44.22202210277095 ], [ 11.95500643230808, 44.222006487237216 ], [ 11.955000330591904, 44.221941359261365 ], [ 11.954998717773398, 44.221930809478053 ], [ 11.954980387008455, 44.221817093257449 ], [ 11.954970884661284, 44.22176936926175 ], [ 11.954954492041935, 44.221711732660843 ], [ 11.954949163973582, 44.221696291207472 ], [ 11.954934733160552, 44.221656006192369 ], [ 11.954926492, 44.221634144166856 ], [ 11.954898096096873, 44.221562398112589 ], [ 11.954890068769503, 44.221542950665672 ], [ 11.954885346234624, 44.221532206916336 ], [ 11.95488006269413, 44.221482037065421 ], [ 11.954879613470984, 44.221478985505541 ], [ 11.95487658330668, 44.221458704084981 ], [ 11.954875695935872, 44.221441973646591 ], [ 11.954869904455096, 44.221383312583463 ], [ 11.954858789538175, 44.221325039672564 ], [ 11.954849859916097, 44.221291307739762 ], [ 11.954828830903299, 44.22121937583691 ], [ 11.954821368237148, 44.221195472931136 ], [ 11.954811255818569, 44.221167075947719 ], [ 11.954793627399702, 44.22112073654197 ], [ 11.954792737277955, 44.221117285530454 ], [ 11.954786179004289, 44.221075383376053 ], [ 11.954782080642619, 44.221029726175523 ], [ 11.954780939321557, 44.221018167930715 ], [ 11.954771248335515, 44.220928270980707 ], [ 11.954768285873083, 44.220904782096454 ], [ 11.954757169915265, 44.220846509176525 ], [ 11.954748077954507, 44.220812227278913 ], [ 11.954697041807842, 44.220638189444024 ], [ 11.954691788790566, 44.220621102868002 ], [ 11.954654636827671, 44.220505587956112 ], [ 11.954648004278308, 44.220464284388299 ], [ 11.954638434278204, 44.220416137595059 ], [ 11.954622948398706, 44.220361247932608 ], [ 11.954597326029774, 44.220283017250004 ], [ 11.954573682086016, 44.220209010029613 ], [ 11.954570346427836, 44.220168403888756 ], [ 11.954569744094417, 44.22008782144524 ], [ 11.954568854427185, 44.220058388105635 ], [ 11.954566913822323, 44.220032011156341 ], [ 11.954561436902416, 44.21997380327646 ], [ 11.954557586551759, 44.219941519982711 ], [ 11.954546469769618, 44.219883247020043 ], [ 11.954530076975191, 44.21982561209331 ], [ 11.954508479024684, 44.219768860146765 ], [ 11.95449618774796, 44.2197417942348 ], [ 11.954466651393309, 44.219680082253966 ], [ 11.954452229206341, 44.219651524686093 ], [ 11.954420518246149, 44.219597265606843 ], [ 11.954383941445252, 44.219544604805193 ], [ 11.95435703276841, 44.219510618115322 ], [ 11.954313681239112, 44.21945852794417 ], [ 11.954299307387055, 44.219441676418086 ], [ 11.954253494099133, 44.219392881205948 ], [ 11.954216333502981, 44.219357800382348 ], [ 11.954209299792833, 44.219342769916686 ], [ 11.954134296820602, 44.219186757872293 ], [ 11.954127452650798, 44.219172884872222 ], [ 11.954023583835022, 44.218967602838745 ], [ 11.953917160819929, 44.218757488279614 ], [ 11.953804903154856, 44.218526794025337 ], [ 11.953793035637609, 44.218503444034077 ], [ 11.9537614010988, 44.218449153515252 ], [ 11.953724904450624, 44.218396458469037 ], [ 11.953683705835275, 44.218345585014561 ], [ 11.953637978878215, 44.218296751799592 ], [ 11.953587921861562, 44.218250167985531 ], [ 11.953533746396255, 44.218206030754658 ], [ 11.953475686376315, 44.218164531456566 ], [ 11.953413991428759, 44.218125846710286 ], [ 11.953348924570737, 44.218090142959248 ], [ 11.953280762055876, 44.218057571963577 ], [ 11.953209799739165, 44.218028274288962 ], [ 11.953136340439489, 44.218002375034132 ], [ 11.953060696467222, 44.217979984685492 ], [ 11.952983192152301, 44.217961199971654 ], [ 11.95290415997578, 44.21794610032812 ], [ 11.952823938227601, 44.217934752451811 ], [ 11.952742869512099, 44.217927203112524 ], [ 11.952661300963941, 44.217923485463672 ], [ 11.952579581628525, 44.217923615483208 ], [ 11.952498061275591, 44.217927593800241 ], [ 11.952417088997183, 44.217935401210717 ], [ 11.952337010988574, 44.217947006838564 ], [ 11.952258170209623, 44.217962358218379 ], [ 11.952180903040707, 44.217981393086227 ], [ 11.952105541409825, 44.218004028513903 ], [ 11.952032406736212, 44.218030166435597 ], [ 11.951961811240311, 44.218059695427542 ], [ 11.951894060440727, 44.218092490660823 ], [ 11.951829441796177, 44.218128410506651 ], [ 11.951768231101116, 44.218167300926389 ], [ 11.951710692547637, 44.218208997274679 ], [ 11.951657072298907, 44.218253319007331 ], [ 11.951607599983786, 44.218300076870214 ], [ 11.951562486138659, 44.218349071143095 ], [ 11.951521924672962, 44.218400090690807 ], [ 11.951486089339925, 44.218452919344628 ], [ 11.951455134707237, 44.218507327764584 ], [ 11.951429192812316, 44.218563085230144 ], [ 11.951408374133152, 44.218619951502625 ], [ 11.951392770361885, 44.218677684891979 ], [ 11.951382445450506, 44.218736036110542 ], [ 11.951377447092066, 44.218794755273713 ], [ 11.951377795485087, 44.21885359211165 ], [ 11.951383488265016, 44.218912294071927 ], [ 11.951394503093107, 44.218970608977365 ], [ 11.951410792785726, 44.219028288726065 ], [ 11.9514322850984, 44.219085082980882 ], [ 11.95144704128057, 44.219117396560911 ], [ 11.95156180663378, 44.219353509248663 ], [ 11.951567140942446, 44.219364230813007 ], [ 11.951676210788944, 44.219579240531225 ], [ 11.951776475536317, 44.219777166212673 ], [ 11.95184243811774, 44.219914299690281 ], [ 11.951891437708586, 44.220026196890736 ], [ 11.951916031902662, 44.220077009219608 ], [ 11.951947713660378, 44.220131280389083 ], [ 11.951968337812653, 44.220162054422197 ], [ 11.952012193333825, 44.220224444692249 ], [ 11.95202811459211, 44.220246344580573 ], [ 11.952069366078758, 44.220297195972726 ], [ 11.95207869884381, 44.220307721334805 ], [ 11.952079541331408, 44.220318008717413 ], [ 11.952082214916611, 44.220368646447135 ], [ 11.952087989860859, 44.220427313389798 ], [ 11.952099087051462, 44.220485595044444 ], [ 11.95211545914618, 44.220543238802115 ], [ 11.952120437272242, 44.22055771449255 ], [ 11.952138938409597, 44.220609665400424 ], [ 11.95216230974332, 44.220682911430409 ], [ 11.952163861876194, 44.220687717629048 ], [ 11.952173555494815, 44.220717353252745 ], [ 11.952179886280684, 44.220756860168194 ], [ 11.952189441971573, 44.220805012828073 ], [ 11.952203768672916, 44.220856388274825 ], [ 11.952253974764076, 44.221012679863819 ], [ 11.95228560869319, 44.221120682738388 ], [ 11.952288357531071, 44.221146247892513 ], [ 11.952293838395375, 44.22120748599265 ], [ 11.952297934532394, 44.221242536040478 ], [ 11.952299074210222, 44.22125011322975 ], [ 11.952313929108302, 44.221345190558047 ], [ 11.952323889448007, 44.221395892207049 ], [ 11.952327046605792, 44.221408658351329 ], [ 11.952345602721666, 44.221480661629769 ], [ 11.952358819447658, 44.221525539137929 ], [ 11.952368924563324, 44.221553939179486 ], [ 11.952383859489981, 44.221593238026287 ], [ 11.95238627478275, 44.221611856728465 ], [ 11.952386722656236, 44.221614909224392 ], [ 11.952388328490569, 44.221625671175708 ], [ 11.952389315418879, 44.221668179037799 ], [ 11.952395821483025, 44.221745956415589 ], [ 11.952403717979799, 44.221790035575559 ], [ 11.952413103081724, 44.221833844027806 ], [ 11.952419294231545, 44.221863591573559 ], [ 11.952423301382028, 44.221881597517864 ], [ 11.952439677918935, 44.221939239287479 ], [ 11.952461259883018, 44.221995997268614 ], [ 11.952487956570868, 44.222051629591178 ], [ 11.952495142875653, 44.222064841279014 ], [ 11.952508403648514, 44.222088669412791 ], [ 11.952508953271806, 44.222116443780969 ], [ 11.952515507351805, 44.222196496299503 ], [ 11.952520110667276, 44.22222419342247 ], [ 11.952530369842183, 44.222278729765009 ], [ 11.952536869389029, 44.222309309566796 ], [ 11.952553248669592, 44.222366951252063 ], [ 11.95257324854226, 44.222419994247922 ], [ 11.952571366209025, 44.222439591492162 ], [ 11.952555313792473, 44.222562182978628 ], [ 11.952555204151745, 44.222563032143796 ], [ 11.952550509002281, 44.222616449994845 ], [ 11.95254946519346, 44.222638942618168 ], [ 11.952548488994294, 44.222641960585477 ], [ 11.952547245185263, 44.222645847833284 ], [ 11.952540387416862, 44.222668891991532 ], [ 11.952515592778848, 44.222757904812028 ], [ 11.952506918281935, 44.222792562920688 ], [ 11.952500364508534, 44.222826109359431 ], [ 11.952492878140056, 44.222870491702842 ], [ 11.952489183839283, 44.222895264300334 ], [ 11.952484265171288, 44.222953950271574 ], [ 11.952484510114168, 44.223008992726669 ], [ 11.952484381734303, 44.22301086525966 ], [ 11.952483845205098, 44.223019655794161 ], [ 11.95247499168898, 44.223064939843383 ], [ 11.952453353236001, 44.223149187672931 ], [ 11.952448232492051, 44.223170568955524 ], [ 11.952437984304394, 44.22322888797094 ], [ 11.952437751811905, 44.223231661887503 ], [ 11.952427393307641, 44.223231201103545 ], [ 11.952387700226137, 44.223229889907223 ], [ 11.952305909306093, 44.223230048008425 ], [ 11.952224319780884, 44.223234051640453 ], [ 11.952143283364405, 44.223241884257888 ], [ 11.952063144912318, 44.223253511402852 ], [ 11.951996349742732, 44.223266265724838 ], [ 11.951954872539416, 44.223275076468248 ], [ 11.95195320714487, 44.223274744263882 ], [ 11.951899768839494, 44.223265005050564 ], [ 11.951819463446961, 44.223253688579902 ], [ 11.95173831591233, 44.223246169627721 ], [ 11.951656670905106, 44.223242481397605 ], [ 11.951574878720546, 44.223242638945649 ], [ 11.951533005726493, 44.223243705872612 ], [ 11.951451417380309, 44.223247708873188 ], [ 11.951370379594207, 44.223255540910422 ], [ 11.951290241000688, 44.223267168360088 ], [ 11.951211344654046, 44.223282540563467 ], [ 11.951197987530444, 44.223285543432219 ], [ 11.951146198287677, 44.223297414883163 ], [ 11.951082238852608, 44.223313463950952 ], [ 11.951006808213151, 44.223336124034184 ], [ 11.95093358872526, 44.223362295039763 ], [ 11.950862907375756, 44.223391858053219 ], [ 11.950795070900744, 44.223424686422625 ], [ 11.950730368067461, 44.223460639400813 ], [ 11.950670082032779, 44.223498880033254 ], [ 11.95063993036147, 44.223519284228118 ], [ 11.950619638615494, 44.223519330401984 ], [ 11.950579318455071, 44.223519890499361 ], [ 11.950541842769528, 44.223521251384248 ], [ 11.950439798429423, 44.223526064222611 ], [ 11.950212354263094, 44.223526977715281 ], [ 11.950136368025476, 44.223525881013842 ], [ 11.950125866436517, 44.223523023027603 ], [ 11.950100230085448, 44.22351636757341 ], [ 11.9500619972619, 44.223506785266416 ], [ 11.950027866919129, 44.223498625124286 ], [ 11.949991078100892, 44.223465141689701 ], [ 11.949974005044748, 44.223449943467386 ], [ 11.949919834794818, 44.223405802584601 ], [ 11.949861772046823, 44.223364301434792 ], [ 11.949800064034905, 44.223325619396618 ], [ 11.9497349170988, 44.22328994563911 ], [ 11.949666667913698, 44.223257408242162 ], [ 11.949658647277472, 44.223254105716755 ], [ 11.94964791374175, 44.223149106668465 ], [ 11.949644635742958, 44.223122464383621 ], [ 11.949641729433743, 44.223104112893189 ], [ 11.949624150037574, 44.223002409939994 ], [ 11.94961872618982, 44.222949499206422 ], [ 11.949607648291268, 44.222891211648367 ], [ 11.94959845556742, 44.222856495559185 ], [ 11.949575897590803, 44.222779559438429 ], [ 11.949568736031177, 44.222756623947973 ], [ 11.949560424227146, 44.222732965828882 ], [ 11.949531011066334, 44.222653779680485 ], [ 11.949517765711773, 44.2226206706966 ], [ 11.949491093869327, 44.222565029988111 ], [ 11.949459422883729, 44.222510753467859 ], [ 11.94942289060622, 44.22245807309335 ], [ 11.949408505842209, 44.222439453870528 ], [ 11.949305744570088, 44.22231005123988 ], [ 11.949295955708971, 44.22229794286514 ], [ 11.948989607683195, 44.221925631326116 ], [ 11.94896780499062, 44.221881047455 ], [ 11.948960624090333, 44.221867822802082 ], [ 11.948916578179988, 44.221788550664321 ], [ 11.948892106285376, 44.221747491051872 ], [ 11.948855593547076, 44.221694803780558 ], [ 11.948814373425044, 44.22164393797118 ], [ 11.948768625778524, 44.221595112161687 ], [ 11.948727240903578, 44.221556183691 ], [ 11.948677026909914, 44.221511518515328 ], [ 11.948668331127488, 44.221503869510983 ], [ 11.948614134206485, 44.221459740153982 ], [ 11.948556049820956, 44.221418249489126 ], [ 11.948494328814753, 44.221379573221853 ], [ 11.948429234175144, 44.221343876906083 ], [ 11.948361044747534, 44.22131131497239 ], [ 11.948290053802637, 44.221282025342489 ], [ 11.948216562978885, 44.221256134955617 ], [ 11.948140888309636, 44.221233753340805 ], [ 11.948063354134861, 44.221214977241829 ], [ 11.94798428923313, 44.221199887081482 ], [ 11.947904034343306, 44.221188547722704 ], [ 11.947822932115916, 44.221181006852795 ], [ 11.947741330981531, 44.221177298519656 ], [ 11.947659578724808, 44.221177437839572 ], [ 11.947578023856147, 44.221181424580038 ], [ 11.947497018047205, 44.22118924130983 ], [ 11.947416906205595, 44.221200855389576 ], [ 11.947338030128106, 44.221216216196765 ], [ 11.947260729903258, 44.221235259610026 ], [ 11.947185333739611, 44.221257902787329 ], [ 11.947112164423467, 44.221284050359522 ], [ 11.947041537855529, 44.221313588142806 ], [ 11.946973754588573, 44.22134639141678 ], [ 11.946909104606441, 44.221382318519574 ], [ 11.94684786382455, 44.221421218130665 ], [ 11.946790295061765, 44.221462921133103 ], [ 11.946736645820426, 44.221507248774451 ], [ 11.946687145850628, 44.221554014516521 ], [ 11.946642005594699, 44.221603015043172 ], [ 11.946601420300965, 44.221654041008549 ], [ 11.946565561192397, 44.22170687449637 ], [ 11.946534586702509, 44.221761288808821 ], [ 11.946508623840481, 44.221817051522706 ], [ 11.946487788073984, 44.22187392140976 ], [ 11.946472169933967, 44.221931658611418 ], [ 11.946461832087287, 44.221990012063756 ], [ 11.946456822343047, 44.222048734589762 ], [ 11.946457162047718, 44.222107572291343 ], [ 11.946462850198655, 44.222166275297745 ], [ 11.946473860731967, 44.222224591501565 ], [ 11.946490150104884, 44.222282269122701 ], [ 11.946511646243643, 44.222339062328871 ], [ 11.946538259717958, 44.222394729221335 ], [ 11.946569873691576, 44.222449030219529 ], [ 11.946606355280936, 44.222501731456376 ], [ 11.946636195987809, 44.222539333039343 ], [ 11.946655476223562, 44.222578422036882 ], [ 11.946687095346723, 44.222632721094193 ], [ 11.946693520376112, 44.222642657389279 ], [ 11.946732498793772, 44.222701973015972 ], [ 11.946762559389972, 44.222744737824584 ], [ 11.946786707113748, 44.222775475507632 ], [ 11.947139944957836, 44.223205128739359 ], [ 11.947140303931107, 44.223205581181162 ], [ 11.947156460951842, 44.223299549274088 ], [ 11.947169091544867, 44.22342573634549 ], [ 11.947172592650059, 44.223522538430679 ], [ 11.947174438263859, 44.223597676316949 ], [ 11.947164813730017, 44.223666423328346 ], [ 11.947153853844688, 44.223740635246223 ], [ 11.947152478467684, 44.223750459090283 ], [ 11.947147894544974, 44.223799007502102 ], [ 11.947146104597884, 44.223830568691604 ], [ 11.947145606724387, 44.223840773893734 ], [ 11.94714587579143, 44.223899642622257 ], [ 11.947151495906422, 44.223958374769587 ], [ 11.947162443467665, 44.224016717280492 ], [ 11.94717867130529, 44.224074422052091 ], [ 11.947200109775773, 44.224131241402795 ], [ 11.947206333382825, 44.224145412421741 ], [ 11.947221495607726, 44.224178966482413 ], [ 11.947241829132777, 44.224220485735273 ], [ 11.947273393094989, 44.224274808158619 ], [ 11.947309828522627, 44.224327529817437 ], [ 11.947350977860264, 44.224378426329928 ], [ 11.947352831712816, 44.224380548498459 ], [ 11.94738850596012, 44.224421273494826 ], [ 11.947432340533805, 44.224468003129559 ], [ 11.947482373468866, 44.224514600984136 ], [ 11.947536534280351, 44.224558746877207 ], [ 11.947594591630704, 44.224600251190644 ], [ 11.947656298318231, 44.22463893542988 ], [ 11.94765737422129, 44.22463956565327 ], [ 11.947685167488986, 44.224655832153346 ], [ 11.947721720737611, 44.224677845728699 ], [ 11.947734136848709, 44.224685224638876 ], [ 11.94779922750506, 44.224720924134111 ], [ 11.947867425654632, 44.224753484442765 ], [ 11.947938436748887, 44.224782767654389 ], [ 11.948011955400126, 44.224808647790383 ], [ 11.948038924935119, 44.224817093791849 ], [ 11.948098569015677, 44.224835176744079 ], [ 11.948147314609672, 44.224849097240224 ], [ 11.948224898071125, 44.224867853429302 ], [ 11.948291831093453, 44.224880599445889 ], [ 11.948318482067977, 44.22489790664676 ], [ 11.948355308413944, 44.224921102069018 ], [ 11.948388909514927, 44.224941527209978 ], [ 11.948454008246841, 44.224977222537625 ], [ 11.948522214511256, 44.225009780462869 ], [ 11.948593231167447, 44.225039060419412 ], [ 11.948660490369162, 44.225062896240715 ], [ 11.948720216301703, 44.225082485657914 ], [ 11.948726482538005, 44.22508452667531 ], [ 11.948757962467871, 44.225094331122627 ], [ 11.948906295580805, 44.225138801001009 ], [ 11.948950537618957, 44.225151359664878 ], [ 11.949028127911216, 44.225170112424095 ], [ 11.949049182868475, 44.225174512342797 ], [ 11.949155156217758, 44.225195930399799 ], [ 11.949196661217782, 44.225203769962384 ], [ 11.949217460936607, 44.225207425879582 ], [ 11.949282701808229, 44.225230166172906 ], [ 11.949358427807367, 44.225252527064292 ], [ 11.949436022119288, 44.225271279445387 ], [ 11.949506181762082, 44.225284833670102 ], [ 11.949567551664281, 44.225295326211722 ], [ 11.949576520763593, 44.225296833717664 ], [ 11.949656849528468, 44.225308143385973 ], [ 11.949719218072541, 44.225314255272409 ], [ 11.949790835114474, 44.225319957746201 ], [ 11.949809648758144, 44.225321352272616 ], [ 11.949891337257036, 44.225325024937881 ], [ 11.949952348297403, 44.225325258689999 ], [ 11.950053854237359, 44.225323865653735 ], [ 11.950180720639024, 44.2253256707845 ], [ 11.950212789972786, 44.225325832591203 ], [ 11.950493813098609, 44.225324653741794 ], [ 11.95053112628405, 44.225324097040499 ], [ 11.950568617918178, 44.225322729564127 ], [ 11.950669196810251, 44.225317969483577 ], [ 11.950672720850859, 44.225317960919341 ], [ 11.950722572835868, 44.225324518784909 ], [ 11.950740755716728, 44.225326538457118 ], [ 11.950826773461756, 44.225335631914831 ], [ 11.950908760432794, 44.225345991051675 ], [ 11.950925138248884, 44.225347979702669 ], [ 11.951006313295176, 44.225355488881554 ], [ 11.951087993279103, 44.225359163472561 ], [ 11.951125135465885, 44.225359561520683 ], [ 11.951183869910649, 44.225359564045263 ], [ 11.951228561055645, 44.225358990938879 ], [ 11.951283027429072, 44.225357592434257 ], [ 11.951364665562046, 44.225353568834066 ], [ 11.951445758047871, 44.225345715079762 ], [ 11.95152595742714, 44.225334063873895 ], [ 11.951604919292853, 44.225318664100904 ], [ 11.951682304880013, 44.225299583484791 ], [ 11.951714256640122, 44.225290491204575 ], [ 11.951770048991522, 44.225273972171031 ], [ 11.951813576921845, 44.225260383150456 ], [ 11.951886825552815, 44.225234201118894 ], [ 11.951957530770036, 44.225204627101547 ], [ 11.952023905493883, 44.225172558987353 ], [ 11.952088650231508, 44.225169052230264 ], [ 11.952142309393171, 44.225164291802209 ], [ 11.952174446544534, 44.225179049966115 ], [ 11.952245480037675, 44.225208319914969 ], [ 11.952312724287287, 44.225232140139852 ], [ 11.952327069859543, 44.225236844353255 ], [ 11.952347922027331, 44.225255477598047 ], [ 11.952384507252097, 44.225285889570145 ], [ 11.952457749226628, 44.225344087837058 ], [ 11.952475369987694, 44.225357802157902 ], [ 11.952533474882348, 44.225399285711809 ], [ 11.952548595618419, 44.225409231097018 ], [ 11.952609480303011, 44.2254486297646 ], [ 11.952656111203506, 44.225477348607761 ], [ 11.952721244019441, 44.22551302801984 ], [ 11.952789477981929, 44.225545571824284 ], [ 11.952842061352651, 44.22556765518479 ], [ 11.952880831871221, 44.225583042373557 ], [ 11.952899293864002, 44.225590223803131 ], [ 11.952928498369356, 44.225601008969157 ], [ 11.952996207438254, 44.225625210621594 ], [ 11.953040553285771, 44.225640290656834 ], [ 11.953116297336788, 44.225662642172523 ], [ 11.953193905761754, 44.225681386084233 ], [ 11.953209293433439, 44.2256846280426 ], [ 11.953240443330511, 44.225722339284893 ], [ 11.953251775936025, 44.225735086672998 ], [ 11.95332426146625, 44.225815141812298 ], [ 11.953358691249825, 44.225851216111217 ], [ 11.953408791837594, 44.225897784615029 ], [ 11.953418004029249, 44.22590569953848 ], [ 11.953461695463485, 44.225942802750836 ], [ 11.953506711639575, 44.225979004116653 ], [ 11.953564835161613, 44.226020479526255 ], [ 11.953605417320096, 44.226046446752555 ], [ 11.953628948081356, 44.226060858731024 ], [ 11.953650136153312, 44.226073548478901 ], [ 11.953715286297355, 44.22610922062897 ], [ 11.953783540000638, 44.226141755292971 ], [ 11.953854602692994, 44.226171014577488 ], [ 11.953928170183859, 44.226196871596507 ], [ 11.954003927660462, 44.226219217707254 ], [ 11.954006378751151, 44.226219871566258 ], [ 11.95401471781766, 44.226222090616041 ], [ 11.95401680773811, 44.226225954738368 ], [ 11.954045442808431, 44.226274599110027 ], [ 11.954077016694152, 44.22632062333669 ], [ 11.954105612999909, 44.226359477624385 ], [ 11.954110564610437, 44.22636613673189 ], [ 11.954151805262272, 44.226416994579701 ], [ 11.954178654669342, 44.226446452727586 ], [ 11.954179966626933, 44.226456133094118 ], [ 11.954191009349296, 44.226514437893094 ], [ 11.954207333689224, 44.226572102768785 ], [ 11.954228870031162, 44.226628881848015 ], [ 11.954241450840192, 44.226656626931508 ], [ 11.954249969577049, 44.22667442773804 ], [ 11.954264045060919, 44.226702331387138 ], [ 11.954295708265908, 44.22675661283585 ], [ 11.95433223923726, 44.226809294165086 ], [ 11.954373487814445, 44.226860149060016 ], [ 11.954397398889622, 44.226886498768934 ], [ 11.954417498646359, 44.226907823291604 ], [ 11.954439371392397, 44.226930283547595 ], [ 11.954448902916308, 44.226939634861019 ], [ 11.954453068919022, 44.226952650717323 ], [ 11.954474609310418, 44.227009426952613 ], [ 11.954501272232042, 44.227065074586854 ], [ 11.954532940804144, 44.227119354049471 ], [ 11.95454343058808, 44.227135384685667 ], [ 11.954557840892317, 44.227156855220272 ], [ 11.95458388995652, 44.227193502963559 ], [ 11.954625143914152, 44.227244354041446 ], [ 11.954670935679701, 44.227293161939521 ], [ 11.954721036196611, 44.227339731600161 ], [ 11.954737363361826, 44.227353652150718 ], [ 11.954761154366221, 44.227373525857438 ], [ 11.954799011120418, 44.227403739789352 ], [ 11.954857092665259, 44.227445231496347 ], [ 11.954918824648541, 44.227483903758205 ], [ 11.954983943969783, 44.227519589222979 ], [ 11.955052168073429, 44.227552136241968 ], [ 11.955053242582535, 44.227552612151769 ], [ 11.95508238625302, 44.227565519667671 ], [ 11.955152350951069, 44.227594310721024 ], [ 11.955225899965777, 44.227620176198116 ], [ 11.955301645058734, 44.227642527019519 ], [ 11.955379260599976, 44.227661267380896 ], [ 11.955381022701282, 44.227661646422526 ], [ 11.955401675117677, 44.227676250305059 ], [ 11.955443441861467, 44.227705118265753 ], [ 11.955448715433553, 44.227709678299099 ], [ 11.955490404875423, 44.227745482352638 ], [ 11.95549318887775, 44.227747865591695 ], [ 11.955532419169927, 44.22778132176046 ], [ 11.955533711336722, 44.227790963685912 ], [ 11.955544662103947, 44.227849307029061 ], [ 11.955547938472842, 44.22786267610941 ], [ 11.955559747070133, 44.227908817332896 ], [ 11.955572705681046, 44.227953150651999 ], [ 11.955594154021725, 44.228009967162521 ], [ 11.95559581136923, 44.228013817757933 ], [ 11.955599986654864, 44.22802344589973 ], [ 11.955599616654238, 44.228023987839649 ], [ 11.955568531697084, 44.228078453666882 ], [ 11.955542466478354, 44.228134262800509 ], [ 11.955521532848442, 44.228191178581739 ], [ 11.955505822434995, 44.228248957515696 ], [ 11.95549539921266, 44.228307351215449 ], [ 11.955494649075673, 44.228313211146229 ], [ 11.955489245326014, 44.228357066221285 ], [ 11.955484905796245, 44.22840996309008 ], [ 11.9554851737169, 44.228468835356516 ], [ 11.955486598582683, 44.228490234000354 ], [ 11.955491366316425, 44.228547485979739 ], [ 11.955495562025101, 44.228584820761299 ], [ 11.955506512923384, 44.228643164073297 ], [ 11.95551275776843, 44.228667731196104 ], [ 11.955531352212313, 44.228735552433207 ], [ 11.955534526982754, 44.228746755611262 ], [ 11.955535322321317, 44.228749476762026 ], [ 11.955538301769337, 44.228808977177088 ], [ 11.955543923680025, 44.228867710562518 ], [ 11.955554874688332, 44.228926053856604 ], [ 11.955571111236614, 44.228983756186125 ], [ 11.95557703674001, 44.22900100224998 ], [ 11.955596914716986, 44.229056496953099 ], [ 11.955612437991981, 44.22909606734995 ], [ 11.955636580511008, 44.229147118025452 ], [ 11.955670216161051, 44.22921181653885 ], [ 11.955672647536852, 44.229216450913327 ], [ 11.955685561843685, 44.229239886353817 ], [ 11.955686240400059, 44.229259226875605 ], [ 11.955687241507032, 44.229275253215675 ], [ 11.955692963491305, 44.229351605924165 ], [ 11.95569439953603, 44.229368001148536 ], [ 11.955658840000588, 44.229394378828715 ], [ 11.955605054832667, 44.229438768381762 ], [ 11.955555422305014, 44.229485592910542 ], [ 11.95551015538523, 44.229534649936681 ], [ 11.955480521154355, 44.229571047582468 ], [ 11.955479518717087, 44.229572349310921 ], [ 11.955458148117962, 44.229596378120121 ], [ 11.955417440741551, 44.229647459184953 ], [ 11.955381465462249, 44.22970034636009 ], [ 11.955351294888214, 44.229753050082216 ], [ 11.955316625351655, 44.229819518470563 ], [ 11.95531570982015, 44.229821278642547 ], [ 11.955301280978825, 44.229852171594601 ], [ 11.954890185697387, 44.229977129772557 ], [ 11.954390582659414, 44.230127705977353 ], [ 11.95314810263636, 44.230505233783965 ], [ 11.952024268339793, 44.230843998488126 ], [ 11.951004473189807, 44.231161049359201 ], [ 11.950999310030552, 44.231155806833073 ], [ 11.949964317202616, 44.231469425451365 ], [ 11.948011699540531, 44.231996582795894 ], [ 11.946755416090314, 44.232288756829035 ], [ 11.945531331332953, 44.232583076279468 ], [ 11.945480076523628, 44.232595398338091 ], [ 11.94529360648453, 44.232671744795603 ], [ 11.944083150877404, 44.233193931288724 ], [ 11.943260640208759, 44.233556337505611 ], [ 11.942197922106651, 44.233974433343953 ], [ 11.941382553162985, 44.233871885713448 ], [ 11.941387013551747, 44.233790802651399 ], [ 11.941390582295584, 44.233742369570834 ], [ 11.941402694103653, 44.233643815326111 ], [ 11.941415013814922, 44.233575522411762 ], [ 11.941419331151527, 44.233548336476929 ], [ 11.941423004940109, 44.233515379096879 ], [ 11.941430590688176, 44.233426812143797 ], [ 11.941438643456864, 44.233369769156241 ], [ 11.941438981055581, 44.233367350565679 ], [ 11.941444338133691, 44.233308748662047 ], [ 11.941444339809314, 44.233250034121916 ], [ 11.941440782691361, 44.233172091655533 ], [ 11.94143741790859, 44.233129463603227 ], [ 11.941432714748601, 44.233087565163395 ], [ 11.94143072436837, 44.233071616851731 ], [ 11.941420037108806, 44.233013428089798 ], [ 11.941413185672243, 44.232986290671143 ], [ 11.941426950813115, 44.2329478001799 ], [ 11.941442928027183, 44.232890177591514 ], [ 11.941452190355083, 44.232841774998128 ], [ 11.941456489545125, 44.232813652984227 ], [ 11.941457915695555, 44.23280381842585 ], [ 11.941463272714001, 44.232745216496731 ], [ 11.941463274321512, 44.232686500128764 ], [ 11.941457920437543, 44.232627923721729 ], [ 11.941448545441874, 44.232575548901586 ], [ 11.941445028035087, 44.232559631880854 ], [ 11.94144371836515, 44.232553818776964 ], [ 11.941436011234259, 44.232523598586695 ], [ 11.941429341962998, 44.23249975951213 ], [ 11.941421073383765, 44.232472429401682 ], [ 11.94139988249808, 44.232415763385603 ], [ 11.941373563417077, 44.232360224498578 ], [ 11.941342227916097, 44.232306049706402 ], [ 11.941306015086584, 44.232253470952408 ], [ 11.941284193164568, 44.232225465380658 ], [ 11.94126349549169, 44.232199987249068 ], [ 11.94124437616756, 44.2321772364472 ], [ 11.941198886312444, 44.232128519198689 ], [ 11.941149039870393, 44.232082050380178 ], [ 11.941095052207595, 44.232038027127111 ], [ 11.941037153426683, 44.231996639082141 ], [ 11.940975591959281, 44.231958063817174 ], [ 11.940912222831095, 44.231923281490353 ], [ 11.940908434523605, 44.231894830032012 ], [ 11.940908070908467, 44.231892145810392 ], [ 11.940897386864725, 44.23183395509043 ], [ 11.940881415631301, 44.231776403701076 ], [ 11.940860225463149, 44.231719734837476 ], [ 11.940854081553965, 44.231705645032122 ], [ 11.940841657862682, 44.231677952402322 ], [ 11.940821483448691, 44.231636499541914 ], [ 11.940790329602423, 44.231582605335831 ], [ 11.940754149297833, 44.231525366309278 ], [ 11.94071784768019, 44.231472643755104 ], [ 11.940696041950764, 44.231444655791485 ], [ 11.94065465138519, 44.231393696480119 ], [ 11.940635518141377, 44.23137092507173 ], [ 11.940590031900607, 44.231322205672448 ], [ 11.940560170545218, 44.231293649447487 ], [ 11.940538045021917, 44.231273343586373 ], [ 11.940501282777499, 44.231239374756775 ], [ 11.940478575625201, 44.231219012108262 ], [ 11.940424401685974, 44.231174872001525 ], [ 11.940366328108865, 44.231133373179496 ], [ 11.940334247397274, 44.231112632903056 ], [ 11.940307334467686, 44.231095829302262 ], [ 11.940282386770471, 44.231079131456461 ], [ 11.940265827913265, 44.231059567563591 ], [ 11.940232935540608, 44.231023724688669 ], [ 11.94020645578782, 44.230996316635093 ], [ 11.940193652003533, 44.230983312160419 ], [ 11.940181457588658, 44.230971363492145 ], [ 11.940155079749861, 44.230945960739014 ], [ 11.940117232894849, 44.230911313823214 ], [ 11.940063058284526, 44.230867173538726 ], [ 11.940053232015392, 44.230859760619431 ], [ 11.940097341869375, 44.230843424242913 ], [ 11.940117618016927, 44.230835746704841 ], [ 11.940188403897611, 44.230806152457248 ], [ 11.940256345048816, 44.230773294287516 ], [ 11.940321152536299, 44.23073731021951 ], [ 11.940382550558059, 44.230698356976347 ], [ 11.940388640315954, 44.230694202414419 ], [ 11.940412926083473, 44.230677524189588 ], [ 11.940464558097934, 44.230639921896085 ], [ 11.94051303689208, 44.230600199058351 ], [ 11.940534433328921, 44.230581592010275 ], [ 11.940539756235749, 44.230576932167722 ], [ 11.940589403199073, 44.230530114791968 ], [ 11.940634684906097, 44.230481064242298 ], [ 11.940675409784845, 44.230429988891373 ], [ 11.940711400429485, 44.23037710947635 ], [ 11.940742503252251, 44.230322648994509 ], [ 11.940768587602095, 44.230266843545301 ], [ 11.940770543306025, 44.230262111394097 ], [ 11.94078298212996, 44.230231694466944 ], [ 11.940801977987554, 44.230179515599438 ], [ 11.940817707522802, 44.230121739751141 ], [ 11.940822589597062, 44.230098081325465 ], [ 11.940835820422999, 44.230027516841147 ], [ 11.940841378120666, 44.229992783940631 ], [ 11.940845672900991, 44.229949308753092 ], [ 11.940851505146302, 44.229940117017158 ], [ 11.94088245521359, 44.229885951617085 ], [ 11.940893438270187, 44.229864796944277 ], [ 11.940950986601075, 44.229789885502072 ], [ 11.940961012877178, 44.229776570133282 ], [ 11.940969650999641, 44.229764650170303 ], [ 11.940984904536728, 44.229753605924159 ], [ 11.941126373119827, 44.229659948816114 ], [ 11.941136983928802, 44.229652841719911 ], [ 11.941194695587122, 44.22961109000321 ], [ 11.94124956584084, 44.229568708540711 ], [ 11.941339119230404, 44.229518414703755 ], [ 11.94137123825965, 44.229501118661119 ], [ 11.941393779221311, 44.229491207195679 ], [ 11.941460652455589, 44.229458901320534 ], [ 11.941499826853747, 44.229438629641251 ], [ 11.941500892565111, 44.229438077434146 ], [ 11.94156569780815, 44.229402093462454 ], [ 11.941627093571004, 44.229363139451998 ], [ 11.941684763174401, 44.229321418903538 ], [ 11.941710587420225, 44.229301474716024 ], [ 11.941764408815555, 44.229257073803893 ], [ 11.941814054934998, 44.229210256681725 ], [ 11.941859334541977, 44.229161204655043 ], [ 11.941900057444528, 44.2291101296818 ], [ 11.941906589042846, 44.229101156625163 ], [ 11.941922692017274, 44.229078727763266 ], [ 11.941952149073835, 44.229034820028097 ], [ 11.941983251323281, 44.228980360906192 ], [ 11.94200933266097, 44.228924556020495 ], [ 11.942030282515169, 44.228867643802118 ], [ 11.94204600925922, 44.228809868641598 ], [ 11.942056448828547, 44.228751477119054 ], [ 11.942061052632562, 44.22870289994141 ], [ 11.942062075231812, 44.228684988067748 ], [ 11.942062574894953, 44.228674808166943 ], [ 11.942063124858386, 44.228646965546432 ], [ 11.942063053731999, 44.228607067751454 ], [ 11.942062254763208, 44.228576040638529 ], [ 11.9420566493128, 44.22851730821381 ], [ 11.942045714746689, 44.228458965180849 ], [ 11.94203297155069, 44.228412135545284 ], [ 11.941997016136327, 44.228296379057028 ], [ 11.941903768766551, 44.22799085933034 ], [ 11.941899291751408, 44.2279767347232 ], [ 11.941896403227119, 44.227968137450404 ], [ 11.941706169740971, 44.227413904888373 ], [ 11.941705431090824, 44.227411765349828 ], [ 11.941600416326569, 44.227109028494851 ], [ 11.941582608101026, 44.227062945849454 ], [ 11.94155605017308, 44.22700725612907 ], [ 11.941541998999877, 44.226981833045272 ], [ 11.941553207535105, 44.226906143289902 ], [ 11.941554177260381, 44.226899351076803 ], [ 11.941576641253103, 44.226735866859485 ], [ 11.941577053283044, 44.226732809059826 ], [ 11.941582155767959, 44.226674049233679 ], [ 11.941582644067898, 44.226638542376769 ], [ 11.941581193881532, 44.226532635704977 ], [ 11.941580807399555, 44.226517444842244 ], [ 11.941575183786897, 44.226366242125749 ], [ 11.941574828399776, 44.226358066505888 ], [ 11.941570376560763, 44.22626874836623 ], [ 11.941568764585968, 44.226245107689046 ], [ 11.941564251387788, 44.226192940207866 ], [ 11.94156025489659, 44.226157846594774 ], [ 11.941549317504546, 44.226099500768001 ], [ 11.941533094708355, 44.226041794282324 ], [ 11.94152636941584, 44.226022311619921 ], [ 11.941513054701309, 44.225985505241269 ], [ 11.941510447528726, 44.225978417347477 ], [ 11.941490576765961, 44.225925268135789 ], [ 11.941478474469607, 44.225895019150855 ], [ 11.941454338082282, 44.225843950717376 ], [ 11.941428941978366, 44.225795074574094 ], [ 11.941426521142143, 44.22579045411004 ], [ 11.941422757673706, 44.225783419438677 ], [ 11.941391149052508, 44.225725070016324 ], [ 11.941363347197232, 44.225677784240801 ], [ 11.941334690074925, 44.225635621403221 ], [ 11.94125045188288, 44.225519464909887 ], [ 11.941242670793288, 44.225508905971076 ], [ 11.941239385630745, 44.225504547964924 ], [ 11.941235549506509, 44.225499491203387 ], [ 11.941223971041381, 44.22545380783103 ], [ 11.941210678181388, 44.225408114153872 ], [ 11.941202870194108, 44.225385662090275 ], [ 11.941187370572663, 44.225343408933789 ], [ 11.941179741470775, 44.225323536304423 ], [ 11.941155708354394, 44.225263617804607 ], [ 11.941149709905909, 44.225249120180649 ], [ 11.941123153282556, 44.225193430268796 ], [ 11.941116937282631, 44.225181904709196 ], [ 11.941093793700565, 44.225139848768706 ], [ 11.941068443710041, 44.22509705288779 ], [ 11.941032006182455, 44.225044332792798 ], [ 11.940990850884864, 44.224993437595131 ], [ 11.940986074694839, 44.224987994269327 ], [ 11.940931331037479, 44.224926114741322 ], [ 11.940890414117721, 44.224882707195434 ], [ 11.940840372702558, 44.224836111820188 ], [ 11.940786200805679, 44.224791969034683 ], [ 11.940728130995923, 44.224750468436589 ], [ 11.940666410454067, 44.224711788524665 ], [ 11.940601304595926, 44.224676093022424 ], [ 11.940533091013535, 44.224643536404493 ], [ 11.940462061757932, 44.224614257539216 ], [ 11.940388522213386, 44.224588383318206 ], [ 11.940312787106743, 44.224566021514264 ], [ 11.940235180814261, 44.224547269796943 ], [ 11.940156033371046, 44.224532208590283 ], [ 11.940075687962635, 44.224520900932809 ], [ 11.939994484878254, 44.22451339819051 ], [ 11.939912771101213, 44.22450972814984 ], [ 11.939830900829769, 44.224509910344253 ], [ 11.939749222533159, 44.224513942764325 ], [ 11.939668085408776, 44.224521808052089 ], [ 11.939587836824286, 44.224533471744294 ], [ 11.939508819912872, 44.224548885024056 ], [ 11.939431375947935, 44.224567981067722 ], [ 11.939355833229561, 44.224590678861261 ], [ 11.939282517011364, 44.224616881210153 ], [ 11.939211739512901, 44.224646474926288 ], [ 11.939143806284687, 44.224679334317173 ], [ 11.939079007346459, 44.224715317743104 ], [ 11.939017618588878, 44.224754272101464 ], [ 11.938959905427373, 44.224796030051934 ], [ 11.938906112905698, 44.224840412907731 ], [ 11.938856470690174, 44.22488723054218 ], [ 11.938811194348775, 44.224936282266704 ], [ 11.938770476672531, 44.224987358797215 ], [ 11.93873449139034, 44.225040241282585 ], [ 11.938703391951016, 44.225094702229221 ], [ 11.938677311645241, 44.225150509107323 ], [ 11.938656363574957, 44.225207423449035 ], [ 11.938640638155855, 44.2252652008954 ], [ 11.938630199463484, 44.225323593970664 ], [ 11.938625095251552, 44.225382352797162 ], [ 11.938625345745532, 44.225441226207025 ], [ 11.938630951164003, 44.225499962503378 ], [ 11.938641886663197, 44.225558307751015 ], [ 11.938658105139321, 44.225616014744851 ], [ 11.938679536922706, 44.225672833994722 ], [ 11.93870609142339, 44.225728525422113 ], [ 11.938737655515254, 44.225782847564957 ], [ 11.938774092685104, 44.225835569321433 ], [ 11.938778786065564, 44.225841779293852 ], [ 11.938781277543903, 44.225851615483109 ], [ 11.938787759954273, 44.225875380729086 ], [ 11.938808516828267, 44.225946391259313 ], [ 11.938815325521857, 44.225968321794184 ], [ 11.938835128975306, 44.226021291411442 ], [ 11.93885683920694, 44.22607301742255 ], [ 11.93885846783634, 44.22607686700605 ], [ 11.938885023956676, 44.226132558345981 ], [ 11.938916587202177, 44.226186880439776 ], [ 11.938924600524039, 44.226199248470429 ], [ 11.93896805686818, 44.226264996375747 ], [ 11.938996478714969, 44.226305350053657 ], [ 11.938999763753278, 44.226309708128746 ], [ 11.939037138423039, 44.226358967937351 ], [ 11.939073439604542, 44.226409026340967 ], [ 11.939073907428902, 44.226418426750271 ], [ 11.939079090343419, 44.226557948011724 ], [ 11.939079766266099, 44.226607479139247 ], [ 11.939064434509229, 44.226719020346806 ], [ 11.939042550030386, 44.226866776269887 ], [ 11.939019788820117, 44.227009687019461 ], [ 11.939017319979303, 44.227026611028045 ], [ 11.939012216051511, 44.227085369797557 ], [ 11.939011823519529, 44.227097764203023 ], [ 11.939010059202445, 44.227177611714325 ], [ 11.939010066825341, 44.227206466006173 ], [ 11.93901164565526, 44.227276594657596 ], [ 11.93901228403346, 44.227294220143541 ], [ 11.939013925925989, 44.227327199053342 ], [ 11.939019526854889, 44.227385931730545 ], [ 11.939030458098795, 44.227444275142055 ], [ 11.939046674986589, 44.227501980233534 ], [ 11.939068102819409, 44.22755879670725 ], [ 11.939094656027434, 44.227614485293579 ], [ 11.939126216515307, 44.227668805526228 ], [ 11.939162650199508, 44.227721524454402 ], [ 11.939192901771856, 44.227759663395268 ], [ 11.939203069686696, 44.227771785413992 ], [ 11.939213968684548, 44.227784538776959 ], [ 11.939259662628592, 44.227833387575799 ], [ 11.939279140920325, 44.227852280904195 ], [ 11.939441297696629, 44.228324775247586 ], [ 11.939395945355752, 44.228359805886598 ], [ 11.939269328236204, 44.228443627677599 ], [ 11.939258716168924, 44.228450734612501 ], [ 11.939228960209013, 44.228471578072735 ], [ 11.939099674232263, 44.228565196995973 ], [ 11.939071709631344, 44.228586109748989 ], [ 11.939017911163743, 44.228630491694823 ], [ 11.939013303415074, 44.228634576070554 ], [ 11.93894383405828, 44.228696556449044 ], [ 11.93889879498637, 44.228739286025565 ], [ 11.93885351067545, 44.228788336829965 ], [ 11.938812786528869, 44.228839410605048 ], [ 11.938788744240702, 44.228873740276903 ], [ 11.938742490760234, 44.22894345422489 ], [ 11.938658298541554, 44.229053043142031 ], [ 11.93864827185357, 44.229066358296947 ], [ 11.93861227888527, 44.229119237976853 ], [ 11.938581327100144, 44.229173403638583 ], [ 11.938568099850954, 44.229198877888706 ], [ 11.938564405203739, 44.229203804893054 ], [ 11.93856049076423, 44.229209066183287 ], [ 11.938524500125107, 44.229261945781047 ], [ 11.938497168761264, 44.2293092227765 ], [ 11.938475230252305, 44.229350440425051 ], [ 11.938469564465551, 44.229352288344948 ], [ 11.938396240502453, 44.229378489119888 ], [ 11.938325455454644, 44.22940808217259 ], [ 11.938299212820336, 44.229420225449893 ], [ 11.938250143549736, 44.229443559538858 ], [ 11.938208445472366, 44.22946427227636 ], [ 11.938143638089823, 44.22950025505785 ], [ 11.938082237384366, 44.229539208860992 ], [ 11.938056678217439, 44.229557026277242 ], [ 11.938018951130351, 44.229584086920426 ], [ 11.937986780521218, 44.229608029707464 ], [ 11.937932974179322, 44.229652415687589 ], [ 11.937883319643378, 44.22969923464894 ], [ 11.937859046645862, 44.229724656318368 ], [ 11.937832572177244, 44.229753429009349 ], [ 11.937811558043194, 44.229777059492285 ], [ 11.937770829876765, 44.229828135577733 ], [ 11.937750056457526, 44.229857573016659 ], [ 11.937726665841083, 44.229892286253516 ], [ 11.93771144256268, 44.229915730010404 ], [ 11.937703508822988, 44.229928692911706 ], [ 11.937680316552557, 44.229967412360175 ], [ 11.937657143518503, 44.23000890907521 ], [ 11.937631057525804, 44.230064714641713 ], [ 11.937624927768768, 44.230079882890664 ], [ 11.937605124488035, 44.230130553443743 ], [ 11.937590299574151, 44.230172296487012 ], [ 11.937588733704677, 44.230177257646019 ], [ 11.937535792742427, 44.230347156526108 ], [ 11.937521629461157, 44.230399970652343 ], [ 11.937520044087515, 44.23040719289007 ], [ 11.937501934755256, 44.230491925629451 ], [ 11.937497881560049, 44.230512473204705 ], [ 11.937478181557635, 44.230621324999241 ], [ 11.93747337932944, 44.230651945219059 ], [ 11.937469428423238, 44.230690423245214 ], [ 11.937465453998303, 44.230745074938412 ], [ 11.937457282654629, 44.230815928659041 ], [ 11.937453960205197, 44.230855106710607 ], [ 11.93744958745941, 44.230935471778722 ], [ 11.937449183374389, 44.230943926790538 ], [ 11.937448633453112, 44.230971799976473 ], [ 11.937448739493286, 44.231029982094846 ], [ 11.937449538725351, 44.23106097847279 ], [ 11.937452326075197, 44.231096880423607 ], [ 11.937457604035471, 44.231146900940075 ], [ 11.937460421454961, 44.231169731496806 ], [ 11.937471355598616, 44.231228073037208 ], [ 11.937487573224269, 44.231285775482547 ], [ 11.937490845099303, 44.231295485218624 ], [ 11.937492597895538, 44.231300562080129 ], [ 11.937498857495555, 44.231327146993905 ], [ 11.937514494497748, 44.231383238267441 ], [ 11.93752425550065, 44.231411198440952 ], [ 11.937549695389514, 44.231479395225463 ], [ 11.937560698288598, 44.23150709493089 ], [ 11.937585733453055, 44.231566490959224 ], [ 11.937586164180781, 44.231567512230441 ], [ 11.937612483395327, 44.231623065580251 ], [ 11.937643815329226, 44.231677252360562 ], [ 11.937680023489813, 44.23172984237064 ], [ 11.937694722631846, 44.231748969599387 ], [ 11.93772729294529, 44.231790158912411 ], [ 11.937753526749256, 44.231821794992989 ], [ 11.93777728996567, 44.231848115933552 ], [ 11.937791953035182, 44.23186374810485 ], [ 11.937813665371175, 44.231886149760264 ], [ 11.937863495270719, 44.231932623161121 ], [ 11.937917464035962, 44.231976646610143 ], [ 11.937975341671423, 44.232018033150112 ], [ 11.938036877257533, 44.232056605236032 ], [ 11.938068034263249, 44.232074289041904 ], [ 11.938093783268453, 44.232088428448336 ], [ 11.938127568226834, 44.232106341873774 ], [ 11.938195649079656, 44.232138814079114 ], [ 11.938196684243996, 44.232139273756275 ], [ 11.938222316096619, 44.232150622355945 ], [ 11.938269733958787, 44.232170594850444 ], [ 11.938308419516126, 44.232206106293667 ], [ 11.938324691905468, 44.232220001494859 ], [ 11.938359505924282, 44.232249122497706 ], [ 11.938397215616076, 44.232279255665112 ], [ 11.938455110389976, 44.232320648834367 ], [ 11.938460848821091, 44.232324465783833 ], [ 11.938464996475991, 44.232347931784773 ], [ 11.938469051269331, 44.232398880813001 ], [ 11.938472824287713, 44.232434094009662 ], [ 11.938484790904409, 44.232522848231049 ], [ 11.938488714959654, 44.232555774432235 ], [ 11.938490185279015, 44.23256724897859 ], [ 11.938500865926503, 44.232625444454371 ], [ 11.938516832731743, 44.23268300253941 ], [ 11.938538017295642, 44.232739674622977 ], [ 11.938564331544963, 44.232795221482725 ], [ 11.93859565859349, 44.232849401727833 ], [ 11.938606042429305, 44.23286539433979 ], [ 11.938627009001683, 44.232896870654542 ], [ 11.93865283606484, 44.232933462229113 ], [ 11.938693771913954, 44.232984223284966 ], [ 11.938739259165411, 44.233032944334639 ], [ 11.938772055585712, 44.233064224700094 ], [ 11.938804082671135, 44.233093416597775 ], [ 11.938821129213649, 44.233108609827539 ], [ 11.938875114896947, 44.233152634255298 ], [ 11.938899252418164, 44.233170553704255 ], [ 11.938899738040785, 44.233172675431341 ], [ 11.938915706631537, 44.233230232504312 ], [ 11.938927782035627, 44.23326431794284 ], [ 11.938935994700724, 44.233285727750761 ], [ 11.938934067678611, 44.233304853540695 ], [ 11.938927539993713, 44.23338097828843 ], [ 11.938917349791272, 44.2334374457634 ], [ 11.938913030084221, 44.233464633427225 ], [ 11.938911833923425, 44.233473821329419 ], [ 11.938898501789392, 44.233582228447283 ], [ 11.938895539816389, 44.233606311786161 ], [ 11.938892447631703, 44.233637747127531 ], [ 11.938887269542265, 44.233707916986248 ], [ 11.938886496012932, 44.233719910694944 ], [ 11.93887980856519, 44.233841305854789 ], [ 11.938872158907227, 44.23391147500385 ], [ 11.938864788553342, 44.233973899644134 ], [ 11.938847386240839, 44.234110631776986 ], [ 11.938833338167989, 44.234207381501193 ], [ 11.938832643111573, 44.234212302927276 ], [ 11.938831367482372, 44.234222131911345 ], [ 11.938811044975775, 44.234388747177 ], [ 11.938809916058498, 44.234398628445625 ], [ 11.938794275100516, 44.234545510709758 ], [ 11.938791344105514, 44.23458379370215 ], [ 11.938786230510516, 44.234693183719997 ], [ 11.938783730721584, 44.234723337771932 ], [ 11.938777298454458, 44.234729270384094 ], [ 11.938768558349652, 44.234736823047683 ], [ 11.938763249744035, 44.23474144101214 ], [ 11.938713391461826, 44.23478814486765 ], [ 11.93866788586284, 44.234837076745571 ], [ 11.93864397947916, 44.23486587817402 ], [ 11.938638767994057, 44.234871848395848 ], [ 11.938597814095896, 44.234922798884533 ], [ 11.93856158574008, 44.234975550050052 ], [ 11.938530238960421, 44.23502987615705 ], [ 11.938503907040024, 44.235085543776059 ], [ 11.938482703069647, 44.235142313539704 ], [ 11.938466718882228, 44.235199945575324 ], [ 11.938459160453338, 44.235237744898839 ], [ 11.938435101474267, 44.235258194600483 ], [ 11.938385238767264, 44.235304899254373 ], [ 11.938339950458575, 44.235353957704774 ], [ 11.93829925218898, 44.235405057532198 ], [ 11.938266125540132, 44.235453455606105 ], [ 11.938253199563434, 44.235473862256953 ], [ 11.938250363748782, 44.235478371725534 ], [ 11.938219293047553, 44.235532859441371 ], [ 11.938205146660103, 44.235561671376786 ], [ 11.938197593889026, 44.235577925274839 ], [ 11.938185693359328, 44.235604946925001 ], [ 11.938164779573619, 44.235661887083509 ], [ 11.938149049833866, 44.235719923846851 ], [ 11.938107163256612, 44.235728260135751 ], [ 11.938065085550898, 44.235737003226333 ], [ 11.937987773968088, 44.235756186439389 ], [ 11.937912366364598, 44.235778969547937 ], [ 11.937839183095381, 44.235805256357452 ], [ 11.937786079378997, 44.235827145354754 ], [ 11.937652114429341, 44.235885541123622 ], [ 11.937634460783539, 44.23589338201738 ], [ 11.93761567066255, 44.235890489094707 ], [ 11.937597237306019, 44.235887688735566 ], [ 11.937559920246478, 44.235879200623913 ], [ 11.937480887758241, 44.235864212712876 ], [ 11.937400659527373, 44.235852981849476 ], [ 11.937319579562944, 44.235845556633166 ], [ 11.937237993758776, 44.235841967586886 ], [ 11.937221127322294, 44.235841707120564 ], [ 11.937169545063274, 44.235841159673356 ], [ 11.937023123507482, 44.235845800985913 ], [ 11.936942119090668, 44.235853750659651 ], [ 11.936862004534776, 44.235865500508979 ], [ 11.936844125915202, 44.23586866438044 ], [ 11.936738609521516, 44.235887935012371 ], [ 11.936677607763588, 44.235900269567942 ], [ 11.936600296750777, 44.235919451723504 ], [ 11.936524888386524, 44.235942233823231 ], [ 11.936451705557223, 44.23596852053177 ], [ 11.936381060549527, 44.235998198670217 ], [ 11.935824168591635, 44.236256959676311 ], [ 11.935821767833323, 44.236257022534772 ], [ 11.935770144512386, 44.236258406585591 ], [ 11.935688597050509, 44.236262522384784 ], [ 11.935607591926411, 44.236270472819605 ], [ 11.935556906599899, 44.236277447717619 ], [ 11.935500722158183, 44.236286049806118 ], [ 11.935471293318384, 44.236290823686701 ], [ 11.935392410810445, 44.2363063220415 ], [ 11.935315101353929, 44.236325504091731 ], [ 11.935239692011951, 44.23634828705697 ], [ 11.935217443039846, 44.236355825376371 ], [ 11.935140024128492, 44.236382731456594 ], [ 11.935089089120741, 44.23640147889671 ], [ 11.935018444159988, 44.236431156980167 ], [ 11.934971572113037, 44.236453428895132 ], [ 11.934885124356491, 44.236496542885845 ], [ 11.93486419345302, 44.236507212138363 ], [ 11.934817274058176, 44.236532884039683 ], [ 11.934725937338797, 44.236585351139894 ], [ 11.934708180877145, 44.23659574372418 ], [ 11.934705700751424, 44.236597226164662 ], [ 11.934622069503815, 44.236647359070609 ], [ 11.934563284167661, 44.236684909368734 ], [ 11.934529662265559, 44.236708661442073 ], [ 11.934441826931542, 44.236773097192639 ], [ 11.934417853103945, 44.236791178068145 ], [ 11.934364176037816, 44.236835635183972 ], [ 11.934352094624771, 44.236846497395213 ], [ 11.93431208837376, 44.236883044117135 ], [ 11.934274638579543, 44.236919071331116 ], [ 11.934229465086553, 44.236968190666843 ], [ 11.934188847165574, 44.237019330551021 ], [ 11.934155794171119, 44.237067743856727 ], [ 11.934146517449289, 44.237082427416837 ], [ 11.934135843373781, 44.237097543892304 ], [ 11.934109459324832, 44.237137290659035 ], [ 11.934078446103204, 44.237191808399032 ], [ 11.934052446577406, 44.237247667887331 ], [ 11.934031571332859, 44.237304628906621 ], [ 11.934027045215085, 44.237319416906765 ], [ 11.934010233198251, 44.237376625998913 ], [ 11.934008413540198, 44.237382926032289 ], [ 11.933991692714393, 44.237441906075212 ], [ 11.933982372182673, 44.237478650773653 ], [ 11.933960227829163, 44.237484646945163 ], [ 11.933592016731099, 44.237582378733947 ], [ 11.933578686881468, 44.237585977733865 ], [ 11.933509206118805, 44.237606815744165 ], [ 11.93328957244926, 44.237678339166528 ], [ 11.933186402420969, 44.237710645729969 ], [ 11.933163897572685, 44.237717883444233 ], [ 11.933090705929411, 44.237744166951778 ], [ 11.933064080881403, 44.2377548282956 ], [ 11.933013433157218, 44.237775693795633 ], [ 11.932969402952526, 44.237794706567485 ], [ 11.932901588395643, 44.237827642946563 ], [ 11.932836903528051, 44.237863703610358 ], [ 11.9327756253854, 44.237902730041569 ], [ 11.932718015806779, 44.237944557691591 ], [ 11.932687174872889, 44.237969368699801 ], [ 11.932656453578264, 44.23799502004394 ], [ 11.932633603560397, 44.238014658232316 ], [ 11.932584055973514, 44.238061538956003 ], [ 11.932538866137762, 44.238110649664165 ], [ 11.932498229408003, 44.238161781039707 ], [ 11.932490647705908, 44.238172253345262 ], [ 11.932458447224064, 44.238217450348863 ], [ 11.932430115332926, 44.23825991220879 ], [ 11.93239908332461, 44.238314418892948 ], [ 11.9323730625736, 44.238370267451764 ], [ 11.932352166202536, 44.238427218524926 ], [ 11.932336485953096, 44.238485028639424 ], [ 11.93233098817705, 44.238515908531127 ], [ 11.93230211284804, 44.238537372922664 ], [ 11.932248412153067, 44.238581817549701 ], [ 11.932198856154386, 44.238628694605872 ], [ 11.932196377246147, 44.238631214390985 ], [ 11.932158899966797, 44.238669455058762 ], [ 11.932116181876953, 44.238716043191154 ], [ 11.932094041397852, 44.238742925535419 ], [ 11.932063936299491, 44.238780971078185 ], [ 11.932045429084754, 44.238805215596088 ], [ 11.932012323204376, 44.238853662475591 ], [ 11.931991791165126, 44.238886129588913 ], [ 11.931988976287684, 44.23889061231359 ], [ 11.931957937193969, 44.238945116254499 ], [ 11.931931909402717, 44.239000962090621 ], [ 11.931911007257897, 44.239057909537351 ], [ 11.93190647635002, 44.239072686679343 ], [ 11.931874904902369, 44.239179930884738 ], [ 11.931863748546272, 44.239222960269011 ], [ 11.931854214505838, 44.239275010340783 ], [ 11.931853016307699, 44.239283435854666 ], [ 11.931844648634693, 44.239288377445952 ], [ 11.931791105075961, 44.23932217031345 ], [ 11.931721971738678, 44.239368424867799 ], [ 11.931715224002478, 44.239372973623418 ], [ 11.931658034365519, 44.239411803177262 ], [ 11.93165701806155, 44.239412494182361 ], [ 11.931599353324861, 44.23945438440257 ], [ 11.931545600009365, 44.239498902665808 ], [ 11.931495990239409, 44.239545855210793 ], [ 11.931488079624499, 44.239553966405929 ], [ 11.931452926780056, 44.239590432327766 ], [ 11.931428087768596, 44.239617205087121 ], [ 11.931390734081365, 44.239659058802374 ], [ 11.931378225693365, 44.239673364730429 ], [ 11.931337517158134, 44.23972457808739 ], [ 11.931334928828846, 44.23972811386222 ], [ 11.931307234416373, 44.23976615664683 ], [ 11.931273835064376, 44.239815640721808 ], [ 11.931242726702136, 44.239870236797103 ], [ 11.931231119661764, 44.239893643580977 ], [ 11.931200394872857, 44.239958399315967 ], [ 11.931169579842207, 44.239978669892182 ], [ 11.93115966104839, 44.239985490542402 ], [ 11.931090567661156, 44.240033518346813 ], [ 11.931053648766369, 44.24006027417223 ], [ 11.930969134203584, 44.240124136962429 ], [ 11.930901235975616, 44.240173002091538 ], [ 11.930785117769506, 44.240248910882805 ], [ 11.930771427538696, 44.240256804858852 ], [ 11.930751750649186, 44.240266778700672 ], [ 11.930732146807893, 44.240270561779759 ], [ 11.93071537297061, 44.24027388892398 ], [ 11.930625106363154, 44.240292283741816 ], [ 11.930597293402613, 44.240298203364567 ], [ 11.930538295265769, 44.240312461682116 ], [ 11.93043673510817, 44.240339047561761 ], [ 11.930360154341288, 44.24035474356625 ], [ 11.930334199182436, 44.240360283027485 ], [ 11.930263207208903, 44.240377729677078 ], [ 11.93021212852601, 44.24039152646759 ], [ 11.930205698365262, 44.240393278069462 ], [ 11.930135144681717, 44.240414450317964 ], [ 11.930081769487858, 44.240431844109509 ], [ 11.930076790973866, 44.240433472160575 ], [ 11.930033915770679, 44.240448294346322 ], [ 11.929944288138907, 44.240480799247898 ], [ 11.929913827023382, 44.240492226650382 ], [ 11.929843025951108, 44.240521872334448 ], [ 11.929825279118335, 44.240530022993511 ], [ 11.929704761255415, 44.240586409483171 ], [ 11.929683116359216, 44.240596767048032 ], [ 11.929638562529277, 44.240618572882447 ], [ 11.929510500912578, 44.240613196527391 ], [ 11.929475029173732, 44.240612070304032 ], [ 11.92947004972557, 44.240611970796841 ], [ 11.929309696947032, 44.240608986562449 ], [ 11.929284895660011, 44.240608702804238 ], [ 11.929169585408468, 44.240608205594683 ], [ 11.929135784841012, 44.240607941259626 ], [ 11.929102271920494, 44.24060331977158 ], [ 11.929067347825514, 44.240598873370814 ], [ 11.928986175243928, 44.240591344974469 ], [ 11.928918625942048, 44.240588022269442 ], [ 11.928854449937901, 44.240586119853432 ], [ 11.928840311757305, 44.240585758547695 ], [ 11.928829869468391, 44.24058556575639 ], [ 11.928743538985033, 44.24058423138262 ], [ 11.928739869502419, 44.240584178744513 ], [ 11.928697745409744, 44.240580225165743 ], [ 11.928659462017777, 44.240577064367578 ], [ 11.928504757022928, 44.240566028952749 ], [ 11.928478416452213, 44.24056327387234 ], [ 11.928417664614962, 44.24055800758515 ], [ 11.928335977219001, 44.24055432313493 ], [ 11.92833468666125, 44.24055429571127 ], [ 11.928258201205153, 44.240552710216278 ], [ 11.928177641012201, 44.240552910830026 ], [ 11.928143899801636, 44.240554106490812 ], [ 11.928052899735221, 44.240558218712927 ], [ 11.928004976641297, 44.240561051905075 ], [ 11.927923848079036, 44.240568919115766 ], [ 11.927881715543947, 44.240574556622128 ], [ 11.927793610694794, 44.240587471733583 ], [ 11.927755497898605, 44.240593506270599 ], [ 11.927676478940233, 44.240608931661782 ], [ 11.92760548930354, 44.240626293434666 ], [ 11.927517897160596, 44.240649845508131 ], [ 11.927511433170189, 44.240651597569766 ], [ 11.927435878162479, 44.240674316922579 ], [ 11.927362544696475, 44.240700544743838 ], [ 11.927339600387862, 44.240710144731821 ], [ 11.927284458299743, 44.240690556239201 ], [ 11.92719429297609, 44.240660914099081 ], [ 11.927188018121441, 44.240658866537771 ], [ 11.927112331926306, 44.240636462637902 ], [ 11.927045007662137, 44.240619923099743 ], [ 11.927036477114639, 44.240606136761329 ], [ 11.927000119920878, 44.240553340531854 ], [ 11.926997947612128, 44.240550440010253 ], [ 11.926928989732158, 44.240458838933506 ], [ 11.926927894808975, 44.240457387932743 ], [ 11.92687259665756, 44.240384253642858 ], [ 11.926834788890531, 44.240337639414818 ], [ 11.92680696987275, 44.240306993712579 ], [ 11.926697266902426, 44.240191357635531 ], [ 11.926664324645754, 44.240151976297398 ], [ 11.926624702615412, 44.240099581580751 ], [ 11.926660063890736, 44.240073340735719 ], [ 11.92667233172409, 44.240063719125963 ], [ 11.926746944386384, 44.240004354164512 ], [ 11.926800161293547, 44.239963222334509 ], [ 11.926854001233236, 44.239918781677467 ], [ 11.926903693735724, 44.2398719020591 ], [ 11.926949025611654, 44.239822783204815 ], [ 11.926989802832724, 44.239771637113577 ], [ 11.9270037168125, 44.239752219503067 ], [ 11.927031372038666, 44.23971245109189 ], [ 11.927053506792864, 44.239678914207055 ], [ 11.927071957886989, 44.23964786523316 ], [ 11.927110549830326, 44.239579409355173 ], [ 11.927123264144599, 44.23955592113132 ], [ 11.927131572157052, 44.239539425873417 ], [ 11.927160569152242, 44.239501393409313 ], [ 11.927190025714273, 44.239472423140725 ], [ 11.927199417928881, 44.239463059679288 ], [ 11.927233749662474, 44.239426513968006 ], [ 11.927248529842908, 44.239409920973799 ], [ 11.927251563544816, 44.239407392806086 ], [ 11.927274455274713, 44.239387773126587 ], [ 11.927324147864397, 44.239340882449305 ], [ 11.92732750186312, 44.239337477787466 ], [ 11.9273720978518, 44.239291976335195 ], [ 11.92738210841855, 44.239281609038457 ], [ 11.927454731484422, 44.23920526211942 ], [ 11.927486644685025, 44.239169968290945 ], [ 11.927492059272966, 44.239163602477518 ], [ 11.927540942732344, 44.239105600056845 ], [ 11.927576243926453, 44.239060880190564 ], [ 11.927585769724132, 44.239047704581829 ], [ 11.92762032313748, 44.238998937282418 ], [ 11.927646780994845, 44.23895922160122 ], [ 11.927677879027371, 44.238904751294882 ], [ 11.927682947540063, 44.238894798784656 ], [ 11.927701085101248, 44.238858515122821 ], [ 11.927722097014511, 44.238812654414033 ], [ 11.927743047807317, 44.238755732216667 ], [ 11.927744612374159, 44.238750774886825 ], [ 11.927767998072275, 44.238675702901098 ], [ 11.927782161802735, 44.238622877056194 ], [ 11.927788823557972, 44.238589314571868 ], [ 11.927796472267005, 44.238544791100054 ], [ 11.927800254649689, 44.238519954157844 ], [ 11.927805364447757, 44.238461191104349 ], [ 11.927805120859411, 44.238402313764105 ], [ 11.927803890198799, 44.238377524001308 ], [ 11.927798294305887, 44.238318785847291 ], [ 11.927798149890494, 44.238317765534802 ], [ 11.927790587450536, 44.238264772511798 ], [ 11.927779807210946, 44.238207446008474 ], [ 11.927763599662084, 44.238149738662649 ], [ 11.927748183358304, 44.238107433731827 ], [ 11.927728492900942, 44.238058301664815 ], [ 11.927722490878054, 44.238043786359086 ], [ 11.927695950043772, 44.237988097861766 ], [ 11.927667922304598, 44.237939368839847 ], [ 11.927633110776252, 44.237883538168617 ], [ 11.927629591877132, 44.237877947322524 ], [ 11.927593174823652, 44.237825229004002 ], [ 11.927552039929193, 44.237774339443924 ], [ 11.927506368211358, 44.237725495388304 ], [ 11.927487722830799, 44.237707383787352 ], [ 11.927499356657311, 44.237675373439501 ], [ 11.927500414886914, 44.237672444452052 ], [ 11.927517736023638, 44.237624125517897 ], [ 11.927525524985491, 44.237601150036497 ], [ 11.9275412544671, 44.237543365926349 ], [ 11.927544388746211, 44.237528681689255 ], [ 11.927556257167442, 44.237469866053885 ], [ 11.927563563373276, 44.237426151810816 ], [ 11.927565480131269, 44.237410233556901 ], [ 11.927573917821979, 44.237332005031327 ], [ 11.927576014517088, 44.237308647301838 ], [ 11.92758183629393, 44.237227293754025 ], [ 11.92758243544578, 44.237217984522637 ], [ 11.927586391723368, 44.23714873774172 ], [ 11.927586892758553, 44.2371385579887 ], [ 11.927586650709895, 44.23707968146703 ], [ 11.927581055227105, 44.237020944144383 ], [ 11.927577028358268, 44.236995900513726 ], [ 11.927570783890623, 44.23696131854647 ], [ 11.927564362510244, 44.236903766612528 ], [ 11.927561981883683, 44.236884920579847 ], [ 11.927559340982718, 44.236867840312776 ], [ 11.927544851199489, 44.236781565259328 ], [ 11.927563465498965, 44.236692129107631 ], [ 11.9275683644043, 44.236665979557266 ], [ 11.927574105118381, 44.236631527530982 ], [ 11.927578976403655, 44.236611074445939 ], [ 11.927580843816619, 44.236603022639159 ], [ 11.927591284125723, 44.236544624117315 ], [ 11.927596395224468, 44.236485860062174 ], [ 11.927596927042551, 44.236464415021231 ], [ 11.927597277105825, 44.236421855746741 ], [ 11.927590907807932, 44.236325685981591 ], [ 11.927588730609656, 44.236311384624905 ], [ 11.927574580519387, 44.23622487860046 ], [ 11.927565834955779, 44.236180833005839 ], [ 11.927549630801394, 44.236123127292586 ], [ 11.927545259696606, 44.236110240634375 ], [ 11.927528030899191, 44.236061046474546 ], [ 11.927510987240638, 44.236017113614352 ], [ 11.927484451404824, 44.235961426707426 ], [ 11.927452909929587, 44.235907108422509 ], [ 11.927416495645483, 44.235854391738592 ], [ 11.927375367452855, 44.235803504639136 ], [ 11.927329700088139, 44.235754663085281 ], [ 11.927306378604589, 44.235732152123894 ], [ 11.927267613591455, 44.235695928247793 ], [ 11.927240923042651, 44.235671851567403 ], [ 11.927216915569595, 44.235651559909087 ], [ 11.927218948312436, 44.235564998426298 ], [ 11.927218330697556, 44.235517712886839 ], [ 11.927216047156401, 44.235471677064673 ], [ 11.927213661002041, 44.235439630451097 ], [ 11.927208742267775, 44.235390116328055 ], [ 11.92720553476841, 44.235363425501802 ], [ 11.927194602955495, 44.235305089474025 ], [ 11.927178361980728, 44.23524742134552 ], [ 11.927175077001525, 44.235237685417509 ], [ 11.927152004011154, 44.235170957103605 ], [ 11.927133837523805, 44.235123911979102 ], [ 11.927107263778158, 44.235068262641626 ], [ 11.927075683182878, 44.2350139810302 ], [ 11.92707173074121, 44.235007828978297 ], [ 11.927012946792814, 44.23491722218688 ], [ 11.926991680774169, 44.234886033386644 ], [ 11.926939611695447, 44.234813264702552 ], [ 11.926879369724437, 44.234722205898052 ], [ 11.926832065607861, 44.2346501857782 ], [ 11.926802026853064, 44.234607440553155 ], [ 11.926760850059404, 44.234556587465669 ], [ 11.926739121487969, 44.234532530312855 ], [ 11.926692217879744, 44.234482368174206 ], [ 11.926668226857441, 44.234457617817448 ], [ 11.926626872751291, 44.234418722812705 ], [ 11.92658041283695, 44.234377409355503 ], [ 11.926571702802187, 44.23436975163419 ], [ 11.92652653865804, 44.234332999534026 ], [ 11.9265246, 44.240986200000044 ], [ 11.9267196, 44.241368300000026 ], [ 11.927223, 44.241922600000045 ], [ 11.9276697, 44.242343200000036 ], [ 11.92807874206679, 44.242510050712667 ], [ 11.928097933602768, 44.242503193252936 ], [ 11.928168729447172, 44.242473591350027 ], [ 11.92818648844392, 44.242465443478835 ], [ 11.928234692689115, 44.242442916426462 ], [ 11.928273503403526, 44.242424026307681 ], [ 11.92828586741307, 44.242417763103397 ], [ 11.928303322155195, 44.242410412922055 ], [ 11.928335068127931, 44.242396584173477 ], [ 11.928347970884293, 44.242390695243678 ], [ 11.928393890180821, 44.24236945100283 ], [ 11.928491442279794, 44.242378643718709 ], [ 11.928533995208713, 44.242382120323171 ], [ 11.928615678869372, 44.242385838099047 ], [ 11.928647553221928, 44.242386243084781 ], [ 11.928698461335459, 44.242386421287797 ], [ 11.92872598035386, 44.242386857629754 ], [ 11.928751794074147, 44.242390083433278 ], [ 11.928810576037558, 44.242395945492078 ], [ 11.928909555254211, 44.242404098203373 ], [ 11.928931941920423, 44.242405794573699 ], [ 11.929013625673488, 44.24240951293735 ], [ 11.929037356734314, 44.242409869902794 ], [ 11.929143374307882, 44.24241073953624 ], [ 11.929149422847624, 44.242410778579703 ], [ 11.929255350440933, 44.242411278102601 ], [ 11.929383058945472, 44.242413705174876 ], [ 11.929564715828558, 44.242421404361238 ], [ 11.929695030828565, 44.242428145166365 ], [ 11.929746605712781, 44.242430042503329 ], [ 11.929782193200447, 44.24243045563145 ], [ 11.929848741997242, 44.242430547014301 ], [ 11.929895000339368, 44.242429992939087 ], [ 11.929949215295087, 44.242427771621884 ], [ 11.930005747635466, 44.24242456624809 ], [ 11.930033193135813, 44.24242278982986 ], [ 11.930114334312556, 44.242414928899173 ], [ 11.930194650278773, 44.242403175315253 ], [ 11.930205661256212, 44.242401253665228 ], [ 11.930264364448902, 44.24239080979747 ], [ 11.930332441373229, 44.242377220770798 ], [ 11.930352154260795, 44.242372723086355 ], [ 11.930454602497566, 44.242348677438059 ], [ 11.930512404311058, 44.242333976000637 ], [ 11.930588018652063, 44.242311169448278 ], [ 11.930653112402506, 44.242288046291407 ], [ 11.930728193033685, 44.242259402080528 ], [ 11.930736485443132, 44.242256210292176 ], [ 11.930807330920816, 44.242226497380564 ], [ 11.930847515372344, 44.242207571684148 ], [ 11.930912558412595, 44.242175640179823 ], [ 11.930940374479913, 44.2421615842878 ], [ 11.930947637600219, 44.242157778363378 ], [ 11.930997267122638, 44.242131577128042 ], [ 11.931077202111238, 44.242092395812563 ], [ 11.931119099405322, 44.242072759724643 ], [ 11.931159710041566, 44.242064443826031 ], [ 11.93118568840325, 44.242058904645603 ], [ 11.93124474562484, 44.242044644902435 ], [ 11.93134548797817, 44.242018297258333 ], [ 11.931383509923942, 44.242010556312628 ], [ 11.931460618050147, 44.241995688743621 ], [ 11.931505246005074, 44.241986440883103 ], [ 11.931551785240615, 44.241975399189194 ], [ 11.931622430828751, 44.241957528748081 ], [ 11.931646907921516, 44.241951130635648 ], [ 11.931719930602325, 44.241931421550539 ], [ 11.931726396863139, 44.24192966196933 ], [ 11.931801973975661, 44.241906855203425 ], [ 11.931864933176294, 44.24188453150628 ], [ 11.93193029541693, 44.241859695727555 ], [ 11.931940686276477, 44.241855702464285 ], [ 11.932011491925339, 44.241825989446617 ], [ 11.932024408279842, 44.241820073634834 ], [ 11.932101549608953, 44.241784266028368 ], [ 11.93214365213718, 44.241763842656283 ], [ 11.932239880068979, 44.241715091269171 ], [ 11.932252819238155, 44.241708447899889 ], [ 11.932301933928203, 44.241681537527256 ], [ 11.932376248822784, 44.241638698078582 ], [ 11.932391948134724, 44.241629497192882 ], [ 11.932435320111972, 44.241602428535728 ], [ 11.932602486940624, 44.241493161006844 ], [ 11.932620510246277, 44.241481145486041 ], [ 11.932646043607813, 44.241463285047288 ], [ 11.932746010364454, 44.241391337825732 ], [ 11.932767322378247, 44.24137562096201 ], [ 11.932844284541559, 44.241317462655957 ], [ 11.932861631457811, 44.241305403765217 ], [ 11.932931823243317, 44.241263277629422 ], [ 11.932953380268501, 44.241250038773174 ], [ 11.933003574667834, 44.241218499028285 ], [ 11.933040118055454, 44.241194608325152 ], [ 11.933097808447624, 44.241152716890248 ], [ 11.933151573357579, 44.241108198568362 ], [ 11.933201183039943, 44.241061243483301 ], [ 11.933217874689159, 44.241043898631766 ], [ 11.933262331551761, 44.240996526264972 ], [ 11.933290881229464, 44.24096468169796 ], [ 11.933295553486426, 44.240959177407909 ], [ 11.933353704317231, 44.24089011910894 ], [ 11.933389705900639, 44.240844409932514 ], [ 11.933406590612201, 44.240820592390939 ], [ 11.933454796567331, 44.240750024354014 ], [ 11.933473851983742, 44.240720823110948 ], [ 11.933504901154494, 44.240666225675454 ], [ 11.933512036238286, 44.240652044935921 ], [ 11.933513608415229, 44.240648838380046 ], [ 11.933540601809625, 44.240633186819224 ], [ 11.933565407711818, 44.240617997322815 ], [ 11.933665728559298, 44.24055492022984 ], [ 11.933702252367365, 44.24053102512574 ], [ 11.933759901653172, 44.240489134051217 ], [ 11.933813626690744, 44.240444615188544 ], [ 11.933820293057725, 44.240438661421237 ], [ 11.933879209869289, 44.240385572154473 ], [ 11.933922112063922, 44.24034457212197 ], [ 11.933967313489964, 44.240295381299006 ], [ 11.933997959873659, 44.240257502861709 ], [ 11.934039550572162, 44.240203099264193 ], [ 11.934049543280697, 44.240189763693117 ], [ 11.934052140720468, 44.24018620602893 ], [ 11.934116614918304, 44.240097431782878 ], [ 11.934149902471257, 44.240047960581215 ], [ 11.93417790274407, 44.239999115714028 ], [ 11.934220574685455, 44.239918027168414 ], [ 11.934223574816668, 44.239912266242065 ], [ 11.934249557382852, 44.239856319648219 ], [ 11.934266495648634, 44.239811233594509 ], [ 11.934294320036196, 44.23972876655165 ], [ 11.934298237125871, 44.239716801818318 ], [ 11.934304876568325, 44.239694603239741 ], [ 11.934307719016616, 44.239692967011756 ], [ 11.934325146123372, 44.239682744863352 ], [ 11.934386401514555, 44.239643648542469 ], [ 11.934443984052347, 44.239601745654703 ], [ 11.934497644992039, 44.239557218562574 ], [ 11.934547154537873, 44.239510255589913 ], [ 11.934571319298712, 44.239484796388297 ], [ 11.934594641771589, 44.239459299668155 ], [ 11.934615623353652, 44.239435563335533 ], [ 11.934656214869415, 44.239384343600264 ], [ 11.934673067109449, 44.239360517397039 ], [ 11.934689101107127, 44.239336994229973 ], [ 11.934708114776713, 44.239307809729937 ], [ 11.934739127285345, 44.239253292810901 ], [ 11.934765127010985, 44.239197433233535 ], [ 11.934768613404282, 44.239187918536068 ], [ 11.934825372701177, 44.239172851549462 ], [ 11.93483227786129, 44.239171001483918 ], [ 11.93504356663442, 44.239113890372209 ], [ 11.935049990292049, 44.23911213948783 ], [ 11.935098280792161, 44.239098030545925 ], [ 11.935280067594142, 44.239041713007119 ], [ 11.935307184995475, 44.239033036495805 ], [ 11.935371129420696, 44.239010306063889 ], [ 11.935511213032701, 44.238956881841105 ], [ 11.93552045443557, 44.238953321918856 ], [ 11.935582563344784, 44.238927468206931 ], [ 11.935654796215712, 44.238895375906552 ], [ 11.935663332531835, 44.23889154947593 ], [ 11.935704852937484, 44.238871930192751 ], [ 11.935750488993568, 44.238849420371466 ], [ 11.935776775086579, 44.238836095314454 ], [ 11.935841447775562, 44.23880002764659 ], [ 11.935902713331512, 44.238760993333337 ], [ 11.935960308667479, 44.238719156966226 ], [ 11.936024273385851, 44.238669551716413 ], [ 11.93605627093158, 44.238643760975322 ], [ 11.93611532274951, 44.238594287076474 ], [ 11.936137002638365, 44.238575619889041 ], [ 11.936186532526593, 44.238528730562678 ], [ 11.936231705516713, 44.238479609532035 ], [ 11.936272322654469, 44.238428469808248 ], [ 11.936308216361139, 44.238375528326934 ], [ 11.936339228138042, 44.238321011777181 ], [ 11.936342178844031, 44.238315239071532 ], [ 11.936371281130189, 44.238257699989752 ], [ 11.936394330724644, 44.238207615334893 ], [ 11.936415206454411, 44.238150654741105 ], [ 11.936427239204452, 44.238106233589271 ], [ 11.936439891693995, 44.238104991471616 ], [ 11.936520005658476, 44.238093240222859 ], [ 11.936598887734542, 44.238077738364929 ], [ 11.936676197815636, 44.238058553595764 ], [ 11.936749252143631, 44.238036544336296 ], [ 11.936790421093725, 44.238023022243354 ], [ 11.936792775255901, 44.238022246660002 ], [ 11.936865959231012, 44.237995957962156 ], [ 11.93693660390943, 44.237966278674591 ], [ 11.936937875170317, 44.237965701933014 ], [ 11.936983601409764, 44.237944964314224 ], [ 11.937050133615339, 44.237912597675638 ], [ 11.937114807061814, 44.237876531853658 ], [ 11.937176073303766, 44.237837497623019 ], [ 11.937178842015665, 44.237835608292102 ], [ 11.937219293803986, 44.237807917247927 ], [ 11.937274121087906, 44.237767971217025 ], [ 11.93732779803886, 44.23772351350955 ], [ 11.937334154617476, 44.237717840427038 ], [ 11.93734514627349, 44.237720243102814 ], [ 11.937424179994554, 44.237735229307134 ], [ 11.937504407074883, 44.237746458393389 ], [ 11.937542949291469, 44.237750471695897 ], [ 11.937611722892122, 44.237756845699252 ], [ 11.937654260819469, 44.237760255663019 ], [ 11.937735848023877, 44.237763840783394 ], [ 11.937817589399296, 44.237763573627383 ], [ 11.937885953190513, 44.237761737727311 ], [ 11.93792933867134, 44.237759546648668 ], [ 11.9380688, 44.237700800000034 ], [ 11.938558987054382, 44.237617389033062 ], [ 11.938563452821562, 44.237615630366619 ], [ 11.938628126167881, 44.237588320424294 ], [ 11.938630742556354, 44.237587135747859 ], [ 11.938746095619383, 44.237534742161678 ], [ 11.938811348040709, 44.237502999999414 ], [ 11.938865441984682, 44.237473218330692 ], [ 11.938901248031918, 44.237452371224876 ], [ 11.938962450704338, 44.23745073705976 ], [ 11.939044066287547, 44.237446630969885 ], [ 11.939091202242409, 44.237442489348886 ], [ 11.939200634581404, 44.237431352415534 ], [ 11.939234574176011, 44.23742755582753 ], [ 11.939314760954376, 44.237415819974167 ], [ 11.939316039310526, 44.237415600308381 ], [ 11.939406605086869, 44.237400039264891 ], [ 11.939519835272213, 44.237381118765583 ], [ 11.939526125777814, 44.237380055696171 ], [ 11.939605084324231, 44.237364574443752 ], [ 11.939664655338769, 44.237350188280601 ], [ 11.939781137337913, 44.237319699261008 ], [ 11.939783031927751, 44.237319191112491 ], [ 11.940430349184163, 44.237298931718577 ], [ 11.9411233, 44.237181 ] ], [ [ 12.02977081418395, 44.223947549958829 ], [ 12.029922031047446, 44.223786456391288 ], [ 12.030737733396579, 44.223225020184834 ], [ 12.031080568677037, 44.22273988771439 ], [ 12.031077629303924, 44.222723417023062 ], [ 12.03112376550194, 44.222636341702881 ], [ 12.031159161136637, 44.222524176899825 ], [ 12.031182174340254, 44.222382452157788 ], [ 12.031181021592417, 44.222213198121885 ], [ 12.03112823153767, 44.221943592874894 ], [ 12.030885114482285, 44.221425055389155 ], [ 12.030781922590407, 44.221194460969386 ], [ 12.030725017010523, 44.220989944919289 ], [ 12.030556240543511, 44.220519186907104 ], [ 12.030300635869704, 44.219827003586261 ], [ 12.030187526887508, 44.219580139241771 ], [ 12.029972629787363, 44.219149754003411 ], [ 12.029607503903241, 44.218449473518227 ], [ 12.029389116909639, 44.21794138155169 ], [ 12.028980991351037, 44.216995830318076 ], [ 12.028966893544052, 44.216971995308299 ], [ 12.028939891923915, 44.216825658749855 ], [ 12.028822412023786, 44.216727730579585 ], [ 12.028723202486423, 44.216560000632541 ], [ 12.028854253552288, 44.216589921580194 ], [ 12.030069177098873, 44.217350462041559 ], [ 12.030767316119579, 44.218071827266471 ], [ 12.031517214749718, 44.218368683409821 ], [ 12.032615372369508, 44.218286597700384 ], [ 12.033311086008373, 44.217528743675992 ], [ 12.033577710912503, 44.21699274006329 ], [ 12.033479870190918, 44.216519882814694 ], [ 12.033509912832381, 44.215673384115945 ], [ 12.033480086149194, 44.215092931957962 ], [ 12.031741320775129, 44.212708410349762 ], [ 12.030627316236092, 44.21104717919895 ], [ 12.029257523122229, 44.210132084977275 ], [ 12.027828622551649, 44.209482693900306 ], [ 12.027649866901038, 44.209272859378792 ], [ 12.027585607932476, 44.209126571204465 ], [ 12.027565572815302, 44.208970429758139 ], [ 12.027506646098267, 44.208834904599776 ], [ 12.02735737729892, 44.208627000756756 ], [ 12.027157691605655, 44.208449514674598 ], [ 12.026850363976491, 44.208200108299089 ], [ 12.026628991075736, 44.207980487757624 ], [ 12.026385427239454, 44.207628693240018 ], [ 12.026176634728241, 44.207221901270429 ], [ 12.025908772804721, 44.206762597527892 ], [ 12.025701372467314, 44.206382804104408 ], [ 12.025533433509137, 44.205944156266881 ], [ 12.025544680773171, 44.205775955352195 ], [ 12.025642981033931, 44.205659029789409 ], [ 12.02580028574998, 44.205562273467947 ], [ 12.026099239265889, 44.205344796197501 ], [ 12.026236240552416, 44.205084297999676 ], [ 12.026309742540791, 44.204733917371669 ], [ 12.026210296598103, 44.204418324529243 ], [ 12.025929569505328, 44.203916602996799 ], [ 12.025756570859174, 44.203689069986211 ], [ 12.025719917042769, 44.20362007369949 ], [ 12.025719066475512, 44.20356651551139 ], [ 12.025769166384219, 44.203471518561649 ], [ 12.025856668730915, 44.203403753913378 ], [ 12.026026177776131, 44.203382895411998 ], [ 12.026332380574081, 44.203366590654852 ], [ 12.026615243120416, 44.203338633457271 ], [ 12.026950071482382, 44.20321522101424 ], [ 12.027188297367543, 44.203089463952907 ], [ 12.027176429891659, 44.203124829833506 ], [ 12.027106813773459, 44.20332372861418 ], [ 12.027101056947938, 44.203340925430069 ], [ 12.027091548480078, 44.2033733329801 ], [ 12.027053092187602, 44.20351749982499 ], [ 12.027046862493838, 44.203542809093172 ], [ 12.027037982722106, 44.203590021429406 ], [ 12.027020188853017, 44.203708162771683 ], [ 12.02701861229777, 44.203719276650638 ], [ 12.027015213972454, 44.203750541638563 ], [ 12.027001377821772, 44.203914671696872 ], [ 12.026999650338533, 44.203942094178885 ], [ 12.026999088794923, 44.203968480732222 ], [ 12.02699898436526, 44.204093566452883 ], [ 12.026991574524141, 44.204388848675997 ], [ 12.026992156985383, 44.204436926045268 ], [ 12.026993322304717, 44.204455238764417 ], [ 12.027013908791536, 44.204719733897647 ], [ 12.027018319495983, 44.204760073440255 ], [ 12.027029219362902, 44.20481833018281 ], [ 12.027045398024084, 44.204875942391155 ], [ 12.027049763315329, 44.204888803921193 ], [ 12.027102325581627, 44.205038847188412 ], [ 12.027119346652634, 44.205082706614434 ], [ 12.027145852138032, 44.205138293568929 ], [ 12.027177362112665, 44.205192507886814 ], [ 12.027187445335441, 44.205207983906362 ], [ 12.028361717232588, 44.206966434459446 ], [ 12.028363606963612, 44.206969251009077 ], [ 12.028468909539848, 44.20712555351728 ], [ 12.028469717664434, 44.207126751106394 ], [ 12.028539043310914, 44.207229262672946 ], [ 12.028555490019011, 44.207252704573158 ], [ 12.028857010201161, 44.207666189839735 ], [ 12.028963547323013, 44.207831859112922 ], [ 12.02896560365906, 44.207835039568039 ], [ 12.029116097906577, 44.208066689165065 ], [ 12.029126077877454, 44.20808168975843 ], [ 12.029195805329545, 44.208184053149246 ], [ 12.02921868524796, 44.208216017087913 ], [ 12.029223541280768, 44.208222417564137 ], [ 12.029312772368669, 44.208338928315456 ], [ 12.029348193049, 44.208382273724254 ], [ 12.029400209384963, 44.208442049994517 ], [ 12.029487730974399, 44.208548141650354 ], [ 12.029607274150759, 44.208704891233658 ], [ 12.029619621244874, 44.208723514504833 ], [ 12.029630556564369, 44.208739594266667 ], [ 12.029916216590644, 44.209149281062956 ], [ 12.029933946846098, 44.209173768454207 ], [ 12.029947427369255, 44.209191241789462 ], [ 12.030071178499508, 44.209347565578021 ], [ 12.030071709395468, 44.209348235407738 ], [ 12.030318547031209, 44.209659238271584 ], [ 12.030409433338829, 44.209780548462682 ], [ 12.030410301292937, 44.20978170516868 ], [ 12.030411263470773, 44.209782982722515 ], [ 12.03070235978873, 44.210168719404287 ], [ 12.030839527339149, 44.210360045630281 ], [ 12.030867930778632, 44.210403387234301 ], [ 12.030889102863291, 44.21043416271857 ], [ 12.031051796362396, 44.210659763994244 ], [ 12.03114796905342, 44.21079406653368 ], [ 12.031159659424686, 44.210809999612593 ], [ 12.03119457329255, 44.210853514871424 ], [ 12.031219493955138, 44.210882669630848 ], [ 12.031417876091767, 44.211160213637108 ], [ 12.031429963663534, 44.211176704552095 ], [ 12.031434828077549, 44.211183115580042 ], [ 12.031532752281192, 44.211310947426099 ], [ 12.031644383575401, 44.21147255792922 ], [ 12.031758078818179, 44.211641435318825 ], [ 12.031777649642294, 44.211669269386263 ], [ 12.031884625582888, 44.211815101919427 ], [ 12.031890652376154, 44.211823216868368 ], [ 12.031906390770724, 44.211843522653957 ], [ 12.032056037689411, 44.212030891071997 ], [ 12.032064228721298, 44.212040995241637 ], [ 12.032248600084412, 44.212265070736777 ], [ 12.032319394846093, 44.212363139240558 ], [ 12.032329252591495, 44.212376518919378 ], [ 12.032331467886339, 44.212379452603805 ], [ 12.032390610238284, 44.21245743474725 ], [ 12.032498784418991, 44.212605051037379 ], [ 12.032523708713942, 44.212641780802727 ], [ 12.032535026858911, 44.212658043084673 ], [ 12.032626298522976, 44.212785944731088 ], [ 12.032638868981508, 44.212803103546797 ], [ 12.032680200873504, 44.212854035358951 ], [ 12.032722266574403, 44.212899118520724 ], [ 12.032735211654076, 44.21291212998365 ], [ 12.03278965971027, 44.212981613606217 ], [ 12.032796279491015, 44.212989957746821 ], [ 12.032862328164835, 44.213072188653058 ], [ 12.032864565330311, 44.21307496311708 ], [ 12.032919213549148, 44.213142445369328 ], [ 12.032955808097697, 44.213192709452137 ], [ 12.032986888520496, 44.213240251598087 ], [ 12.033037322510022, 44.213323036704693 ], [ 12.033096195252995, 44.213419853506821 ], [ 12.033105471176846, 44.213434739390287 ], [ 12.033141448760036, 44.213486645698055 ], [ 12.033457293433408, 44.213907869452605 ], [ 12.033628514036085, 44.214144737579346 ], [ 12.033662393902707, 44.21419256921159 ], [ 12.033673213137821, 44.214207500544781 ], [ 12.033897344491734, 44.21450987047406 ], [ 12.033900126706571, 44.21451360133117 ], [ 12.034158078255357, 44.214857684049989 ], [ 12.034193733714167, 44.214907681914184 ], [ 12.034246201791232, 44.214981547455565 ], [ 12.034266714489444, 44.21501134908398 ], [ 12.03426694251797, 44.215012385696305 ], [ 12.034279773822137, 44.215078272697333 ], [ 12.034294678410355, 44.215157376177032 ], [ 12.034337161501501, 44.215419524276044 ], [ 12.034346530174847, 44.215466638600319 ], [ 12.034362900877207, 44.215524361982048 ], [ 12.034371619303807, 44.215547321237153 ], [ 12.034382249050946, 44.215584806467412 ], [ 12.03438756292247, 44.215600240899988 ], [ 12.034455948319117, 44.215791609029992 ], [ 12.034491855140995, 44.216011293501246 ], [ 12.034586132693907, 44.216690659953706 ], [ 12.034586591819208, 44.216693905914816 ], [ 12.034597680544632, 44.216752265150426 ], [ 12.034614052826292, 44.216809979394498 ], [ 12.034635633561294, 44.216866798417975 ], [ 12.034662335483583, 44.216922481251238 ], [ 12.03469404139852, 44.216976788413575 ], [ 12.034730616858186, 44.21702948707749 ], [ 12.034771903919657, 44.217080351191107 ], [ 12.034817727482626, 44.217129164060466 ], [ 12.034867890167602, 44.217175714841545 ], [ 12.034922177533774, 44.217219804753007 ], [ 12.034980356766372, 44.217261245297806 ], [ 12.035001629749658, 44.217275113321669 ], [ 12.035448295050648, 44.217559614781095 ], [ 12.03430174540418, 44.218869585882878 ], [ 12.032448294215266, 44.220168993405302 ], [ 12.032066030855544, 44.220804242988081 ], [ 12.031718056384273, 44.222350064126417 ], [ 12.031209468110275, 44.223042994319542 ], [ 12.029782459138836, 44.225039493503097 ], [ 12.028622028346387, 44.22619695831122 ], [ 12.028338072306431, 44.226527298903505 ], [ 12.027770173022137, 44.22678380059444 ], [ 12.027561433915844, 44.226420873638759 ], [ 12.027446377654561, 44.226199589836909 ], [ 12.027802269343029, 44.225418119392721 ], [ 12.02787357458482, 44.225350571277865 ], [ 12.028083104894204, 44.225191789057497 ], [ 12.028257338596456, 44.225121593041436 ], [ 12.028384647633031, 44.225057383914802 ], [ 12.028639608231169, 44.224902613968865 ], [ 12.02933018329731, 44.224399404207766 ], [ 12.02977081418395, 44.223947549958829 ] ] ] ] } }
]
}
